timestamp,anomaly,flask_active_requests,flask_active_users,rate(request_processing_seconds_sum[30s]) / rate(request_processing_seconds_count[30s]),process_virtual_memory_bytes,process_resident_memory_bytes,process_cpu_seconds_total,system_cpu_usage_percent,system_memory_usage_percent,system_disk_usage_percent,rate(network_packet_recieved[30s])/rate(network_packet_sent[30s])
2025-10-03 13:51:18,0,1.0,0.0,1.1760620973333287,194617344.0,37535744.0,6.880000000000001,0.02,0.38,21.0,0.013626331244982613
2025-10-03 13:51:23,0,1.0,0.0,1.1760620973333291,194617344.0,37535744.0,6.880000000000001,0.02,0.38,21.0,0.013626331244982614
2025-10-03 13:51:28,0,1.0,0.0,1.1768388054999832,194617344.0,37535744.0,6.95,0.01,0.38,21.0,0.013902600056591314
2025-10-03 13:51:33,0,1.0,0.0,1.1768388054999832,194617344.0,37535744.0,6.95,0.01,0.38,21.0,0.013902600056591316
2025-10-03 13:51:38,0,1.0,0.0,1.1782924021666759,194617344.0,37535744.0,7.01,0.02,0.38,21.0,0.013489830742978371
2025-10-03 13:51:43,0,1.0,0.0,1.1782924021666759,194617344.0,37535744.0,7.01,0.02,0.38,21.0,0.013489830742978371
2025-10-03 13:51:48,0,1.0,0.0,1.1767038168333481,194617344.0,37535744.0,7.05,0.01,0.38,21.0,0.015078852716037995
2025-10-03 13:51:53,0,1.0,0.0,1.1767038168333481,194617344.0,37535744.0,7.05,0.01,0.38,21.0,0.015078852716037996
2025-10-03 13:51:58,0,1.0,0.0,1.1729602033333324,194617344.0,37535744.0,7.109999999999999,0.02,0.38,21.0,0.014068265682656825
2025-10-03 13:52:03,0,1.0,0.0,1.1729602033333324,194617344.0,37535744.0,7.109999999999999,0.02,0.38,21.0,0.014068265682656827
2025-10-03 13:52:09,0,1.0,0.0,1.176429181333371,194617344.0,37535744.0,7.18,0.02,0.38,21.0,0.012661094024190049
2025-10-03 13:52:14,0,1.0,0.0,1.176429181333371,194617344.0,37535744.0,7.18,0.02,0.38,21.0,0.012661094024190049
2025-10-03 13:52:19,0,1.0,0.0,1.1770899439999691,194617344.0,37539840.0,7.24,0.27,0.38,21.0,0.013766545219757413
2025-10-03 13:52:24,0,1.0,0.0,1.177089943999969,194617344.0,37539840.0,7.24,0.27,0.38,21.0,0.013766545219757413
2025-10-03 13:52:29,0,1.0,0.0,1.1749906833332868,194617344.0,37543936.0,7.289999999999999,0.55,0.38,21.0,0.013766574078926681
2025-10-03 13:52:34,0,1.0,0.0,1.1752304018333082,194617344.0,37543936.0,7.3500000000000005,0.47,0.38,21.0,0.0137663720672827
2025-10-03 13:52:39,0,1.0,0.0,1.1754701203333295,194617344.0,37543936.0,7.3500000000000005,0.47,0.38,21.0,0.013766170061567292
2025-10-03 13:52:44,0,1.0,0.0,1.1754646981666685,194617344.0,37543936.0,7.43,0.5,0.38,21.0,0.013489448986928753
2025-10-03 13:52:49,0,1.0,0.0,1.1754592760000075,194617344.0,37543936.0,7.43,0.5,0.38,21.0,0.013212728492369614
2025-10-03 13:52:54,0,1.0,0.0,1.1760206752499962,194617344.0,37543936.0,7.5,0.53,0.38,21.0,0.013213850328983572
2025-10-03 13:52:59,0,1.0,0.0,1.1765820744999853,194617344.0,37543936.0,7.5,0.53,0.38,21.0,0.013214972356114466
2025-10-03 13:53:04,0,1.0,0.0,1.175658662499965,194617344.0,37543936.0,7.56,0.48,0.38,21.0,0.013352425197906883
2025-10-03 13:53:09,0,1.0,0.0,1.1747352504999449,194617344.0,37543936.0,7.56,0.48,0.38,21.0,0.013489859022063832
2025-10-03 13:53:15,0,1.0,0.0,1.1752344479999501,194617344.0,37543936.0,7.640000000000001,0.49,0.38,21.0,0.01348984488250628
2025-10-03 13:53:20,0,1.0,0.0,1.1757336454999556,194617344.0,37543936.0,7.640000000000001,0.49,0.38,21.0,0.013489830742978371
2025-10-03 13:53:25,0,1.0,0.0,1.1755740694166736,194617344.0,37543936.0,7.710000000000001,0.6,0.38,21.0,0.013696289906899186
2025-10-03 13:53:30,0,1.0,0.0,1.1754144933333919,194617344.0,37543936.0,7.710000000000001,0.6,0.38,21.0,0.013902716615559389
2025-10-03 13:53:35,0,1.0,0.0,1.1761953167500299,194617344.0,37543936.0,7.79,0.58,0.38,21.0,0.01369611765162099
2025-10-03 13:53:40,0,1.0,0.0,1.176976140166668,194617344.0,37543936.0,7.79,0.58,0.38,21.0,0.013489491403200583
2025-10-03 13:53:45,0,1.0,0.0,1.1764413051666527,194617344.0,37543936.0,7.85,0.47,0.38,21.0,0.014146849687232722
2025-10-03 13:53:50,0,1.0,0.0,1.1759064701666375,194617344.0,37543936.0,7.85,0.47,0.38,21.0,0.014804224507678827
2025-10-03 13:53:55,0,1.0,0.0,1.1758678527500213,194617344.0,37543936.0,7.92,0.26,0.38,21.0,0.014382863827128918
2025-10-03 13:54:00,0,1.0,0.0,1.175829235333405,194617344.0,37543936.0,7.92,0.26,0.38,21.0,0.013961503146579013
2025-10-03 13:54:05,0,1.0,0.0,1.1762295937500273,194617344.0,37543936.0,7.99,0.31,0.38,21.0,0.013864024183168212
2025-10-03 13:54:10,0,1.0,0.0,1.17662995216665,194617344.0,37543936.0,7.99,0.31,0.38,21.0,0.013766545219757413
2025-10-03 13:54:15,0,1.0,0.0,1.1767768286666371,194617344.0,37543936.0,8.06,0.54,0.38,21.0,0.01348983074297837
2025-10-03 13:54:20,0,1.0,0.0,1.1769237051666248,194617344.0,37543936.0,8.06,0.54,0.38,21.0,0.013213116266199327
2025-10-03 13:54:25,0,1.0,0.0,1.177664682666659,194617344.0,37543936.0,8.13,0.24,0.38,21.0,0.013214044245978713
2025-10-03 13:54:31,0,1.0,0.0,1.1784056601666937,194617344.0,37543936.0,8.13,0.24,0.38,21.0,0.013214972356114468
2025-10-03 13:54:36,0,1.0,0.0,1.1773863618333278,194617344.0,37543936.0,8.2,0.54,0.38,21.0,0.013421594679161623
2025-10-03 13:54:41,0,1.0,0.0,1.1763670634999621,194617344.0,37543936.0,8.2,0.54,0.38,21.0,0.013628187981367893
2025-10-03 13:54:46,0,1.0,0.0,1.1761266627499556,194617344.0,37543936.0,8.27,0.5,0.38,21.0,0.0130064938127958
2025-10-03 13:54:51,0,1.0,0.0,1.175886261999949,194617344.0,37543936.0,8.27,0.5,0.38,21.0,0.012384712312798373
2025-10-03 13:54:56,0,1.0,0.0,1.2836882541817805,194617344.0,37543936.0,8.34,0.02,0.38,21.0,0.013178837535079186
2025-10-03 13:55:01,0,1.0,0.0,1.4130506447999778,194617344.0,37543936.0,8.34,0.02,0.38,21.0,0.014169008561531925
2025-10-03 13:55:06,0,1.0,0.0,1.283150280818187,194617344.0,37543936.0,8.41,0.02,0.38,21.0,0.013792084472009223
2025-10-03 13:55:11,0,1.0,0.0,1.174899977500028,194617344.0,37543936.0,8.41,0.02,0.38,21.0,0.01348983074297837
2025-10-03 13:55:16,0,1.0,0.0,1.1751895642500092,194617344.0,37548032.0,8.49,0.02,0.38,21.0,0.013628187981367891
2025-10-03 13:55:21,0,1.0,0.0,1.1754791509999905,194617344.0,37548032.0,8.49,0.02,0.38,21.0,0.013766545219757415
2025-10-03 13:55:26,0,1.0,0.0,1.17589166133331,194617344.0,37548032.0,8.57,0.02,0.38,21.0,0.013559947420612043
2025-10-03 13:55:31,0,1.0,0.0,1.1763041716666294,194617344.0,37548032.0,8.57,0.02,0.38,21.0,0.013353321033210332
2025-10-03 13:55:36,0,1.0,0.0,1.176516857166651,194617344.0,37548032.0,8.64,0.02,0.38,21.0,0.013559933206636987
2025-10-03 13:55:42,0,1.0,0.0,1.1767295426666728,194617344.0,37548032.0,8.64,0.02,0.38,21.0,0.01376651636070914
2025-10-03 13:55:47,0,1.0,0.0,1.176469599166656,194617344.0,37548032.0,8.71,0.02,0.38,21.0,0.013940426923609103
2025-10-03 13:55:52,0,1.0,0.0,1.1762096556666393,194617344.0,37548032.0,8.71,0.02,0.38,21.0,0.014114361551573399
2025-10-03 13:55:57,0,1.0,0.0,1.177428543499957,194617344.0,37548032.0,8.78,0.02,0.38,21.0,0.013957115990615583
2025-10-03 13:56:02,0,1.0,0.0,1.1786474313332747,194617344.0,37548032.0,8.78,0.02,0.38,21.0,0.01379987042965777
2025-10-03 13:56:07,0,1.0,0.0,1.177348616833266,194617344.0,37548032.0,8.85,0.02,0.38,21.0,0.013713074640507394
2025-10-03 13:56:12,0,1.0,0.0,1.176049802333258,194617344.0,37548032.0,8.85,0.02,0.38,21.0,0.013626302683759108
2025-10-03 13:56:17,0,1.0,0.0,1.1758104370000333,194617344.0,37548032.0,8.92,0.02,0.38,21.0,0.01348980246401147
2025-10-03 13:56:22,0,1.0,0.0,1.1758104370000335,194617344.0,37548032.0,8.92,0.02,0.38,21.0,0.013489802464011472
2025-10-03 13:56:27,0,1.0,0.0,1.174758038166639,194617344.0,37548032.0,9.01,0.02,0.38,21.0,0.013630045223823332
2025-10-03 13:56:32,0,1.0,0.0,1.1747580381666392,194617344.0,37548032.0,9.01,0.02,0.38,21.0,0.013630045223823332
2025-10-03 13:56:37,0,1.0,0.0,1.1775484369999654,194617344.0,37548032.0,9.08,0.01,0.38,21.0,0.01348983074297837
2025-10-03 13:56:42,0,1.0,0.0,1.1775484369999656,194617344.0,37548032.0,9.08,0.01,0.38,21.0,0.01348983074297837
2025-10-03 13:56:47,0,1.0,0.0,1.1766752578333428,194617344.0,37548032.0,9.15,0.01,0.38,21.0,0.013214916942894702
2025-10-03 13:56:52,0,1.0,0.0,1.1766752578333428,194617344.0,37548032.0,9.15,0.01,0.38,21.0,0.013214916942894703
2025-10-03 13:56:58,0,1.0,0.0,1.1760054503333397,194617344.0,37552128.0,9.22,0.03,0.38,21.0,0.013766516360709143
2025-10-03 13:57:03,0,1.0,0.0,1.17600545033334,194617344.0,37552128.0,9.22,0.03,0.38,21.0,0.01376651636070914
2025-10-03 13:57:08,0,1.0,0.0,1.1764975306667034,194617344.0,37552128.0,9.280000000000001,0.02,0.38,21.0,0.013074731618964964
2025-10-03 13:57:13,0,1.0,0.0,1.1764975306667036,194617344.0,37552128.0,9.280000000000001,0.02,0.38,21.0,0.013074731618964965
2025-10-03 13:57:18,0,1.0,0.0,1.1766383486666805,194617344.0,37552128.0,9.36,0.02,0.38,21.0,0.01362590283920135
2025-10-03 13:57:23,0,1.0,0.0,1.1766383486666807,194617344.0,37552128.0,9.36,0.02,0.38,21.0,0.013625902839201351
2025-10-03 13:57:28,0,1.0,0.0,1.1790877691666235,194617344.0,37552128.0,9.41,0.02,0.38,21.0,0.012938164755608949
2025-10-03 13:57:33,0,1.0,0.0,1.1790877691666233,194617344.0,37552128.0,9.41,0.02,0.38,21.0,0.012938164755608949
2025-10-03 13:57:38,0,1.0,0.0,1.1758974891666867,194617344.0,37552128.0,9.48,0.46,0.38,21.0,0.013489802464011472
2025-10-03 13:57:43,0,1.0,0.0,1.1758974891666867,194617344.0,37552128.0,9.48,0.46,0.38,21.0,0.013489802464011472
2025-10-03 13:57:48,0,1.0,0.0,1.1758227266667138,194617344.0,37552128.0,9.55,0.32,0.38,21.0,0.015726573128984313
2025-10-03 13:57:53,0,1.0,0.0,1.1758227266667138,194617344.0,37552128.0,9.55,0.32,0.38,21.0,0.015726573128984313
2025-10-03 13:57:58,0,1.0,0.0,1.175158807999916,194617344.0,37552128.0,9.62,0.61,0.38,21.0,0.015127026352806026
2025-10-03 13:58:03,0,1.0,0.0,1.175158807999916,194617344.0,37552128.0,9.62,0.61,0.38,21.0,0.015127026352806024
2025-10-03 13:58:08,0,1.0,0.0,1.1778291953333262,194617344.0,37552128.0,9.709999999999999,0.54,0.38,21.0,0.014089349240189758
2025-10-03 13:58:14,0,1.0,0.0,1.1778291953333262,194617344.0,37552128.0,9.709999999999999,0.54,0.38,21.0,0.01408934924018976
2025-10-03 13:58:19,0,1.0,0.0,1.176987778500082,194617344.0,37560320.0,9.78,0.27,0.38,21.0,0.014365671641791044
2025-10-03 13:58:24,0,1.0,0.0,1.176987778500082,194617344.0,37560320.0,9.78,0.27,0.38,21.0,0.014365671641791044
2025-10-03 13:58:29,0,1.0,0.0,1.1760776966666526,194617344.0,37580800.0,9.87,0.56,0.38,21.0,0.013489859022063833
2025-10-03 13:58:34,0,1.0,0.0,1.1760776966666526,194617344.0,37580800.0,9.87,0.56,0.38,21.0,0.013489859022063832
2025-10-03 13:58:39,0,1.0,0.0,1.1776105438334146,194617344.0,37580800.0,9.95,0.59,0.38,21.0,0.013489859022063832
2025-10-03 13:58:44,0,1.0,0.0,1.1776105438334146,194617344.0,37580800.0,10.02,0.25,0.38,21.0,0.013559037786279546
2025-10-03 13:58:49,0,1.0,0.0,1.1748726614999896,194617344.0,37580800.0,10.02,0.25,0.38,21.0,0.013628216550495257
2025-10-03 13:58:54,0,1.0,0.0,1.1757315710000094,194617344.0,37580800.0,10.1,0.54,0.38,21.0,0.013444655838404167
2025-10-03 13:58:59,0,1.0,0.0,1.1765904805000296,194617344.0,37580800.0,10.1,0.54,0.38,21.0,0.013261070110701108
2025-10-03 13:59:04,0,1.0,0.0,1.1768597926667137,194617344.0,37580800.0,10.170000000000002,0.6,0.38,21.0,0.013445586050807248
2025-10-03 13:59:09,0,1.0,0.0,1.1771291048333978,194617344.0,37580800.0,10.170000000000002,0.6,0.38,21.0,0.013630102377772513
2025-10-03 13:59:14,0,1.0,0.0,1.1774339995000294,194617344.0,37580800.0,10.239999999999998,0.26,0.38,21.0,0.013698170642224916
2025-10-03 13:59:19,0,1.0,0.0,1.1777388941666609,194617344.0,37580800.0,10.239999999999998,0.26,0.38,21.0,0.01376622777688104
2025-10-03 13:59:25,0,1.0,0.0,1.1768771007500238,194617344.0,37580800.0,10.34,0.68,0.38,21.0,0.013766198919163673
2025-10-03 13:59:30,0,1.0,0.0,1.1760153073333868,194617344.0,37580800.0,10.34,0.68,0.38,21.0,0.013766170061567294
2025-10-03 13:59:35,0,1.0,0.0,1.176799422666704,194617344.0,37580800.0,10.41,0.65,0.38,21.0,0.013422326305935532
2025-10-03 13:59:40,0,1.0,0.0,1.1775835380000215,194617344.0,37580800.0,10.41,0.65,0.38,21.0,0.013078378004336394
2025-10-03 13:59:45,0,1.0,0.0,1.1770244379166948,194617344.0,37580800.0,10.46,0.33,0.38,21.0,0.013803058750271248
2025-10-03 13:59:50,0,1.0,0.0,1.1764653378333683,194617344.0,37580800.0,10.46,0.33,0.38,21.0,0.014527540485299513
2025-10-03 13:59:55,0,1.0,0.0,1.2824413115455089,194617344.0,37584896.0,10.51,0.01,0.38,21.0,0.014458658382636115
2025-10-03 14:00:00,0,1.0,0.0,1.409612480000078,194617344.0,37584896.0,10.51,0.01,0.38,21.0,0.014372744862207812
2025-10-03 14:00:05,0,1.0,0.0,1.2820643545455201,194617344.0,37588992.0,10.6,0.02,0.38,21.0,0.013882683644216092
2025-10-03 14:00:10,0,1.0,0.0,1.1757742500000556,194617344.0,37588992.0,10.6,0.02,0.38,21.0,0.013489774185163136
2025-10-03 14:00:15,0,1.0,0.0,1.1764450271666835,194617344.0,37588992.0,10.69,0.03,0.38,21.0,0.013489788324572483
2025-10-03 14:00:33,1,1.0,0.0,1.1811847808333673,194617344.0,37588992.0,10.77,0.01,0.38,21.0,0.013489802464011472
2025-10-03 14:00:39,1,1.0,0.0,1.1861571965000242,194617344.0,37588992.0,10.8,98.27,0.55,21.0,0.017244270776558192
2025-10-03 14:00:44,1,1.0,0.0,1.1861571965000242,194617344.0,37588992.0,10.8,98.27,0.55,21.0,0.017244270776558192
2025-10-03 14:00:49,1,1.0,0.0,1.1807880466666727,194617344.0,37588992.0,10.84,95.82,0.55,21.0,0.015236002918067704
2025-10-03 14:00:54,1,1.0,0.0,1.1807880466666727,194617344.0,37588992.0,10.84,95.82,0.55,21.0,0.015236002918067702
2025-10-03 14:00:59,1,1.0,0.0,1.173365358666653,194617344.0,37588992.0,10.889999999999999,91.28,0.55,21.0,0.013766429784290296
2025-10-03 14:01:04,1,1.0,0.0,1.1769676365832993,194617344.0,37588992.0,10.92,98.23,0.55,21.0,0.013696117651620992
2025-10-03 14:01:09,1,1.0,0.0,1.1805699144999457,194617344.0,37588992.0,10.92,98.23,0.55,21.0,0.013625817161277611
2025-10-03 14:01:14,1,1.0,0.0,1.1785996391666345,194617344.0,37588992.0,10.959999999999999,95.44,0.55,21.0,0.013627888012762128
2025-10-03 14:01:20,1,1.0,0.0,1.1766293638333234,194617344.0,37588992.0,10.959999999999999,95.44,0.55,21.0,0.013629959493798275
2025-10-03 14:01:25,1,1.0,0.0,1.1777559090833354,194617344.0,37588992.0,11.0,80.93,0.55,21.0,0.01369802705643361
2025-10-03 14:01:30,1,1.0,0.0,1.1788824543333476,194617344.0,37588992.0,11.0,80.93,0.55,21.0,0.01376608348950407
2025-10-03 14:01:35,0,1.0,0.0,1.18056833866666,194617344.0,37593088.0,11.079999999999998,0.28,0.38,21.0,0.014285100375129315
2025-10-03 14:01:40,0,1.0,0.0,1.1822542229999726,194617344.0,37593088.0,11.079999999999998,0.28,0.38,21.0,0.01480413140500892
2025-10-03 14:01:45,0,1.0,0.0,1.1809137456666954,194617344.0,37593088.0,11.15,0.58,0.38,21.0,0.015019862274256605
2025-10-03 14:01:50,0,1.0,0.0,1.1795732683334184,194617344.0,37593088.0,11.15,0.58,0.38,21.0,0.015235587716779058
2025-10-03 14:01:55,0,1.0,0.0,1.1781269630833624,194617344.0,37593088.0,11.22,0.51,0.38,21.0,0.01429448933128163
2025-10-03 14:02:00,0,1.0,0.0,1.1766806578333067,194617344.0,37593088.0,11.22,0.51,0.38,21.0,0.013353237043544257
2025-10-03 14:02:05,0,1.0,0.0,1.1764170224166528,194617344.0,37593088.0,11.290000000000001,0.51,0.38,21.0,0.0133523132269453
2025-10-03 14:02:10,0,1.0,0.0,1.1761533869999994,194617344.0,37593088.0,11.290000000000001,0.51,0.38,21.0,0.013351389538162249
2025-10-03 14:02:16,0,1.0,0.0,1.176517302166682,194617344.0,37593088.0,11.35,0.26,0.38,21.0,0.013558753550578052
2025-10-03 14:02:21,0,1.0,0.0,1.1768812173333647,194617344.0,37593088.0,11.35,0.26,0.38,21.0,0.013766112346737493
2025-10-03 14:02:26,0,1.0,0.0,1.175931283000011,194617344.0,37593088.0,11.43,0.49,0.38,21.0,0.013627930864611611
2025-10-03 14:02:31,0,1.0,0.0,1.1749813486666576,194617344.0,37593088.0,11.43,0.49,0.38,21.0,0.013489745906433363
2025-10-03 14:02:36,0,1.0,0.0,1.1752238076666683,194617344.0,37593088.0,11.5,0.52,0.38,21.0,0.013559876351034759
2025-10-03 14:02:41,0,1.0,0.0,1.1754662666666795,194617344.0,37593088.0,11.5,0.52,0.38,21.0,0.013630016647028485
2025-10-03 14:02:46,0,1.0,0.0,1.1762940751666708,194617344.0,37593088.0,11.56,0.47,0.38,21.0,0.013698256795144605
2025-10-03 14:02:51,0,1.0,0.0,1.1771218836666626,194617344.0,37593088.0,11.56,0.47,0.38,21.0,0.013766487501781867
2025-10-03 14:02:56,0,1.0,0.0,1.1766935674166348,194617344.0,37593088.0,11.64,0.48,0.38,21.0,0.013283158104382646
2025-10-03 14:03:01,0,1.0,0.0,1.176265251166607,194617344.0,37593088.0,11.64,0.48,0.38,21.0,0.012799761825889695
2025-10-03 14:03:06,0,1.0,0.0,1.1765352916666338,194617344.0,37593088.0,11.709999999999999,0.58,0.38,21.0,0.013144778095390837
2025-10-03 14:03:11,0,1.0,0.0,1.1768053321666607,194617344.0,37593088.0,11.709999999999999,0.58,0.38,21.0,0.013489745906433362
2025-10-03 14:03:16,0,1.0,0.0,1.1765396862499906,194617344.0,37593088.0,11.78,0.57,0.38,21.0,0.01362791658063184
2025-10-03 14:03:22,0,1.0,0.0,1.1762740403333205,194617344.0,37593088.0,11.78,0.57,0.38,21.0,0.013766083489504068
2025-10-03 14:03:27,0,1.0,0.0,1.2837781288181676,194617344.0,37593088.0,11.87,0.01,0.38,21.0,0.013946415607140862
2025-10-03 14:03:32,0,1.0,0.0,1.4127830349999841,194617344.0,37593088.0,11.87,0.01,0.38,21.0,0.014171342512458752
2025-10-03 14:03:37,0,1.0,0.0,1.2846623955454313,194617344.0,37593088.0,11.96,0.02,0.38,21.0,0.014387101912830597
2025-10-03 14:03:42,0,1.0,0.0,1.1778951959999706,194617344.0,37593088.0,11.96,0.02,0.38,21.0,0.014387101912830595
2025-10-03 14:03:47,0,1.0,0.0,1.1804047185000095,194617344.0,37593088.0,12.05,0.02,0.38,21.0,0.01378940241031543
2025-10-03 14:03:52,0,1.0,0.0,1.1804047185000097,194617344.0,37593088.0,12.05,0.02,0.38,21.0,0.013789402410315428
2025-10-03 14:03:57,0,1.0,0.0,1.1787606508333586,194617344.0,37593088.0,12.120000000000001,0.02,0.38,21.0,0.013072785884661013
2025-10-03 14:04:02,0,1.0,0.0,1.1787606508333586,194617344.0,37593088.0,12.120000000000001,0.02,0.38,21.0,0.013072785884661013
2025-10-03 14:04:07,0,1.0,0.0,1.177715790833266,194617344.0,37593088.0,12.19,0.02,0.38,21.0,0.013491188272834385
2025-10-03 14:04:12,0,1.0,0.0,1.1777157908332658,194617344.0,37593088.0,12.19,0.02,0.38,21.0,0.013491188272834386
2025-10-03 14:04:17,0,1.0,0.0,1.1765462065000443,194617344.0,37593088.0,12.27,0.02,0.38,21.0,0.013629873764851655
2025-10-03 14:04:23,0,1.0,0.0,1.1765462065000445,194617344.0,37593088.0,12.27,0.02,0.38,21.0,0.013629873764851657
2025-10-03 14:04:28,0,1.0,0.0,1.1777531776666212,194617344.0,37593088.0,12.36,0.02,0.38,21.0,0.013675794347254461
2025-10-03 14:04:33,0,1.0,0.0,1.1777531776666212,194617344.0,37593088.0,12.36,0.02,0.38,21.0,0.013675794347254463
2025-10-03 14:04:38,0,1.0,0.0,1.1763007815000035,194617344.0,37597184.0,12.43,0.02,0.38,21.0,0.013489632792699876
2025-10-03 14:04:43,0,1.0,0.0,1.176300781500004,194617344.0,37597184.0,12.43,0.02,0.38,21.0,0.013489632792699876
2025-10-03 14:04:48,0,1.0,0.0,1.1781799433334377,194617344.0,37597184.0,12.52,0.02,0.38,21.0,0.013078213461941707
2025-10-03 14:04:53,0,1.0,0.0,1.1781799433334375,194617344.0,37597184.0,12.52,0.02,0.38,21.0,0.013078213461941707
2025-10-03 14:04:58,0,1.0,0.0,1.1775638483334205,194617344.0,37597184.0,12.58,0.02,0.38,21.0,0.013211094552702899
2025-10-03 14:05:03,0,1.0,0.0,1.1775638483334208,194617344.0,37597184.0,12.58,0.02,0.38,21.0,0.013211094552702899
2025-10-03 14:05:08,0,1.0,0.0,1.1768487966665666,194617344.0,37597184.0,12.649999999999999,0.02,0.38,21.0,0.01362990234104737
2025-10-03 14:05:13,0,1.0,0.0,1.1768487966665664,194617344.0,37597184.0,12.649999999999999,0.02,0.38,21.0,0.013629902341047368
2025-10-03 14:05:18,0,1.0,0.0,1.177122239833428,194617344.0,37597184.0,12.719999999999999,0.02,0.38,21.0,0.013350913748359698
2025-10-03 14:05:23,0,1.0,0.0,1.1771222398334278,194617344.0,37597184.0,12.719999999999999,0.02,0.38,21.0,0.013350913748359696
2025-10-03 14:05:28,0,1.0,0.0,1.1764081700001345,194617344.0,37597184.0,12.790000000000001,0.02,0.38,21.0,0.012660961302198424
2025-10-03 14:05:47,1,1.0,0.0,1.176445721166639,194617344.0,37597184.0,12.91,0.29,0.46,21.0,0.015771015793026248
2025-10-03 14:05:52,1,1.0,0.0,1.1762192778332974,194617344.0,37597184.0,12.91,0.29,0.46,21.0,0.016733797450846435
2025-10-03 14:05:57,1,1.0,0.0,1.1751517165832486,194617344.0,37597184.0,12.950000000000001,88.34,0.55,21.0,0.01583541565345721
2025-10-03 14:06:02,1,1.0,0.0,1.1740841553332,194617344.0,37597184.0,12.950000000000001,88.34,0.55,21.0,0.01583541565345721
2025-10-03 14:06:07,1,1.0,0.0,1.1774217166667615,194617344.0,37597184.0,12.98,93.22,0.55,21.0,0.013489208633093526
2025-10-03 14:06:12,1,1.0,0.0,1.1774217166667615,194617344.0,37597184.0,12.98,93.22,0.55,21.0,0.013489208633093525
2025-10-03 14:06:17,1,1.0,0.0,1.1744057326666277,194617344.0,37597184.0,13.03,87.59,0.55,21.0,0.013626074198281284
2025-10-03 14:06:22,1,1.0,0.0,1.174405732666628,194617344.0,37597184.0,13.03,87.59,0.55,21.0,0.013626074198281284
2025-10-03 14:06:27,1,1.0,0.0,1.1756714254999376,194617344.0,37597184.0,13.06,77.26,0.55,21.0,0.013349374660711254
2025-10-03 14:06:33,1,1.0,0.0,1.1756714254999376,194617344.0,37597184.0,13.06,77.26,0.55,21.0,0.013349374660711255
2025-10-03 14:06:38,1,1.0,0.0,1.1757784115000809,194617344.0,37597184.0,13.1,96.35,0.55,21.0,0.013489547958644632
2025-10-03 14:06:43,1,1.0,0.0,1.1757784115000809,194617344.0,37597184.0,13.1,96.35,0.55,21.0,0.01348954795864463
2025-10-03 14:06:48,0,1.0,0.0,1.176214209833309,194617344.0,37601280.0,13.16,90.45,0.38,21.0,0.014204438258069656
2025-10-03 14:06:53,0,1.0,0.0,1.1762142098333093,194617344.0,37601280.0,13.16,90.45,0.38,21.0,0.014204438258069654
2025-10-03 14:06:58,0,1.0,0.0,1.1761712646666638,194617344.0,37601280.0,13.23,0.57,0.38,21.0,0.0161120253230895
2025-10-03 14:07:03,0,1.0,0.0,1.1761712646666638,194617344.0,37601280.0,13.23,0.57,0.38,21.0,0.0161120253230895
2025-10-03 14:07:08,0,1.0,0.0,1.176545032500068,194617344.0,37609472.0,13.32,0.57,0.38,21.0,0.013627959432660984
2025-10-03 14:07:13,0,1.0,0.0,1.176545032500068,194617344.0,37609472.0,13.32,0.57,0.38,21.0,0.013627959432660984
2025-10-03 14:07:18,0,1.0,0.0,1.4147589025999876,194617344.0,37609472.0,13.379999999999999,0.02,0.38,21.0,0.013998593342693617
2025-10-03 14:07:23,0,1.0,0.0,1.4147589025999876,194617344.0,37609472.0,13.379999999999999,0.02,0.38,21.0,0.013998593342693617
2025-10-03 14:07:28,0,1.0,0.0,1.1765300569999604,194617344.0,37617664.0,13.469999999999999,0.02,0.38,21.0,0.013902366944518383
2025-10-03 14:07:33,0,1.0,0.0,1.1765300569999606,194617344.0,37617664.0,13.469999999999999,0.02,0.38,21.0,0.013902366944518385
2025-10-03 14:07:39,0,1.0,0.0,1.175713898166805,194617344.0,37617664.0,13.530000000000001,0.02,0.38,21.0,0.013765968061780206
2025-10-03 14:07:44,0,1.0,0.0,1.1757138981668047,194617344.0,37617664.0,13.530000000000001,0.02,0.38,21.0,0.013765968061780204
2025-10-03 14:07:49,0,1.0,0.0,1.1756956313333071,194617344.0,37625856.0,13.610000000000001,0.02,0.38,21.0,0.013765910348644163
2025-10-03 14:07:54,0,1.0,0.0,1.1756956313333071,194617344.0,37625856.0,13.610000000000001,0.02,0.38,21.0,0.013765910348644161
2025-10-03 14:07:59,0,1.0,0.0,1.1767266046667828,194617344.0,37625856.0,13.68,0.03,0.38,21.0,0.013625674367132384
2025-10-03 14:08:04,0,1.0,0.0,1.1767266046667828,194617344.0,37625856.0,13.68,0.03,0.38,21.0,0.013695974108865597
2025-10-03 14:08:09,0,1.0,0.0,1.1759955261666921,194617344.0,37625856.0,13.75,0.02,0.38,21.0,0.013766285492678734
2025-10-03 14:08:14,0,1.0,0.0,1.1765330556666338,194617344.0,37625856.0,13.82,0.02,0.38,21.0,0.013766285492678736
2025-10-03 14:08:19,0,1.0,0.0,1.177070585166575,194617344.0,37625856.0,13.82,0.02,0.38,21.0,0.013766285492678734
2025-10-03 14:08:24,0,1.0,0.0,1.1768007844999602,194617344.0,37625856.0,13.9,0.03,0.38,21.0,0.013421327373889416
2025-10-03 14:08:29,0,1.0,0.0,1.176530983833345,194617344.0,37625856.0,13.9,0.03,0.38,21.0,0.013076321521943775
2025-10-03 14:08:34,0,1.0,0.0,1.1768756455833984,194617344.0,37625856.0,13.969999999999999,0.02,0.38,21.0,0.013421341442322508
2025-10-03 14:08:39,0,1.0,0.0,1.177220307333452,194617344.0,37625856.0,13.969999999999999,0.02,0.38,21.0,0.013766314350759066
2025-10-03 14:08:45,0,1.0,0.0,1.176598147083458,194617344.0,37625856.0,14.04,0.03,0.38,21.0,0.013846818198016522
2025-10-03 14:08:50,0,1.0,0.0,1.1759759868334638,194617344.0,37625856.0,14.04,0.03,0.38,21.0,0.013927319682715366
2025-10-03 14:08:55,0,1.0,0.0,1.176515391916761,194617344.0,37625856.0,14.1,0.02,0.38,21.0,0.014433804363888659
2025-10-03 14:09:00,0,1.0,0.0,1.1770547970000584,194617344.0,37625856.0,14.1,0.02,0.38,21.0,0.014940232780899641
2025-10-03 14:09:05,0,1.0,0.0,1.1768047803333654,194617344.0,37625856.0,14.190000000000001,0.02,0.38,21.0,0.014353329825789667
2025-10-03 14:09:10,0,1.0,0.0,1.1765547636666727,194617344.0,37625856.0,14.190000000000001,0.02,0.38,21.0,0.013766343208960386
2025-10-03 14:09:15,0,1.0,0.0,1.176536737750022,194617344.0,37625856.0,14.270000000000001,0.03,0.38,21.0,0.013766126775399573
2025-10-03 14:09:20,0,1.0,0.0,1.1765187118333718,194617344.0,37625856.0,14.270000000000001,0.03,0.38,21.0,0.013765910348644161
2025-10-03 14:09:25,0,1.0,0.0,1.1769584225833871,194617344.0,37629952.0,14.350000000000001,0.02,0.38,21.0,0.013765924776882807
2025-10-03 14:09:30,0,1.0,0.0,1.1773981333334027,194617344.0,37629952.0,14.350000000000001,0.02,0.38,21.0,0.013765939205151696
2025-10-03 14:09:35,0,1.0,0.0,1.1776898098333959,194617344.0,37629952.0,14.43,0.58,0.38,21.0,0.013765924776882807
2025-10-03 14:09:40,0,1.0,0.0,1.1779814863333893,194617344.0,37629952.0,14.43,0.58,0.38,21.0,0.013765910348644161
2025-10-03 14:09:45,0,1.0,0.0,1.1774946011666996,194617344.0,37629952.0,14.51,0.7,0.38,21.0,0.013490325644092294
2025-10-03 14:09:50,0,1.0,0.0,1.1770077160000105,194617344.0,37629952.0,14.51,0.7,0.38,21.0,0.013214695294662755
2025-10-03 14:09:56,0,1.0,0.0,1.177040392833381,194617344.0,37629952.0,14.58,0.74,0.38,21.0,0.013490523614705614
2025-10-03 14:10:01,0,1.0,0.0,1.177073069666752,194617344.0,37629952.0,14.58,0.74,0.38,21.0,0.013766314350759068
2025-10-03 14:10:06,0,1.0,0.0,1.177230217333393,194617344.0,37629952.0,14.66,0.45,0.38,21.0,0.013557829866842744
2025-10-03 14:10:11,0,1.0,0.0,1.1773873650000344,194617344.0,37629952.0,14.66,0.45,0.38,21.0,0.013349374660711252
2025-10-03 14:10:16,0,1.0,0.0,1.1771133746666842,194617344.0,37629952.0,14.73,0.53,0.38,21.0,0.013489590375538875
2025-10-03 14:10:21,0,1.0,0.0,1.1768393843333342,194617344.0,37629952.0,14.73,0.53,0.38,21.0,0.013629845188775766
2025-10-03 14:10:26,0,1.0,0.0,1.1773501817500194,194617344.0,37629952.0,14.819999999999999,0.51,0.38,21.0,0.013698070131854933
2025-10-03 14:10:31,0,1.0,0.0,1.1778609791667047,194617344.0,37629952.0,14.819999999999999,0.51,0.38,21.0,0.013766285492678734
2025-10-03 14:10:36,0,1.0,0.0,1.1776082255000802,194617344.0,37629952.0,14.9,0.49,0.38,21.0,0.013766126775399573
2025-10-03 14:10:41,0,1.0,0.0,1.1773554718334558,194617344.0,37629952.0,14.9,0.49,0.38,21.0,0.013765968061780208
2025-10-03 14:10:46,0,1.0,0.0,1.1775739635000566,194617344.0,37629952.0,14.98,0.7,0.38,21.0,0.013639317457655545
2025-10-03 14:10:51,0,1.0,0.0,1.1777924551666579,194617344.0,37629952.0,14.98,0.7,0.38,21.0,0.01351266366757925
2025-10-03 14:10:56,0,1.0,0.0,1.177834745750033,194617344.0,37629952.0,15.05,0.74,0.38,21.0,0.014408826205260003
2025-10-03 14:11:01,0,1.0,0.0,1.1778770363334086,194617344.0,37629952.0,15.05,0.74,0.38,21.0,0.015304988742940754
2025-10-03 14:11:07,0,1.0,0.0,1.1767185183333593,194617344.0,37629952.0,15.12,0.74,0.38,21.0,0.014715946904788108
2025-10-03 14:11:12,0,1.0,0.0,1.1755600003333104,194617344.0,37629952.0,15.12,0.74,0.38,21.0,0.014126987786653139
2025-10-03 14:11:17,0,1.0,0.0,1.176240112333365,194617344.0,37629952.0,15.19,0.61,0.38,21.0,0.013946649115010857
2025-10-03 14:11:22,0,1.0,0.0,1.1769202243334196,194617344.0,37629952.0,15.19,0.61,0.38,21.0,0.013766285492678734
2025-10-03 14:11:27,0,1.0,0.0,1.1763450821666006,194617344.0,37629952.0,15.25,0.27,0.38,21.0,0.013559691573620237
2025-10-03 14:11:32,0,1.0,0.0,1.1757699399997819,194617344.0,37629952.0,15.25,0.27,0.38,21.0,0.013353069067381738
2025-10-03 14:11:37,0,1.0,0.0,1.1761537523333723,194617344.0,37629952.0,15.33,0.62,0.38,21.0,0.014039168840966962
2025-10-03 14:11:42,0,1.0,0.0,1.1761537523333725,194617344.0,37629952.0,15.33,0.62,0.38,21.0,0.01403916884096696
2025-10-03 14:11:47,0,1.0,0.0,1.1780691308334401,194617344.0,37629952.0,15.389999999999999,0.69,0.38,21.0,0.01362604563813532
2025-10-03 14:11:52,0,1.0,0.0,1.1780691308334401,194617344.0,37629952.0,15.389999999999999,0.69,0.38,21.0,0.01362604563813532
2025-10-03 14:11:57,0,1.0,0.0,1.1763126806665696,194617344.0,37629952.0,15.469999999999999,0.56,0.39,21.0,0.01415721328654115
2025-10-03 14:12:02,0,1.0,0.0,1.1763126806665696,194617344.0,37629952.0,15.469999999999999,0.56,0.39,21.0,0.014157213286541152
2025-10-03 14:12:07,0,1.0,0.0,1.413980236200041,194617344.0,37629952.0,15.55,0.02,0.38,21.0,0.013433018525832462
2025-10-03 14:12:12,0,1.0,0.0,1.4139802362000409,194617344.0,37629952.0,15.55,0.02,0.38,21.0,0.013433018525832462
2025-10-03 14:12:18,0,1.0,0.0,1.1766253434999876,194617344.0,37629952.0,15.629999999999999,0.02,0.38,21.0,0.013489576236544489
2025-10-03 14:12:23,0,1.0,0.0,1.1766253434999878,194617344.0,37629952.0,15.629999999999999,0.02,0.38,21.0,0.01348957623654449
2025-10-03 14:12:28,0,1.0,0.0,1.1764381740000165,194617344.0,37634048.0,15.700000000000001,0.02,0.38,21.0,0.013075992544776417
2025-10-03 14:12:33,0,1.0,0.0,1.1764381740000167,194617344.0,37634048.0,15.700000000000001,0.02,0.38,21.0,0.013075992544776417
2025-10-03 14:12:38,0,1.0,0.0,1.177754532500027,194617344.0,37634048.0,15.780000000000001,0.02,0.38,21.0,0.01376591034864416
2025-10-03 14:12:43,0,1.0,0.0,1.1777545325000272,194617344.0,37634048.0,15.780000000000001,0.02,0.38,21.0,0.013765910348644163
2025-10-03 14:12:48,0,1.0,0.0,1.177051412333261,194617344.0,37634048.0,15.85,0.02,0.38,21.0,0.013927319682715367
2025-10-03 14:12:53,0,1.0,0.0,1.1770514123332607,194617344.0,37634048.0,15.85,0.02,0.38,21.0,0.013927319682715366
2025-10-03 14:12:58,0,1.0,0.0,1.1758047566666694,194617344.0,37634048.0,15.93,0.02,0.38,21.0,0.014803976236494674
2025-10-03 14:13:03,0,1.0,0.0,1.1758047566666694,194617344.0,37634048.0,15.93,0.02,0.38,21.0,0.014803976236494674
2025-10-03 14:13:08,0,1.0,0.0,1.1772177643333634,194617344.0,37634048.0,16.0,0.02,0.38,21.0,0.013902745755606792
2025-10-03 14:13:13,0,1.0,0.0,1.1772177643333634,194617344.0,37634048.0,16.0,0.02,0.38,21.0,0.01390274575560679
2025-10-03 14:13:18,0,1.0,0.0,1.1766289578333726,194617344.0,37634048.0,16.06,0.02,0.38,21.0,0.013629845188775766
2025-10-03 14:13:23,0,1.0,0.0,1.1766289578333724,194617344.0,37634048.0,16.06,0.02,0.38,21.0,0.013629845188775767
2025-10-03 14:13:28,0,1.0,0.0,1.176732052333288,194617344.0,37634048.0,16.15,0.02,0.38,21.0,0.01390271661555939
2025-10-03 14:13:34,0,1.0,0.0,1.176732052333288,194617344.0,37634048.0,16.15,0.02,0.38,21.0,0.013902716615559389
2025-10-03 14:13:39,0,1.0,0.0,1.178288893166761,194617344.0,37634048.0,16.21,0.02,0.38,21.0,0.01335304107176552
2025-10-03 14:13:44,0,1.0,0.0,1.1782888931667608,194617344.0,37634048.0,16.21,0.02,0.38,21.0,0.01335304107176552
2025-10-03 14:13:49,0,1.0,0.0,1.176767320500024,194617344.0,37638144.0,16.29,0.02,0.38,21.0,0.013212866980410243
2025-10-03 14:13:54,0,1.0,0.0,1.1767673205000242,194617344.0,37638144.0,16.29,0.02,0.38,21.0,0.013212866980410243
2025-10-03 14:13:59,0,1.0,0.0,1.1770060650000385,194617344.0,37642240.0,16.36,0.02,0.38,21.0,0.013214667589156553
2025-10-03 14:14:04,0,1.0,0.0,1.1758713988333889,194617344.0,37642240.0,16.43,0.02,0.38,21.0,0.013490481191942188
2025-10-03 14:14:09,0,1.0,0.0,1.1747367326667397,194617344.0,37642240.0,16.43,0.02,0.38,21.0,0.013766256634719393
2025-10-03 14:14:14,0,1.0,0.0,1.1765040550834176,194617344.0,37642240.0,16.5,0.02,0.38,21.0,0.01362790229668201
2025-10-03 14:14:19,0,1.0,0.0,1.1782713775000957,194617344.0,37642240.0,16.5,0.02,0.38,21.0,0.01348954795864463
2025-10-03 14:14:24,0,1.0,0.0,1.1775609547500305,194617344.0,37642240.0,16.580000000000002,0.59,0.38,21.0,0.013074512352343118
2025-10-03 14:14:29,0,1.0,0.0,1.1768505319999651,194617344.0,37642240.0,16.580000000000002,0.59,0.38,21.0,0.012659475005974417
2025-10-03 14:14:34,0,1.0,0.0,1.1773219339999816,194617344.0,37642240.0,16.66,0.53,0.38,21.0,0.013073443532869116
2025-10-03 14:14:39,0,1.0,0.0,1.1777933359999981,194617344.0,37642240.0,16.66,0.53,0.38,21.0,0.013487342647669109
2025-10-03 14:14:45,0,1.0,0.0,1.1772474718333872,194617344.0,37642240.0,16.74,0.51,0.38,21.0,0.013777627313346951
2025-10-03 14:14:50,0,1.0,0.0,1.1767016076667762,194617344.0,37642240.0,16.74,0.51,0.38,21.0,0.014068000226429808
2025-10-03 14:14:55,0,1.0,0.0,1.1768295745000614,194617344.0,37642240.0,16.8,0.55,0.38,21.0,0.014573338881487857
2025-10-03 14:15:00,0,1.0,0.0,1.1769575413333466,194617344.0,37642240.0,16.8,0.55,0.38,21.0,0.015078536665115636
2025-10-03 14:15:05,0,1.0,0.0,1.1768839262500326,194617344.0,37642240.0,16.88,0.52,0.38,21.0,0.014284112239646925
2025-10-03 14:15:10,0,1.0,0.0,1.1768103111667187,194617344.0,37642240.0,16.88,0.52,0.38,21.0,0.013489576236544487
2025-10-03 14:15:15,0,1.0,0.0,1.1789036073333439,194617344.0,37642240.0,16.98,0.55,0.38,21.0,0.013557829866842744
2025-10-03 14:15:20,0,1.0,0.0,1.1809969034999692,194617344.0,37642240.0,16.98,0.55,0.38,21.0,0.013626074198281284
2025-10-03 14:15:25,0,1.0,0.0,1.1789640362499083,194617344.0,37646336.0,17.05,0.5,0.38,21.0,0.013696160715034336
2025-10-03 14:15:30,0,1.0,0.0,1.176931168999848,194617344.0,37646336.0,17.05,0.5,0.38,21.0,0.013766256634719393
2025-10-03 14:15:35,0,1.0,0.0,1.176935297499881,194617344.0,37646336.0,17.14,0.63,0.38,21.0,0.013422227813070006
2025-10-03 14:15:40,0,1.0,0.0,1.1769394259999142,194617344.0,37646336.0,17.14,0.63,0.38,21.0,0.013078103769312064
2025-10-03 14:15:45,0,1.0,0.0,1.1776302438332777,194617344.0,37646336.0,17.2,0.6,0.38,21.0,0.013422185602284413
2025-10-03 14:15:50,0,1.0,0.0,1.1783210616666413,194617344.0,37646336.0,17.2,0.6,0.38,21.0,0.013766170061567292
2025-10-03 14:15:56,0,1.0,0.0,1.176760056749951,194617344.0,37646336.0,17.28,0.51,0.38,21.0,0.013489491403200583
2025-10-03 14:16:01,0,1.0,0.0,1.1751990518332605,194617344.0,37646336.0,17.28,0.51,0.38,21.0,0.01321281158484562
2025-10-03 14:16:06,0,1.0,0.0,1.1760616234999663,194617344.0,37646336.0,17.35,0.57,0.38,21.0,0.013351165632854475
2025-10-03 14:16:11,0,1.0,0.0,1.1769241951666725,194617344.0,37646336.0,17.35,0.57,0.38,21.0,0.01348951968086333
2025-10-03 14:16:16,0,1.0,0.0,1.1770312602499187,194617344.0,37646336.0,17.42,0.68,0.38,21.0,0.013558682493514662
2025-10-03 14:16:21,0,1.0,0.0,1.1771383253331653,194617344.0,37646336.0,17.42,0.68,0.38,21.0,0.013627845161182128
2025-10-03 14:16:26,0,1.0,0.0,1.1763791756666628,194617344.0,37646336.0,17.5,0.53,0.38,21.0,0.013697022040172901
2025-10-03 14:16:31,0,1.0,0.0,1.1756200260001606,194617344.0,37646336.0,17.5,0.53,0.38,21.0,0.013766198919163673
2025-10-03 14:16:36,0,1.0,0.0,1.1774155640834274,194617344.0,37646336.0,17.58,0.64,0.38,21.0,0.013563813339287155
2025-10-03 14:16:41,0,1.0,0.0,1.1792111021666944,194617344.0,37646336.0,17.58,0.64,0.38,21.0,0.01336139933035761
2025-10-03 14:16:46,0,1.0,0.0,1.1784414835000232,194617344.0,37646336.0,17.669999999999998,0.53,0.38,21.0,0.01371465590711395
2025-10-03 14:16:51,0,1.0,0.0,1.1776718648333524,194617344.0,37646336.0,17.669999999999998,0.53,0.38,21.0,0.014067911743246984
2025-10-03 14:16:56,0,1.0,0.0,1.2846514400000408,194617344.0,37646336.0,17.72,0.02,0.38,21.0,0.014689490353222612
2025-10-03 14:17:01,0,1.0,0.0,1.413026930200067,194617344.0,37646336.0,17.72,0.02,0.38,21.0,0.015464618312827135
2025-10-03 14:17:07,0,1.0,0.0,1.2837702845454673,194617344.0,37646336.0,17.79,0.02,0.38,21.0,0.01444518774904744
2025-10-03 14:17:25,1,1.0,0.0,1.1762603265833225,194617344.0,37646336.0,17.9,101.18,0.55,21.0,0.015296449274375016
2025-10-03 14:17:30,1,1.0,0.0,1.1766285101666654,194617344.0,37646336.0,17.9,101.18,0.55,21.0,0.017379858479492943
2025-10-03 14:17:35,1,1.0,0.0,1.1751492296666584,194617344.0,37646336.0,17.94,98.32,0.55,21.0,0.016307810980313243
2025-10-03 14:17:40,1,1.0,0.0,1.1736699491666513,194617344.0,37646336.0,17.94,98.32,0.55,21.0,0.015235619654536308
2025-10-03 14:17:45,1,1.0,0.0,1.1734778280000076,194617344.0,37646336.0,17.970000000000002,98.31,0.55,21.0,0.01436254230519695
2025-10-03 14:17:50,1,1.0,0.0,1.1732857068333638,194617344.0,37646336.0,17.970000000000002,98.31,0.55,21.0,0.013489463125656393
2025-10-03 14:17:55,1,1.0,0.0,1.1756765870833306,194617344.0,37646336.0,18.01,97.32,0.55,21.0,0.013627616623973368
2025-10-03 14:18:00,1,1.0,0.0,1.1780674673332974,194617344.0,37646336.0,18.01,97.32,0.55,21.0,0.013765766067921174
2025-10-03 14:18:06,1,1.0,0.0,1.1775250365833094,194617344.0,37646336.0,18.05,84.82,0.55,21.0,0.013765968061780206
2025-10-03 14:18:11,1,1.0,0.0,1.1769826058333215,194617344.0,37646336.0,18.05,84.82,0.55,21.0,0.013766170061567294
2025-10-03 14:18:16,1,1.0,0.0,1.176190342333257,194617344.0,37646336.0,18.09,89.4,0.55,21.0,0.013489448986928753
2025-10-03 14:18:21,1,1.0,0.0,1.1753980788331926,194617344.0,37646336.0,18.09,89.4,0.55,21.0,0.013212728492369612
2025-10-03 14:18:26,0,1.0,0.0,1.1753567231666011,194617344.0,37646336.0,18.16,0.28,0.38,21.0,0.013731552909609257
2025-10-03 14:18:31,0,1.0,0.0,1.1753153675000096,194617344.0,37646336.0,18.16,0.28,0.38,21.0,0.0142503773268489
2025-10-03 14:18:36,0,1.0,0.0,1.178887188583341,194617344.0,37646336.0,18.23,0.66,0.38,21.0,0.01481115049478801
2025-10-03 14:18:41,0,1.0,0.0,1.1824590096666725,194617344.0,37646336.0,18.23,0.66,0.38,21.0,0.015371846088709845
2025-10-03 14:18:46,0,1.0,0.0,1.1800848478333514,194617344.0,37646336.0,18.3,0.57,0.38,21.0,0.01415401835777753
2025-10-03 14:18:51,0,1.0,0.0,1.1777106860000306,194617344.0,37646336.0,18.3,0.57,0.38,21.0,0.01293602213650847
2025-10-03 14:18:56,0,1.0,0.0,1.1772499819167022,194617344.0,37646336.0,18.38,0.54,0.38,21.0,0.012936035695157319
2025-10-03 14:19:01,0,1.0,0.0,1.1767892778333742,194617344.0,37646336.0,18.38,0.54,0.38,21.0,0.012936049253834592
2025-10-03 14:19:07,0,1.0,0.0,1.1766598708333427,194617344.0,37646336.0,18.45,0.61,0.38,21.0,0.013351109657700944
2025-10-03 14:19:12,0,1.0,0.0,1.1765304638333114,194617344.0,37646336.0,18.45,0.61,0.38,21.0,0.013766170061567294
2025-10-03 14:19:17,0,1.0,0.0,1.1765904059999457,194617344.0,37646336.0,18.53,0.52,0.38,21.0,0.013627845161182128
2025-10-03 14:19:22,0,1.0,0.0,1.1766503481665798,194617344.0,37646336.0,18.53,0.52,0.38,21.0,0.013489519680863328
2025-10-03 14:19:27,0,1.0,0.0,1.1779899821666124,194617344.0,37646336.0,18.6,0.67,0.38,21.0,0.013629702310193658
2025-10-03 14:19:32,0,1.0,0.0,1.1779899821666124,194617344.0,37646336.0,18.6,0.67,0.38,21.0,0.013629702310193658
2025-10-03 14:19:37,0,1.0,0.0,1.1757625316668054,194617344.0,37646336.0,18.68,0.67,0.38,21.0,0.0133529570856212
2025-10-03 14:19:42,0,1.0,0.0,1.1757625316668054,194617344.0,37646336.0,18.68,0.67,0.38,21.0,0.013352957085621198
2025-10-03 14:19:47,0,1.0,0.0,1.1778859231666652,194617344.0,37646336.0,18.759999999999998,0.51,0.38,21.0,0.01362590283920135
2025-10-03 14:19:52,0,1.0,0.0,1.1778859231666652,194617344.0,37646336.0,18.759999999999998,0.51,0.38,21.0,0.013625902839201351
2025-10-03 14:19:57,0,1.0,0.0,1.1771665883332691,194617344.0,37646336.0,18.830000000000002,0.51,0.38,21.0,0.013765766067921174
2025-10-03 14:20:02,0,1.0,0.0,1.1771665883332691,194617344.0,37646336.0,18.830000000000002,0.51,0.38,21.0,0.013765766067921174
2025-10-03 14:20:07,0,1.0,0.0,1.1776155813333085,194617344.0,37646336.0,18.9,0.47,0.38,21.0,0.013763861845786901
2025-10-03 14:20:13,0,1.0,0.0,1.1776155813333087,194617344.0,37646336.0,18.9,0.47,0.38,21.0,0.013763861845786901
2025-10-03 14:20:18,0,1.0,0.0,1.1762364696666434,194617344.0,37646336.0,18.97,0.56,0.38,21.0,0.013764352276871611
2025-10-03 14:20:23,0,1.0,0.0,1.1762364696666434,194617344.0,37646336.0,18.97,0.56,0.38,21.0,0.013764352276871613
2025-10-03 14:20:28,0,1.0,0.0,1.4099913236001158,194617344.0,37646336.0,19.049999999999997,0.02,0.38,21.0,0.014950001046003221
2025-10-03 14:20:33,0,1.0,0.0,1.4099913236001158,194617344.0,37646336.0,19.049999999999997,0.02,0.38,21.0,0.014950001046003221
2025-10-03 14:20:38,0,1.0,0.0,1.1767079913333114,194617344.0,37646336.0,19.119999999999997,0.02,0.38,21.0,0.014203902299958914
2025-10-03 14:20:43,0,1.0,0.0,1.1767079913333116,194617344.0,37646336.0,19.119999999999997,0.02,0.38,21.0,0.014203902299958913
2025-10-03 14:20:48,0,1.0,0.0,1.1789302689999204,194617344.0,37646336.0,19.2,0.02,0.38,21.0,0.013765852635992034
2025-10-03 14:20:53,0,1.0,0.0,1.1789302689999204,194617344.0,37646336.0,19.2,0.02,0.38,21.0,0.013765852635992035
2025-10-03 14:20:58,0,1.0,0.0,1.176483817166703,194617344.0,37646336.0,19.28,0.02,0.38,21.0,0.013487597069827398
2025-10-03 14:21:03,0,1.0,0.0,1.1764838171667027,194617344.0,37646336.0,19.28,0.02,0.38,21.0,0.013487597069827396
2025-10-03 14:21:08,0,1.0,0.0,1.1780321338333124,194617344.0,37646336.0,19.35,0.02,0.38,21.0,0.013766170061567292
2025-10-03 14:21:13,0,1.0,0.0,1.1780321338333124,194617344.0,37646336.0,19.35,0.02,0.38,21.0,0.013766170061567292
2025-10-03 14:21:18,0,1.0,0.0,1.1768696816666306,194617344.0,37646336.0,19.42,0.02,0.38,21.0,0.013629702310193658
2025-10-03 14:21:23,0,1.0,0.0,1.1768696816666304,194617344.0,37646336.0,19.42,0.02,0.38,21.0,0.013629702310193658
2025-10-03 14:21:29,0,1.0,0.0,1.1770187321666679,194617344.0,37646336.0,19.51,0.02,0.38,21.0,0.013489463125656393
2025-10-03 14:21:34,0,1.0,0.0,1.1770187321666676,194617344.0,37646336.0,19.51,0.02,0.38,21.0,0.013489463125656393
2025-10-03 14:21:39,0,1.0,0.0,1.1770920091666994,194617344.0,37646336.0,19.59,0.02,0.38,21.0,0.013766141204091902
2025-10-03 14:21:44,0,1.0,0.0,1.1770920091666994,194617344.0,37646336.0,19.59,0.02,0.38,21.0,0.0137661412040919
2025-10-03 14:21:49,0,1.0,0.0,1.1777561545000026,194617344.0,37646336.0,19.669999999999998,0.02,0.38,21.0,0.013489463125656392
2025-10-03 14:21:54,0,1.0,0.0,1.1763030202500127,194617344.0,37646336.0,19.740000000000002,0.02,0.38,21.0,0.013489279324508878
2025-10-03 14:21:59,0,1.0,0.0,1.174849886000023,194617344.0,37646336.0,19.740000000000002,0.02,0.38,21.0,0.013489095528370073
2025-10-03 14:22:04,0,1.0,0.0,1.1760715336666483,194617344.0,37646336.0,19.81,0.02,0.38,21.0,0.013489095528370071
2025-10-03 14:22:09,0,1.0,0.0,1.1772931813332739,194617344.0,37646336.0,19.81,0.02,0.38,21.0,0.013489095528370071
2025-10-03 14:22:14,0,1.0,0.0,1.1768105227500503,194617344.0,37646336.0,19.88,0.02,0.38,21.0,0.013559378884852195
2025-10-03 14:22:19,0,1.0,0.0,1.1763278641668269,194617344.0,37646336.0,19.88,0.02,0.38,21.0,0.013629673734836699
2025-10-03 14:22:24,0,1.0,0.0,1.1770282670000445,194617344.0,37646336.0,19.950000000000003,0.02,0.38,21.0,0.014355135249587531
2025-10-03 14:22:29,0,1.0,0.0,1.1777286698332623,194617344.0,37646336.0,19.950000000000003,0.02,0.38,21.0,0.015080496394432333
2025-10-03 14:22:34,0,1.0,0.0,1.1768196608332648,194617344.0,37646336.0,20.03,0.02,0.38,21.0,0.014434651548643582
2025-10-03 14:22:40,0,1.0,0.0,1.1759106518332676,194617344.0,37646336.0,20.03,0.02,0.38,21.0,0.013788824302540808
2025-10-03 14:22:45,0,1.0,0.0,1.1767954662499276,194617344.0,37646336.0,20.110000000000003,0.02,0.38,21.0,0.013500794472650436
2025-10-03 14:22:50,0,1.0,0.0,1.177680280666588,194617344.0,37646336.0,20.110000000000003,0.02,0.38,21.0,0.013212756189745494
2025-10-03 14:22:55,0,1.0,0.0,1.1770570954165955,194617344.0,37646336.0,20.21,0.56,0.38,21.0,0.01300593484873578
2025-10-03 14:23:00,0,1.0,0.0,1.1764339101666033,194617344.0,37646336.0,20.21,0.56,0.38,21.0,0.012799090960550288
2025-10-03 14:23:05,0,1.0,0.0,1.177755556333295,194617344.0,37646336.0,20.28,0.51,0.38,21.0,0.012867573839706676
2025-10-03 14:23:10,0,1.0,0.0,1.1790772024999872,194617344.0,37646336.0,20.28,0.51,0.38,21.0,0.012936049253834592
2025-10-03 14:23:15,0,1.0,0.0,1.177510037999961,194617344.0,37646336.0,20.35,0.5,0.38,21.0,0.013351109657700944
2025-10-03 14:23:20,0,1.0,0.0,1.1759428734999349,194617344.0,37646336.0,20.35,0.5,0.38,21.0,0.013766170061567294
2025-10-03 14:23:25,0,1.0,0.0,1.1765539979999933,194617344.0,37646336.0,20.42,0.55,0.38,21.0,0.013766170061567294
2025-10-03 14:23:30,0,1.0,0.0,1.177165122500052,194617344.0,37646336.0,20.42,0.55,0.38,21.0,0.013766170061567292
2025-10-03 14:23:35,0,1.0,0.0,1.176943335249992,194617344.0,37646336.0,20.490000000000002,0.25,0.38,21.0,0.013627802309871614
2025-10-03 14:23:40,0,1.0,0.0,1.1767215479999322,194617344.0,37646336.0,20.490000000000002,0.25,0.38,21.0,0.013489434848230756
2025-10-03 14:23:45,0,1.0,0.0,1.1770669859999239,194617344.0,37646336.0,20.57,0.52,0.38,21.0,0.013627602340652327
2025-10-03 14:23:51,0,1.0,0.0,1.1774124239999157,194617344.0,37646336.0,20.57,0.52,0.38,21.0,0.013765766067921174
2025-10-03 14:23:56,0,1.0,0.0,1.177189995333265,194617344.0,37646336.0,20.65,0.58,0.38,21.0,0.013489265186166532
2025-10-03 14:24:01,0,1.0,0.0,1.1769675666666142,194617344.0,37646336.0,20.65,0.58,0.38,21.0,0.013212756189745491
2025-10-03 14:24:06,0,1.0,0.0,1.176301880666642,194617344.0,37646336.0,20.71,0.4,0.38,21.0,0.013351095663985898
2025-10-03 14:24:11,0,1.0,0.0,1.1756361946666707,194617344.0,37646336.0,20.71,0.4,0.38,21.0,0.013489434848230756
2025-10-03 14:24:16,0,1.0,0.0,1.1754703830000228,194617344.0,37646336.0,20.77,0.54,0.38,21.0,0.013627802309871614
2025-10-03 14:24:21,0,1.0,0.0,1.1753045713333752,194617344.0,37646336.0,20.77,0.54,0.38,21.0,0.013766170061567294
2025-10-03 14:24:26,0,1.0,0.0,1.1759265366667173,194617344.0,37646336.0,20.85,0.54,0.38,21.0,0.014272478787269009
2025-10-03 14:24:31,0,1.0,0.0,1.1765485020000594,194617344.0,37646336.0,20.85,0.54,0.38,21.0,0.014778717473092924
2025-10-03 14:24:36,0,1.0,0.0,1.1770993428333438,194617344.0,37646336.0,20.909999999999997,0.34,0.38,21.0,0.014572208626571433
2025-10-03 14:24:41,0,1.0,0.0,1.1776501836666284,194617344.0,37646336.0,20.909999999999997,0.34,0.38,21.0,0.014365671641791044
2025-10-03 14:24:46,0,1.0,0.0,1.1770619332499639,194617344.0,37646336.0,20.990000000000002,0.6,0.38,21.0,0.014065729510361683
2025-10-03 14:24:51,0,1.0,0.0,1.1764736828332996,194617344.0,37646336.0,20.990000000000002,0.6,0.38,21.0,0.013765794923823817
2025-10-03 14:24:56,0,1.0,0.0,1.1762349339999976,194617344.0,37646336.0,21.07,0.26,0.38,21.0,0.013557332550803318
2025-10-03 14:25:02,0,1.0,0.0,1.1759961851666958,194617344.0,37646336.0,21.07,0.26,0.38,21.0,0.013348899014499557
2025-10-03 14:25:07,0,1.0,0.0,1.1773196428332917,194617344.0,37646336.0,21.150000000000002,0.62,0.38,21.0,0.013350941735056443
2025-10-03 14:25:12,0,1.0,0.0,1.178643100499888,194617344.0,37646336.0,21.150000000000002,0.62,0.38,21.0,0.013352985080885251
2025-10-03 14:25:17,0,1.0,0.0,1.2846328189999772,194617344.0,37646336.0,21.220000000000002,0.55,0.38,21.0,0.013331782088944475
2025-10-03 14:25:22,0,1.0,0.0,1.411820481200084,194617344.0,37646336.0,21.220000000000002,0.55,0.38,21.0,0.01330534592592399
2025-10-03 14:25:27,0,1.0,0.0,1.1767702575000385,194617344.0,37646336.0,21.29,0.02,0.38,21.0,0.013489067252485573
2025-10-03 14:25:32,0,1.0,0.0,1.1767702575000385,194617344.0,37646336.0,21.29,0.02,0.38,21.0,0.013489067252485573
2025-10-03 14:25:37,0,1.0,0.0,1.175233301500081,194617344.0,37646336.0,21.36,0.02,0.38,21.0,0.013489463125656392
2025-10-03 14:25:42,0,1.0,0.0,1.175233301500081,194617344.0,37646336.0,21.36,0.02,0.38,21.0,0.013489463125656393
2025-10-03 14:25:47,0,1.0,0.0,1.176622931166624,194617344.0,37646336.0,21.43,0.02,0.38,21.0,0.013489434848230756
2025-10-03 14:25:52,0,1.0,0.0,1.176622931166624,194617344.0,37646336.0,21.43,0.02,0.38,21.0,0.013489434848230756
2025-10-03 14:26:10,1,1.0,0.0,1.1755301116666033,194617344.0,37646336.0,21.549999999999997,0.02,0.38,21.0,0.01406555260223204
2025-10-03 14:26:16,1,1.0,0.0,1.1790136469999954,194617344.0,37646336.0,21.590000000000003,94.19,0.55,21.0,0.016136588740232993
2025-10-03 14:26:21,1,1.0,0.0,1.1824971823333879,194617344.0,37646336.0,21.590000000000003,94.19,0.55,21.0,0.018207620536921473
2025-10-03 14:26:26,1,1.0,0.0,1.1790839352500673,194617344.0,37646336.0,21.619999999999997,99.52,0.55,21.0,0.01608829435363855
2025-10-03 14:26:31,1,1.0,0.0,1.175670688166747,194617344.0,37646336.0,21.619999999999997,99.52,0.55,21.0,0.013969261337318363
2025-10-03 14:26:36,1,1.0,0.0,1.175856643083383,194617344.0,37646336.0,21.67,94.43,0.55,21.0,0.0138675062069457
2025-10-03 14:26:41,1,1.0,0.0,1.1760425980000189,194617344.0,37646336.0,21.67,94.43,0.55,21.0,0.013765737212139507
2025-10-03 14:26:46,1,1.0,0.0,1.1748316630000015,194617344.0,37646336.0,21.7,89.8,0.55,21.0,0.013557460428585952
2025-10-03 14:26:51,1,1.0,0.0,1.1736207279999842,194617344.0,37646336.0,21.7,89.8,0.55,21.0,0.013349206781707248
2025-10-03 14:26:56,1,1.0,0.0,1.173478597833309,194617344.0,37646336.0,21.74,93.17,0.55,21.0,0.013556750026985646
2025-10-03 14:27:01,1,1.0,0.0,1.1733364676666345,194617344.0,37646336.0,21.74,93.17,0.55,21.0,0.01376429457728294
2025-10-03 14:27:07,1,1.0,0.0,1.1738896213332737,194617344.0,37646336.0,21.79,90.18,0.55,21.0,0.013351109657700942
2025-10-03 14:27:12,0,1.0,0.0,1.174442774999913,194617344.0,37646336.0,21.79,90.18,0.55,21.0,0.012937812123931284
2025-10-03 14:27:17,0,1.0,0.0,1.1808184822499848,194617344.0,37646336.0,21.85,0.46,0.38,21.0,0.01436357538151937
2025-10-03 14:27:22,0,1.0,0.0,1.187194189500057,194617344.0,37646336.0,21.85,0.46,0.38,21.0,0.015788944175927362
2025-10-03 14:27:27,0,1.0,0.0,1.181928581333371,194617344.0,37646336.0,21.92,0.51,0.38,21.0,0.013833250530879028
2025-10-03 14:27:32,0,1.0,0.0,1.1766629731666853,194617344.0,37646336.0,21.92,0.51,0.38,21.0,0.013833250530879028
2025-10-03 14:27:37,0,1.0,0.0,1.1765237505000337,194617344.0,37646336.0,21.990000000000002,0.51,0.38,21.0,0.013489491403200583
2025-10-03 14:27:42,0,1.0,0.0,1.1765237505000339,194617344.0,37646336.0,21.990000000000002,0.51,0.38,21.0,0.013489491403200585
2025-10-03 14:27:47,0,1.0,0.0,1.176085700500001,194617344.0,37646336.0,22.07,0.51,0.38,21.0,0.013627445226096945
2025-10-03 14:27:52,0,1.0,0.0,1.176085700500001,194617344.0,37646336.0,22.07,0.51,0.38,21.0,0.013627445226096947
2025-10-03 14:27:57,0,1.0,0.0,1.1770127018332914,194617344.0,37646336.0,22.14,0.54,0.38,21.0,0.013766170061567294
2025-10-03 14:28:02,0,1.0,0.0,1.1770127018332914,194617344.0,37646336.0,22.14,0.54,0.38,21.0,0.013766170061567292
2025-10-03 14:28:07,0,1.0,0.0,1.1767158124999544,194617344.0,37646336.0,22.21,0.3,0.38,21.0,0.013625931398748702
2025-10-03 14:28:12,0,1.0,0.0,1.1767158124999544,194617344.0,37646336.0,22.21,0.3,0.38,21.0,0.013625931398748703
2025-10-03 14:28:18,0,1.0,0.0,1.1769389040000533,194617344.0,37646336.0,22.29,0.49,0.38,21.0,0.01376617006156729
2025-10-03 14:28:23,0,1.0,0.0,1.1769389040000535,194617344.0,37646336.0,22.29,0.49,0.38,21.0,0.013766170061567294
2025-10-03 14:28:28,0,1.0,0.0,1.1751465328333477,194617344.0,37646336.0,22.36,0.43,0.38,21.0,0.013766170061567294
2025-10-03 14:28:33,0,1.0,0.0,1.1751465328333477,194617344.0,37646336.0,22.36,0.43,0.38,21.0,0.013766170061567292
2025-10-03 14:28:38,0,1.0,0.0,1.1780780536666953,194617344.0,37646336.0,22.45,0.31,0.38,21.0,0.01349132969790743
2025-10-03 14:28:43,0,1.0,0.0,1.1780780536666953,194617344.0,37646336.0,22.45,0.31,0.38,21.0,0.013491329697907428
2025-10-03 14:28:48,0,1.0,0.0,1.1771802643333256,194617344.0,37646336.0,22.52,0.5,0.38,21.0,0.01376617006156729
2025-10-03 14:28:53,0,1.0,0.0,1.1771802643333253,194617344.0,37646336.0,22.52,0.5,0.38,21.0,0.013766170061567294
2025-10-03 14:28:58,0,1.0,0.0,1.1766073870001037,194617344.0,37646336.0,22.6,0.53,0.38,21.0,0.013074457536836765
2025-10-03 14:29:03,0,1.0,0.0,1.1766073870001037,194617344.0,37646336.0,22.6,0.53,0.38,21.0,0.013074457536836764
2025-10-03 14:29:08,0,1.0,0.0,1.412138550600048,194617344.0,37646336.0,22.66,0.25,0.38,21.0,0.013478399531549806
2025-10-03 14:29:13,0,1.0,0.0,1.412138550600048,194617344.0,37646336.0,22.66,0.25,0.38,21.0,0.013478399531549808
2025-10-03 14:29:18,0,1.0,0.0,1.17698354416666,194617344.0,37646336.0,22.740000000000002,0.02,0.38,21.0,0.01551864732233633
2025-10-03 14:29:24,0,1.0,0.0,1.17698354416666,194617344.0,37646336.0,22.740000000000002,0.02,0.38,21.0,0.01551864732233633
2025-10-03 14:29:29,0,1.0,0.0,1.177811367333258,194617344.0,37646336.0,22.82,0.02,0.38,21.0,0.013627445226096943
2025-10-03 14:29:34,0,1.0,0.0,1.177811367333258,194617344.0,37646336.0,22.82,0.02,0.38,21.0,0.013627445226096945
2025-10-03 14:29:39,0,1.0,0.0,1.177068881999882,194617344.0,37646336.0,22.9,0.02,0.38,21.0,0.0137661412040919
2025-10-03 14:29:44,0,1.0,0.0,1.177068881999882,194617344.0,37646336.0,22.9,0.02,0.38,21.0,0.013766141204091899
2025-10-03 14:29:49,0,1.0,0.0,1.1769206010001956,194617344.0,37646336.0,22.97,0.02,0.38,21.0,0.013489491403200585
2025-10-03 14:29:54,0,1.0,0.0,1.1769206010001958,194617344.0,37646336.0,23.04,0.02,0.38,21.0,0.013074416425508632
2025-10-03 14:29:59,0,1.0,0.0,1.176590610000024,194617344.0,37646336.0,23.04,0.02,0.38,21.0,0.012659342317923691
2025-10-03 14:30:04,0,1.0,0.0,1.1763596150000617,194617344.0,37646336.0,23.119999999999997,0.02,0.38,21.0,0.013074402721790043
2025-10-03 14:30:09,0,1.0,0.0,1.1761286200000995,194617344.0,37646336.0,23.119999999999997,0.02,0.38,21.0,0.013489463125656392
2025-10-03 14:30:14,0,1.0,0.0,1.1765515295833968,194617344.0,37646336.0,23.19,0.02,0.38,21.0,0.013559393097665157
2025-10-03 14:30:19,0,1.0,0.0,1.176974439166694,194617344.0,37646336.0,23.19,0.02,0.38,21.0,0.013629330839898864
2025-10-03 14:30:24,0,1.0,0.0,1.1768843914167442,194617344.0,37646336.0,23.279999999999998,0.02,0.38,21.0,0.013697754251722963
2025-10-03 14:30:29,0,1.0,0.0,1.1767943436667943,194617344.0,37646336.0,23.279999999999998,0.02,0.38,21.0,0.013766170061567292
2025-10-03 14:30:35,0,1.0,0.0,1.1764039643334552,194617344.0,37646336.0,23.34,0.02,0.38,21.0,0.013765968061780204
2025-10-03 14:30:40,0,1.0,0.0,1.1760135850001159,194617344.0,37646336.0,23.34,0.02,0.38,21.0,0.013765766067921174
2025-10-03 14:30:45,0,1.0,0.0,1.1761592860833616,194617344.0,37646336.0,23.43,0.02,0.38,21.0,0.01355936467206903
2025-10-03 14:30:50,0,1.0,0.0,1.1763049871666074,194617344.0,37646336.0,23.43,0.02,0.38,21.0,0.013352929090474532
2025-10-03 14:30:55,0,1.0,0.0,1.1768946052500269,194617344.0,37646336.0,23.5,0.02,0.38,21.0,0.013491315555266696
2025-10-03 14:31:00,0,1.0,0.0,1.1774842233334462,194617344.0,37646336.0,23.5,0.02,0.38,21.0,0.01362970231019366
2025-10-03 14:31:05,0,1.0,0.0,1.1770476494167117,194617344.0,37646336.0,23.58,0.02,0.38,21.0,0.013491329697907428
2025-10-03 14:31:10,0,1.0,0.0,1.1766110754999772,194617344.0,37646336.0,23.58,0.02,0.38,21.0,0.0133529570856212
2025-10-03 14:31:15,0,1.0,0.0,1.1770851701666059,194617344.0,37646336.0,23.659999999999997,0.02,0.38,21.0,0.01429749909068325
2025-10-03 14:31:20,0,1.0,0.0,1.177559264833235,194617344.0,37646336.0,23.659999999999997,0.02,0.38,21.0,0.015241908435351332
2025-10-03 14:31:25,0,1.0,0.0,1.1773456611665551,194617344.0,37646336.0,23.73,0.02,0.38,21.0,0.014503842396749999
2025-10-03 14:31:30,0,1.0,0.0,1.1771320574998754,194617344.0,37646336.0,23.73,0.02,0.38,21.0,0.013765794923823817
2025-10-03 14:31:35,0,1.0,0.0,1.1775860443333384,194617344.0,37646336.0,23.810000000000002,0.02,0.38,21.0,0.013421017875823091
2025-10-03 14:31:40,0,1.0,0.0,1.1780400311668018,194617344.0,37646336.0,23.810000000000002,0.02,0.38,21.0,0.013076184446112365
2025-10-03 14:31:46,0,1.0,0.0,1.1780184413333168,194617344.0,37646336.0,23.88,0.53,0.38,21.0,0.013421017875823091
2025-10-03 14:31:51,0,1.0,0.0,1.177996851499832,194617344.0,37646336.0,23.88,0.53,0.38,21.0,0.013765794923823819
2025-10-03 14:31:56,0,1.0,0.0,1.17762453499995,194617344.0,37646336.0,23.93,0.3,0.38,21.0,0.013489279324508878
2025-10-03 14:32:01,0,1.0,0.0,1.1772522185000676,194617344.0,37646336.0,23.93,0.3,0.38,21.0,0.013212756189745494
2025-10-03 14:32:06,0,1.0,0.0,1.175000389166674,194617344.0,37646336.0,24.009999999999998,0.54,0.38,21.0,0.013489463125656392
2025-10-03 14:32:11,0,1.0,0.0,1.1727485598332805,194617344.0,37646336.0,24.009999999999998,0.54,0.38,21.0,0.013766170061567292
2025-10-03 14:32:16,0,1.0,0.0,1.1742136341666762,194617344.0,37646336.0,24.08,0.59,0.38,21.0,0.013627630907324353
2025-10-03 14:32:21,0,1.0,0.0,1.1756787085000722,194617344.0,37646336.0,24.08,0.59,0.38,21.0,0.013489095528370075
2025-10-03 14:32:26,0,1.0,0.0,1.1760817198333673,194617344.0,37646336.0,24.16,0.59,0.38,21.0,0.013489265186166532
2025-10-03 14:32:31,0,1.0,0.0,1.1764847311666624,194617344.0,37646336.0,24.16,0.59,0.38,21.0,0.013489434848230756
2025-10-03 14:32:36,0,1.0,0.0,1.1777518899166353,194617344.0,37646336.0,24.229999999999997,0.62,0.38,21.0,0.013421186691180632
2025-10-03 14:32:41,0,1.0,0.0,1.1790190486666083,194617344.0,37646336.0,24.229999999999997,0.62,0.38,21.0,0.013352929090474534
2025-10-03 14:32:46,0,1.0,0.0,1.1780688256666279,194617344.0,37646336.0,24.31,0.65,0.38,21.0,0.013283575831271752
2025-10-03 14:32:51,0,1.0,0.0,1.1771186026666478,194617344.0,37646336.0,24.31,0.65,0.38,21.0,0.01321422431685626
2025-10-03 14:32:57,0,1.0,0.0,1.1768859037500001,194617344.0,37646336.0,24.39,0.53,0.38,21.0,0.013421960482578392
2025-10-03 14:33:02,0,1.0,0.0,1.1766532048333525,194617344.0,37646336.0,24.39,0.53,0.38,21.0,0.01362970231019366
2025-10-03 14:33:07,0,1.0,0.0,1.1772831402499833,194617344.0,37658624.0,24.47,0.36,0.38,21.0,0.013629702310193658
2025-10-03 14:33:12,0,1.0,0.0,1.1779130756666139,194617344.0,37658624.0,24.47,0.36,0.38,21.0,0.01362970231019366
2025-10-03 14:33:17,0,1.0,0.0,1.1774631511666485,194617344.0,37662720.0,24.56,0.63,0.38,21.0,0.015105676841246779
2025-10-03 14:33:22,0,1.0,0.0,1.177013226666683,194617344.0,37662720.0,24.56,0.63,0.38,21.0,0.015105676841246779
2025-10-03 14:33:27,0,1.0,0.0,1.178479539833385,194617344.0,37662720.0,24.62,0.52,0.38,21.0,0.013766198919163673
2025-10-03 14:33:32,0,1.0,0.0,1.1784795398333852,194617344.0,37662720.0,24.62,0.52,0.38,21.0,0.013766198919163673
2025-10-03 14:33:37,0,1.0,0.0,1.176096037499974,194617344.0,37662720.0,24.71,0.61,0.38,21.0,0.012797695785879143
2025-10-03 14:33:42,0,1.0,0.0,1.1760960374999743,194617344.0,37662720.0,24.71,0.61,0.38,21.0,0.01279769578587914
2025-10-03 14:33:47,0,1.0,0.0,1.1783902088333584,194617344.0,37662720.0,24.78,0.33,0.38,21.0,0.013354861031022952
2025-10-03 14:33:52,0,1.0,0.0,1.1783902088333584,194617344.0,37662720.0,24.78,0.33,0.38,21.0,0.013354861031022949
2025-10-03 14:33:57,0,1.0,0.0,1.1773392000000056,194617344.0,37662720.0,24.86,0.54,0.38,21.0,0.012937839248762508
2025-10-03 14:34:02,0,1.0,0.0,1.1773392000000058,194617344.0,37662720.0,24.86,0.54,0.38,21.0,0.012937839248762508
2025-10-03 14:34:08,0,1.0,0.0,1.176661449833318,194617344.0,37662720.0,24.93,0.65,0.38,21.0,0.013629730885670436
2025-10-03 14:34:13,0,1.0,0.0,1.1766614498333183,194617344.0,37662720.0,24.93,0.65,0.38,21.0,0.013629730885670436
2025-10-03 14:34:18,0,1.0,0.0,1.4135194620000222,194617344.0,37662720.0,24.99,0.02,0.38,21.0,0.013825812541015968
2025-10-03 14:34:23,0,1.0,0.0,1.4135194620000222,194617344.0,37662720.0,24.99,0.02,0.38,21.0,0.013825812541015968
2025-10-03 14:34:28,0,1.0,0.0,1.175844298666713,194617344.0,37662720.0,25.07,0.02,0.38,21.0,0.012937839248762508
2025-10-03 14:34:33,0,1.0,0.0,1.175844298666713,194617344.0,37662720.0,25.07,0.02,0.38,21.0,0.01293783924876251
2025-10-03 14:34:38,0,1.0,0.0,1.1762931333331987,194617344.0,37662720.0,25.14,0.02,0.38,21.0,0.013629730885670438
2025-10-03 14:34:43,0,1.0,0.0,1.1762931333331987,194617344.0,37662720.0,25.14,0.02,0.38,21.0,0.013629730885670438
2025-10-03 14:34:48,0,1.0,0.0,1.1770929376666572,194617344.0,37662720.0,25.22,0.02,0.38,21.0,0.013076239276100065
2025-10-03 14:34:53,0,1.0,0.0,1.1770929376666572,194617344.0,37662720.0,25.22,0.02,0.38,21.0,0.013076239276100065
2025-10-03 14:34:58,0,1.0,0.0,1.1766032991666482,194617344.0,37662720.0,25.28,0.02,0.38,21.0,0.013489491403200585
2025-10-03 14:35:03,0,1.0,0.0,1.1766032991666482,194617344.0,37662720.0,25.28,0.02,0.38,21.0,0.013489491403200583
2025-10-03 14:35:08,0,1.0,0.0,1.1764615913332364,194617344.0,37662720.0,25.35,0.02,0.38,21.0,0.013766170061567292
2025-10-03 14:35:13,0,1.0,0.0,1.1764615913332364,194617344.0,37662720.0,25.35,0.02,0.38,21.0,0.013766170061567294
2025-10-03 14:35:19,0,1.0,0.0,1.1761388528332948,194617344.0,37662720.0,25.42,0.02,0.38,21.0,0.01524206819206138
2025-10-03 14:35:24,0,1.0,0.0,1.1761388528332948,194617344.0,37662720.0,25.42,0.02,0.38,21.0,0.015242068192061378
2025-10-03 14:35:29,0,1.0,0.0,1.1762157486665121,194617344.0,37662720.0,25.49,0.02,0.38,21.0,0.013629730885670438
2025-10-03 14:35:34,0,1.0,0.0,1.1762157486665124,194617344.0,37662720.0,25.49,0.02,0.38,21.0,0.01362973088567044
2025-10-03 14:35:39,0,1.0,0.0,1.1757595158332304,194617344.0,37662720.0,25.56,0.02,0.38,21.0,0.013489491403200583
2025-10-03 14:35:44,0,1.0,0.0,1.1757595158332304,194617344.0,37662720.0,25.56,0.02,0.38,21.0,0.013489477264413668
2025-10-03 14:35:49,0,1.0,0.0,1.1765099204998628,194617344.0,37662720.0,25.63,0.02,0.38,21.0,0.013489463125656393
2025-10-03 14:36:07,1,1.0,0.0,1.1769268368332935,194617344.0,37662720.0,25.740000000000002,0.02,0.49,21.0,0.015172766592658284
2025-10-03 14:36:12,1,1.0,0.0,1.1769268368332935,194617344.0,37662720.0,25.740000000000002,0.02,0.49,21.0,0.015172766592658284
2025-10-03 14:36:17,1,1.0,0.0,1.1753528343332769,194617344.0,37662720.0,25.78,70.94,0.55,21.0,0.016272859143238054
2025-10-03 14:36:22,1,1.0,0.0,1.1753528343332769,194617344.0,37662720.0,25.78,70.94,0.55,21.0,0.016272859143238054
2025-10-03 14:36:28,1,1.0,0.0,1.1746534920000613,194617344.0,37662720.0,25.810000000000002,92.67,0.55,21.0,0.013489463125656393
2025-10-03 14:36:33,1,1.0,0.0,1.1746534920000613,194617344.0,37662720.0,25.810000000000002,92.67,0.55,21.0,0.013489463125656393
2025-10-03 14:36:38,1,1.0,0.0,1.1770086838332647,194617344.0,37662720.0,25.86,97.57,0.55,21.0,0.013489067252485575
2025-10-03 14:36:43,1,1.0,0.0,1.1770086838332645,194617344.0,37662720.0,25.86,97.57,0.55,21.0,0.013489067252485571
2025-10-03 14:36:48,1,1.0,0.0,1.173650863166813,194617344.0,37662720.0,25.89,92.46,0.55,21.0,0.01362970231019366
2025-10-03 14:36:53,1,1.0,0.0,1.173650863166813,194617344.0,37662720.0,25.89,92.46,0.55,21.0,0.01362970231019366
2025-10-03 14:36:58,1,1.0,0.0,1.1776431896666961,194617344.0,37662720.0,25.93,100.51,0.55,21.0,0.013489463125656392
2025-10-03 14:37:03,1,1.0,0.0,1.1776431896666966,194617344.0,37662720.0,25.93,100.51,0.55,21.0,0.013489463125656395
2025-10-03 14:37:08,0,1.0,0.0,1.1768408273333077,194617344.0,37662720.0,25.98,94.49,0.39,21.0,0.013625902839201353
2025-10-03 14:37:13,0,1.0,0.0,1.176840827333308,194617344.0,37662720.0,25.98,94.49,0.39,21.0,0.013625902839201351
2025-10-03 14:37:19,0,1.0,0.0,1.1768093701667417,194617344.0,37662720.0,26.05,0.48,0.39,21.0,0.016141648893446662
2025-10-03 14:37:24,0,1.0,0.0,1.1768093701667415,194617344.0,37662720.0,26.05,0.48,0.39,21.0,0.016141648893446662
2025-10-03 14:37:29,0,1.0,0.0,1.177406702833347,194617344.0,37662720.0,26.12,0.28,0.39,21.0,0.013902600056591316
2025-10-03 14:37:34,0,1.0,0.0,1.177406702833347,194617344.0,37662720.0,26.12,0.28,0.39,21.0,0.013902600056591316
2025-10-03 14:37:39,0,1.0,0.0,1.1763089781665408,194617344.0,37662720.0,26.18,0.31,0.39,21.0,0.013491357983277844
2025-10-03 14:37:44,0,1.0,0.0,1.1766969822499125,194617344.0,37662720.0,26.25,0.49,0.39,21.0,0.01328286571119201
2025-10-03 14:37:49,0,1.0,0.0,1.1770849863332842,194617344.0,37662720.0,26.25,0.49,0.39,21.0,0.013074402721790042
2025-10-03 14:37:54,0,1.0,0.0,1.1765226276666376,194617344.0,37662720.0,26.310000000000002,0.5,0.39,21.0,0.013488544170003867
2025-10-03 14:37:59,0,1.0,0.0,1.1759602689999915,194617344.0,37662720.0,26.310000000000002,0.5,0.39,21.0,0.013902629196150108
2025-10-03 14:38:04,0,1.0,0.0,1.1765835010000578,194617344.0,37662720.0,26.380000000000003,0.51,0.39,21.0,0.013627659474116148
2025-10-03 14:38:09,0,1.0,0.0,1.177206733000124,194617344.0,37662720.0,26.380000000000003,0.51,0.39,21.0,0.013352621151608542
2025-10-03 14:38:14,0,1.0,0.0,1.283137996454653,194617344.0,37662720.0,26.44,0.02,0.39,21.0,0.01348726965114155
2025-10-03 14:38:19,0,1.0,0.0,1.4102555126000877,194617344.0,37662720.0,26.44,0.02,0.39,21.0,0.013655214974190545
2025-10-03 14:38:24,0,1.0,0.0,1.2827337475455767,194617344.0,37662720.0,26.5,0.02,0.39,21.0,0.013563214913602425
2025-10-03 14:38:30,0,1.0,0.0,1.1764656100001503,194617344.0,37662720.0,26.5,0.02,0.39,21.0,0.013489463125656393
2025-10-03 14:38:35,0,1.0,0.0,1.1756894398334148,194617344.0,37662720.0,26.58,0.02,0.39,21.0,0.01337498493099707
2025-10-03 14:38:40,0,1.0,0.0,1.1749132696666797,194617344.0,37662720.0,26.58,0.02,0.39,21.0,0.013260474810549669
2025-10-03 14:38:45,0,1.0,0.0,1.1756583950833221,194617344.0,37662720.0,26.65,0.02,0.39,21.0,0.01337498493099707
2025-10-03 14:38:50,0,1.0,0.0,1.1764035204999648,194617344.0,37662720.0,26.65,0.02,0.39,21.0,0.013489463125656392
2025-10-03 14:38:55,0,1.0,0.0,1.1763564681665835,194617344.0,37662720.0,26.720000000000002,0.02,0.39,21.0,0.013489477264413668
2025-10-03 14:39:00,0,1.0,0.0,1.1763094158332024,194617344.0,37662720.0,26.720000000000002,0.02,0.39,21.0,0.013489491403200583
2025-10-03 14:39:05,0,1.0,0.0,1.176124892500032,194617344.0,37662720.0,26.779999999999998,0.02,0.39,21.0,0.013421060079264337
2025-10-03 14:39:10,0,1.0,0.0,1.1759403691668617,194617344.0,37662720.0,26.779999999999998,0.02,0.39,21.0,0.013352621151608542
2025-10-03 14:39:15,0,1.0,0.0,1.175437311666807,194617344.0,37662720.0,26.84,0.02,0.39,21.0,0.01443549883285449
2025-10-03 14:39:20,0,1.0,0.0,1.1749342541667527,194617344.0,37662720.0,26.84,0.02,0.39,21.0,0.015518224428364206
2025-10-03 14:39:25,0,1.0,0.0,1.175779200416855,194617344.0,37662720.0,26.91,0.02,0.39,21.0,0.014642224528084353
2025-10-03 14:39:30,0,1.0,0.0,1.1766241466669574,194617344.0,37662720.0,26.91,0.02,0.39,21.0,0.013766198919163673
2025-10-03 14:39:35,0,1.0,0.0,1.1758857712502504,194617344.0,37662720.0,26.97,0.02,0.39,21.0,0.013422171532081547
2025-10-03 14:39:40,0,1.0,0.0,1.1751473958335432,194617344.0,37662720.0,26.97,0.02,0.39,21.0,0.013078048923687266
2025-10-03 14:39:46,0,1.0,0.0,1.176129843583491,194617344.0,37662720.0,27.04,0.02,0.39,21.0,0.013352999078561299
2025-10-03 14:39:51,0,1.0,0.0,1.177112291333439,194617344.0,37662720.0,27.04,0.02,0.39,21.0,0.013627873728872184
2025-10-03 14:39:56,0,1.0,0.0,1.1767733525000494,194617344.0,37662720.0,27.1,0.02,0.39,21.0,0.013558682493514662
2025-10-03 14:40:01,0,1.0,0.0,1.1764344136666598,194617344.0,37662720.0,27.1,0.02,0.39,21.0,0.013489491403200583
2025-10-03 14:40:06,0,1.0,0.0,1.1765240616666688,194617344.0,37662720.0,27.17,0.03,0.39,21.0,0.013422171532081547
2025-10-03 14:40:11,0,1.0,0.0,1.1766137096666778,194617344.0,37662720.0,27.17,0.03,0.39,21.0,0.013354833027892287
2025-10-03 14:40:16,0,1.0,0.0,1.1766555514999861,194617344.0,37662720.0,27.229999999999997,0.02,0.39,21.0,0.013560530219247443
2025-10-03 14:40:21,0,1.0,0.0,1.1766973933332945,194617344.0,37662720.0,27.229999999999997,0.02,0.39,21.0,0.013766170061567294
2025-10-03 14:40:26,0,1.0,0.0,1.1770076661665219,194617344.0,37662720.0,27.31,0.02,0.39,21.0,0.013695859276827609
2025-10-03 14:40:31,0,1.0,0.0,1.1773179389997495,194617344.0,37662720.0,27.31,0.02,0.39,21.0,0.013625560133971051
2025-10-03 14:40:36,0,1.0,0.0,1.1770093951665785,194617344.0,37662720.0,27.38,0.02,0.39,21.0,0.01362764519070528
2025-10-03 14:40:41,0,1.0,0.0,1.1767008513334076,194617344.0,37662720.0,27.38,0.02,0.39,21.0,0.013629730885670438
2025-10-03 14:40:46,0,1.0,0.0,1.1769759180833714,194617344.0,37662720.0,27.44,0.02,0.39,21.0,0.013559592080175176
2025-10-03 14:40:51,0,1.0,0.0,1.1772509848333357,194617344.0,37662720.0,27.44,0.02,0.39,21.0,0.013489463125656393
2025-10-03 14:40:57,0,1.0,0.0,1.1767977782500716,194617344.0,37662720.0,27.509999999999998,0.6,0.39,21.0,0.013421228895683594
2025-10-03 14:41:02,0,1.0,0.0,1.1763445716668077,194617344.0,37662720.0,27.509999999999998,0.6,0.39,21.0,0.013352985080885251
2025-10-03 14:41:07,0,1.0,0.0,1.1767468583333691,194617344.0,37662720.0,27.57,0.53,0.39,21.0,0.013352803113767183
2025-10-03 14:41:12,0,1.0,0.0,1.1771491449999303,194617344.0,37662720.0,27.57,0.53,0.39,21.0,0.01335262115160854
2025-10-03 14:41:17,0,1.0,0.0,1.176587895500006,194617344.0,37662720.0,27.64,0.52,0.39,21.0,0.014435725800872516
2025-10-03 14:41:22,0,1.0,0.0,1.176026646000082,194617344.0,37662720.0,27.64,0.52,0.39,21.0,0.015518712384993198
2025-10-03 14:41:27,0,1.0,0.0,1.1784037388335187,194617344.0,37662720.0,27.69,0.47,0.39,21.0,0.013629702310193658
2025-10-03 14:41:32,0,1.0,0.0,1.178403738833519,194617344.0,37662720.0,27.69,0.47,0.39,21.0,0.01362970231019366
2025-10-03 14:41:37,0,1.0,0.0,1.1741946129999026,194617344.0,37662720.0,27.75,0.5,0.39,21.0,0.013766198919163673
2025-10-03 14:41:42,0,1.0,0.0,1.1741946129999026,194617344.0,37662720.0,27.75,0.5,0.39,21.0,0.013766198919163673
2025-10-03 14:41:47,0,1.0,0.0,1.1767402145001142,194617344.0,37662720.0,27.84,0.32,0.39,21.0,0.01348951968086333
2025-10-03 14:41:52,0,1.0,0.0,1.1767402145001142,194617344.0,37662720.0,27.84,0.32,0.39,21.0,0.01348951968086333
2025-10-03 14:41:57,0,1.0,0.0,1.1778720955000306,194617344.0,37662720.0,27.94,0.38,0.39,21.0,0.01321458447333497
2025-10-03 14:42:02,0,1.0,0.0,1.1778720955000306,194617344.0,37662720.0,27.94,0.38,0.39,21.0,0.013214584473334968
2025-10-03 14:42:08,0,1.0,0.0,1.178828750166758,194617344.0,37662720.0,28.03,0.82,0.39,21.0,0.013493225079994798
2025-10-03 14:42:13,0,1.0,0.0,1.178828750166758,194617344.0,37662720.0,28.03,0.82,0.39,21.0,0.0134932250799948
2025-10-03 14:42:18,0,1.0,0.0,1.1780386146665476,194617344.0,37662720.0,28.090000000000003,0.26,0.39,21.0,0.013352985080885251
2025-10-03 14:42:23,0,1.0,0.0,1.1780386146665478,194617344.0,37662720.0,28.090000000000003,0.26,0.39,21.0,0.013352985080885251
2025-10-03 14:42:28,0,1.0,0.0,1.1749167008336674,194617344.0,37662720.0,28.15,0.32,0.39,21.0,0.013629330839898864
2025-10-03 14:42:33,0,1.0,0.0,1.1749167008336674,194617344.0,37662720.0,28.15,0.32,0.39,21.0,0.013629330839898866
2025-10-03 14:42:38,0,1.0,0.0,1.1741064323332466,194617344.0,37662720.0,28.2,0.32,0.39,21.0,0.012661120568922286
2025-10-03 14:42:43,0,1.0,0.0,1.1741064323332466,194617344.0,37662720.0,28.2,0.32,0.39,21.0,0.012661120568922286
2025-10-03 14:42:48,0,1.0,0.0,1.175119217999812,194617344.0,37662720.0,28.28,0.42,0.39,21.0,0.013489519680863331
2025-10-03 14:42:53,0,1.0,0.0,1.175119217999812,194617344.0,37662720.0,28.28,0.42,0.39,21.0,0.01348951968086333
2025-10-03 14:42:58,0,1.0,0.0,1.1758422393336332,194617344.0,37662720.0,28.35,0.54,0.39,21.0,0.013078048923687267
2025-10-03 14:43:03,0,1.0,0.0,1.1758422393336332,194617344.0,37662720.0,28.35,0.54,0.39,21.0,0.013078048923687267
2025-10-03 14:43:08,0,1.0,0.0,1.1788951876665124,194617344.0,37662720.0,28.42,0.5,0.39,21.0,0.013629730885670438
2025-10-03 14:43:13,0,1.0,0.0,1.1788951876665124,194617344.0,37662720.0,28.42,0.5,0.39,21.0,0.013629730885670438
2025-10-03 14:43:19,0,1.0,0.0,1.1752748394998584,194617344.0,37662720.0,28.5,0.55,0.39,21.0,0.015518712384993198
2025-10-03 14:43:24,0,1.0,0.0,1.1752748394998584,194617344.0,37662720.0,28.5,0.55,0.39,21.0,0.015518712384993198
2025-10-03 14:43:29,0,1.0,0.0,1.412464262799949,194617344.0,37662720.0,28.58,0.13,0.39,21.0,0.013483087302728783
2025-10-03 14:43:34,0,1.0,0.0,1.4124642627999493,194617344.0,37662720.0,28.58,0.13,0.39,21.0,0.013483087302728783
2025-10-03 14:43:39,0,1.0,0.0,1.1772771624999527,194617344.0,37662720.0,28.650000000000002,0.02,0.39,21.0,0.0133529570856212
2025-10-03 14:43:44,0,1.0,0.0,1.1758221662500241,194617344.0,37662720.0,28.72,0.02,0.39,21.0,0.01348929346288086
2025-10-03 14:43:49,0,1.0,0.0,1.174367170000096,194617344.0,37662720.0,28.72,0.02,0.39,21.0,0.013625588692081816
2025-10-03 14:43:54,0,1.0,0.0,1.1752281580834278,194617344.0,37662720.0,28.79,0.02,0.39,21.0,0.013557545681781262
2025-10-03 14:43:59,0,1.0,0.0,1.1760891461667595,194617344.0,37662720.0,28.79,0.02,0.39,21.0,0.013489491403200582
2025-10-03 14:44:04,0,1.0,0.0,1.1766414643334429,194617344.0,37662720.0,28.86,0.02,0.39,21.0,0.013559592080175176
2025-10-03 14:44:09,0,1.0,0.0,1.177193782500126,194617344.0,37662720.0,28.86,0.02,0.39,21.0,0.013629702310193658
2025-10-03 14:44:14,0,1.0,0.0,1.1766051320001527,194617344.0,37662720.0,28.93,0.02,0.39,21.0,0.013627816593611843
2025-10-03 14:44:20,0,1.0,0.0,1.1760164815001797,194617344.0,37662720.0,28.93,0.02,0.39,21.0,0.013625931398748703
2025-10-03 14:44:25,0,1.0,0.0,1.1763482091666901,194617344.0,37662720.0,29.009999999999998,0.02,0.39,21.0,0.013626873930978974
2025-10-03 14:44:30,0,1.0,0.0,1.1766799368332008,194617344.0,37662720.0,29.009999999999998,0.02,0.39,21.0,0.013627816593611843
2025-10-03 14:44:48,1,1.0,0.0,1.1763942236663447,194617344.0,37662720.0,29.130000000000003,0.01,0.4,21.0,0.015447374323692614
2025-10-03 14:44:53,1,1.0,0.0,1.176394223666345,194617344.0,37662720.0,29.130000000000003,0.01,0.4,21.0,0.015447374323692612
2025-10-03 14:44:58,1,1.0,0.0,1.1797153429999223,194617344.0,37662720.0,29.16,110.07,0.55,21.0,0.015719493303650973
2025-10-03 14:45:03,1,1.0,0.0,1.179715342999922,194617344.0,37662720.0,29.16,110.07,0.55,21.0,0.01571949330365097
2025-10-03 14:45:08,1,1.0,0.0,1.1732898379999217,194617344.0,37662720.0,29.21,130.19,0.55,21.0,0.01421474090223042
2025-10-03 14:45:13,1,1.0,0.0,1.173289837999922,194617344.0,37662720.0,29.21,130.19,0.55,21.0,0.014214740902230422
2025-10-03 14:45:18,1,1.0,0.0,1.1730009521666034,194617344.0,37662720.0,29.24,131.74,0.55,21.0,0.013766112346737492
2025-10-03 14:45:23,1,1.0,0.0,1.1730009521666034,194617344.0,37662720.0,29.24,131.74,0.55,21.0,0.013766112346737493
2025-10-03 14:45:29,1,1.0,0.0,1.17576273716683,194617344.0,37662720.0,29.28,130.55,0.55,21.0,0.01376611234673749
2025-10-03 14:45:34,1,1.0,0.0,1.17576273716683,194617344.0,37662720.0,29.28,130.55,0.55,21.0,0.013766112346737492
2025-10-03 14:45:39,1,1.0,0.0,1.1741492984998938,194617344.0,37662720.0,29.32,128.72,0.55,21.0,0.013766112346737492
2025-10-03 14:45:44,1,1.0,0.0,1.1741492984998938,194617344.0,37662720.0,29.32,128.72,0.55,21.0,0.013766112346737492
2025-10-03 14:45:49,0,1.0,0.0,1.1767335463332529,194617344.0,37662720.0,29.369999999999997,128.88,0.39,21.0,0.013489406570923672
2025-10-03 14:45:54,0,1.0,0.0,1.1767335463332527,194617344.0,37662720.0,29.369999999999997,0.25,0.39,21.0,0.014883176810840672
2025-10-03 14:45:59,0,1.0,0.0,1.1877992516665472,194617344.0,37662720.0,29.439999999999998,0.25,0.39,21.0,0.01627729481969798
2025-10-03 14:46:04,0,1.0,0.0,1.1818913150834,194617344.0,37662720.0,29.51,0.57,0.39,21.0,0.015021389494251932
2025-10-03 14:46:09,0,1.0,0.0,1.1759833785002531,194617344.0,37662720.0,29.51,0.57,0.39,21.0,0.013765823779847437
2025-10-03 14:46:14,0,1.0,0.0,1.1756412426667946,194617344.0,37662720.0,29.59,0.54,0.39,21.0,0.013627659474116146
2025-10-03 14:46:19,0,1.0,0.0,1.1752991068333358,194617344.0,37662720.0,29.59,0.54,0.39,21.0,0.013489491403200583
2025-10-03 14:46:24,0,1.0,0.0,1.1764721507499871,194617344.0,37662720.0,29.669999999999998,0.61,0.39,21.0,0.01335115163902209
2025-10-03 14:46:29,0,1.0,0.0,1.1776451946666384,194617344.0,37662720.0,29.669999999999998,0.61,0.39,21.0,0.013212811584845618
2025-10-03 14:46:34,0,1.0,0.0,1.1773102673333444,194617344.0,37662720.0,29.75,0.26,0.39,21.0,0.013212617704027303
2025-10-03 14:46:40,0,1.0,0.0,1.1769753400000504,194617344.0,37662720.0,29.75,0.26,0.39,21.0,0.013212423828898798
2025-10-03 14:46:45,0,1.0,0.0,1.17693909283336,194617344.0,37662720.0,29.81,0.25,0.39,21.0,0.013144337191032082
2025-10-03 14:46:50,0,1.0,0.0,1.1769028456666697,194617344.0,37662720.0,29.81,0.25,0.39,21.0,0.013076239276100065
2025-10-03 14:46:55,0,1.0,0.0,1.176636182999952,194617344.0,37662720.0,29.88,0.53,0.39,21.0,0.013077157746753512
2025-10-03 14:47:00,0,1.0,0.0,1.176369520333234,194617344.0,37662720.0,29.88,0.53,0.39,21.0,0.013078076346442164
2025-10-03 14:47:05,0,1.0,0.0,1.1766947655832305,194617344.0,37662720.0,29.96,0.65,0.39,21.0,0.013422171532081547
2025-10-03 14:47:10,0,1.0,0.0,1.1770200108332272,194617344.0,37662720.0,29.96,0.65,0.39,21.0,0.013766170061567292
2025-10-03 14:47:15,0,1.0,0.0,1.283669392999979,194617344.0,37662720.0,30.03,0.02,0.39,21.0,0.013563420071581159
2025-10-03 14:47:20,0,1.0,0.0,1.4116486516000806,194617344.0,37662720.0,30.03,0.02,0.39,21.0,0.013310495417162432
2025-10-03 14:47:25,0,1.0,0.0,1.2836435378182862,194617344.0,37662720.0,30.11,0.02,0.39,21.0,0.013487662006707177
2025-10-03 14:47:30,0,1.0,0.0,1.1769726096667912,194617344.0,37662720.0,30.11,0.02,0.39,21.0,0.01362970231019366
2025-10-03 14:47:35,0,1.0,0.0,1.1768142663333945,194617344.0,37662720.0,30.189999999999998,0.02,0.39,21.0,0.013560544434474141
2025-10-03 14:47:40,0,1.0,0.0,1.1766559229999984,194617344.0,37662720.0,30.189999999999998,0.02,0.39,21.0,0.013491386268766864
2025-10-03 14:47:45,0,1.0,0.0,1.1779194274167062,194617344.0,37662720.0,30.27,0.02,0.39,21.0,0.013628616530855682
2025-10-03 14:47:51,0,1.0,0.0,1.1791829318334142,194617344.0,37662720.0,30.27,0.02,0.39,21.0,0.013765823779847438
2025-10-03 14:47:56,0,1.0,0.0,1.1777699265000288,194617344.0,37662720.0,30.35,0.02,0.39,21.0,0.014642224528084353
2025-10-03 14:48:01,0,1.0,0.0,1.1763569211666436,194617344.0,37662720.0,30.35,0.02,0.39,21.0,0.01551864732233633
2025-10-03 14:48:06,0,1.0,0.0,1.1768725848334423,194617344.0,37662720.0,30.419999999999998,0.02,0.39,21.0,0.014642408691951811
2025-10-03 14:48:11,0,1.0,0.0,1.177388248500241,194617344.0,37662720.0,30.419999999999998,0.02,0.39,21.0,0.013766170061567294
2025-10-03 14:48:16,0,1.0,0.0,1.176619120750047,194617344.0,37662720.0,30.5,0.02,0.39,21.0,0.013695873630727051
2025-10-03 14:48:21,0,1.0,0.0,1.1758499929998532,194617344.0,37662720.0,30.5,0.02,0.39,21.0,0.013625588692081818
2025-10-03 14:48:26,0,1.0,0.0,1.1770849788332878,194617344.0,37662720.0,30.58,0.02,0.39,21.0,0.013627673757556955
2025-10-03 14:48:31,0,1.0,0.0,1.1783199646667224,194617344.0,37662720.0,30.58,0.02,0.39,21.0,0.013629759461267038
2025-10-03 14:48:36,0,1.0,0.0,1.177642916416668,194617344.0,37662720.0,30.65,0.03,0.39,21.0,0.013422185602284413
2025-10-03 14:48:41,0,1.0,0.0,1.176965868166614,194617344.0,37662720.0,30.65,0.03,0.39,21.0,0.013214612178492659
2025-10-03 14:48:46,0,1.0,0.0,1.1774011561666005,194617344.0,37662720.0,30.72,0.03,0.39,21.0,0.013352061299147809
2025-10-03 14:48:51,0,1.0,0.0,1.1778364441665872,194617344.0,37662720.0,30.72,0.03,0.39,21.0,0.013489491403200583
2025-10-03 14:48:56,0,1.0,0.0,1.1770904145832142,194617344.0,37662720.0,30.81,0.03,0.39,21.0,0.013489491403200583
2025-10-03 14:49:02,0,1.0,0.0,1.1763443849998414,194617344.0,37662720.0,30.81,0.03,0.39,21.0,0.013489491403200583
2025-10-03 14:49:07,0,1.0,0.0,1.1769107004165562,194617344.0,37662720.0,30.880000000000003,0.02,0.39,21.0,0.013351123651445324
2025-10-03 14:49:12,0,1.0,0.0,1.177477015833271,194617344.0,37662720.0,30.880000000000003,0.02,0.39,21.0,0.013212756189745491
2025-10-03 14:49:17,0,1.0,0.0,1.176696612249998,194617344.0,37662720.0,30.95,0.02,0.39,21.0,0.013282698635148209
2025-10-03 14:49:22,0,1.0,0.0,1.175916208666725,194617344.0,37662720.0,30.95,0.02,0.39,21.0,0.013352649145464
2025-10-03 14:49:27,0,1.0,0.0,1.178697818999808,194617344.0,37662720.0,31.02,0.01,0.39,21.0,0.012937839248762508
2025-10-03 14:49:32,0,1.0,0.0,1.178697818999808,194617344.0,37662720.0,31.02,0.01,0.39,21.0,0.01293783924876251
2025-10-03 14:49:37,0,1.0,0.0,1.175400231833464,194617344.0,37662720.0,31.1,0.37,0.39,21.0,0.012941447865111987
2025-10-03 14:49:42,0,1.0,0.0,1.1754002318334642,194617344.0,37662720.0,31.1,0.37,0.39,21.0,0.012941447865111987
2025-10-03 14:49:47,0,1.0,0.0,1.1779210413333203,194617344.0,37662720.0,31.18,0.64,0.39,21.0,0.01335113764521904
2025-10-03 14:49:52,0,1.0,0.0,1.1779210413333203,194617344.0,37662720.0,31.18,0.64,0.39,21.0,0.013351137645219039
2025-10-03 14:49:57,0,1.0,0.0,1.1762700015001428,194617344.0,37662720.0,31.25,0.54,0.39,21.0,0.014965327564376693
2025-10-03 14:50:02,0,1.0,0.0,1.1762700015001428,194617344.0,37662720.0,31.25,0.54,0.39,21.0,0.014965327564376692
2025-10-03 14:50:07,0,1.0,0.0,1.176261745333401,194617344.0,37662720.0,31.33,0.6,0.39,21.0,0.013493225079994798
2025-10-03 14:50:12,0,1.0,0.0,1.1762617453334012,194617344.0,37662720.0,31.33,0.6,0.39,21.0,0.0134932250799948
2025-10-03 14:50:18,0,1.0,0.0,1.1751137026667493,194617344.0,37662720.0,31.41,0.52,0.39,21.0,0.013489491403200583
2025-10-03 14:50:23,0,1.0,0.0,1.1751137026667493,194617344.0,37662720.0,31.41,0.52,0.39,21.0,0.013489491403200582
2025-10-03 14:50:28,0,1.0,0.0,1.1763036453333673,194617344.0,37662720.0,31.490000000000002,0.52,0.39,21.0,0.013214612178492659
2025-10-03 14:50:33,0,1.0,0.0,1.1763036453333673,194617344.0,37662720.0,31.490000000000002,0.52,0.39,21.0,0.013214612178492659
2025-10-03 14:50:38,0,1.0,0.0,1.1763317366667252,194617344.0,37662720.0,31.55,0.24,0.39,21.0,0.01321425202050379
2025-10-03 14:50:43,0,1.0,0.0,1.1763317366667252,194617344.0,37662720.0,31.55,0.24,0.39,21.0,0.013214252020503789
2025-10-03 14:50:48,0,1.0,0.0,1.1757523361666244,194617344.0,37662720.0,31.63,0.26,0.39,21.0,0.013489463125656392
2025-10-03 14:50:53,0,1.0,0.0,1.1757523361666244,194617344.0,37662720.0,31.63,0.26,0.39,21.0,0.013489463125656393
2025-10-03 14:50:58,0,1.0,0.0,1.1767740661668238,194617344.0,37662720.0,31.689999999999998,0.52,0.39,21.0,0.013354861031022949
2025-10-03 14:51:03,0,1.0,0.0,1.1767740661668238,194617344.0,37662720.0,31.689999999999998,0.52,0.39,21.0,0.01335486103102295
2025-10-03 14:51:08,0,1.0,0.0,1.1758244724998501,194617344.0,37662720.0,31.77,0.52,0.39,21.0,0.013489123804373119
2025-10-03 14:51:13,0,1.0,0.0,1.17582447249985,194617344.0,37662720.0,31.77,0.52,0.39,21.0,0.013489123804373117
2025-10-03 14:56:50,0,1.0,0.0,1.1756964001666952,194617344.0,37662720.0,34.0,0.44,0.39,21.0,0.013489463125656393
2025-10-03 14:56:55,0,1.0,0.0,1.1770963755000141,194617344.0,37662720.0,34.07,0.51,0.39,21.0,0.013627830877382015
2025-10-03 14:57:00,0,1.0,0.0,1.1784963508333326,194617344.0,37662720.0,34.07,0.51,0.39,21.0,0.013766198919163673
2025-10-03 14:57:05,0,1.0,0.0,1.1773738334165196,194617344.0,37662720.0,34.13,0.62,0.39,21.0,0.013490424628672655
2025-10-03 14:57:11,0,1.0,0.0,1.176251315999707,194617344.0,37662720.0,34.13,0.62,0.39,21.0,0.013214612178492659
2025-10-03 14:57:16,0,1.0,0.0,1.1770644664998144,194617344.0,37662720.0,34.22,0.65,0.39,21.0,0.013352061299147809
2025-10-03 14:57:21,0,1.0,0.0,1.1778776169999219,194617344.0,37662720.0,34.22,0.65,0.39,21.0,0.013489491403200585
2025-10-03 14:57:26,0,1.0,0.0,1.1776109182498353,194617344.0,37662720.0,34.28,0.68,0.39,21.0,0.013489477264413668
2025-10-03 14:57:31,0,1.0,0.0,1.177344219499749,194617344.0,37662720.0,34.28,0.68,0.39,21.0,0.013489463125656393
2025-10-03 14:57:36,0,1.0,0.0,1.2835731335453602,194617344.0,37662720.0,34.35,0.61,0.39,21.0,0.013792758423704695
2025-10-03 14:57:41,0,1.0,0.0,1.4110478304000933,194617344.0,37662720.0,34.35,0.61,0.39,21.0,0.014171046095118572
2025-10-03 14:57:46,0,1.0,0.0,1.2829847646363222,194617344.0,37662720.0,34.43,0.02,0.39,21.0,0.013793849723250344
2025-10-03 14:57:51,0,1.0,0.0,1.1762655431665128,194617344.0,37662720.0,34.43,0.02,0.39,21.0,0.013491386268766864
2025-10-03 14:57:56,0,1.0,0.0,1.1768719046666167,194617344.0,37662720.0,34.51,0.02,0.39,21.0,0.014228362386138511
2025-10-03 14:58:01,0,1.0,0.0,1.1774782661667207,194617344.0,37662720.0,34.51,0.02,0.39,21.0,0.014965233450514526
2025-10-03 14:58:06,0,1.0,0.0,1.177634742750039,194617344.0,37666816.0,34.56,0.02,0.39,21.0,0.01436574692765244
2025-10-03 14:58:11,0,1.0,0.0,1.177791219333358,194617344.0,37666816.0,34.56,0.02,0.39,21.0,0.013766256634719393
2025-10-03 14:58:16,0,1.0,0.0,1.1768312134166383,194617344.0,37666816.0,34.629999999999995,0.02,0.39,21.0,0.013766227776881038
2025-10-03 14:58:22,0,1.0,0.0,1.175871207499919,194617344.0,37666816.0,34.629999999999995,0.02,0.39,21.0,0.013766198919163673
2025-10-03 14:58:27,0,1.0,0.0,1.176315252749949,194617344.0,37666816.0,34.71,0.03,0.39,21.0,0.01376598249013983
2025-10-03 14:58:32,0,1.0,0.0,1.176759297999979,194617344.0,37666816.0,34.71,0.03,0.39,21.0,0.013765766067921174
2025-10-03 14:58:37,0,1.0,0.0,1.177227282833352,194617344.0,37666816.0,34.77,0.01,0.39,21.0,0.013834172292039376
2025-10-03 14:58:42,0,1.0,0.0,1.1776952676667254,194617344.0,37666816.0,34.77,0.01,0.39,21.0,0.013902570917154678
2025-10-03 14:58:47,0,1.0,0.0,1.1748886876666802,194617344.0,37666816.0,34.82,0.02,0.39,21.0,0.013489434848230756
2025-10-03 14:58:52,0,1.0,0.0,1.1748886876666802,194617344.0,37666816.0,34.82,0.02,0.39,21.0,0.013489434848230756
2025-10-03 14:58:57,0,1.0,0.0,1.176476872999956,194617344.0,37666816.0,34.9,0.02,0.39,21.0,0.0136296737348367
2025-10-03 14:59:02,0,1.0,0.0,1.176476872999956,194617344.0,37666816.0,34.9,0.02,0.39,21.0,0.013629673734836699
2025-10-03 14:59:07,0,1.0,0.0,1.1762995090001216,194617344.0,37666816.0,34.99,0.02,0.39,21.0,0.013766170061567294
2025-10-03 14:59:25,1,1.0,0.0,1.1789217173334994,194617344.0,37666816.0,35.11,107.15,0.55,21.0,0.015078431742478079
2025-10-03 14:59:30,1,1.0,0.0,1.1781642908334409,194617344.0,37666816.0,35.11,107.15,0.55,21.0,0.016390659064229415
2025-10-03 14:59:36,1,1.0,0.0,1.1757516640833878,194617344.0,37666816.0,35.14,97.76,0.55,21.0,0.01582576356321815
2025-10-03 14:59:41,1,1.0,0.0,1.173339037333335,194617344.0,37666816.0,35.14,97.76,0.55,21.0,0.015260789896304621
2025-10-03 14:59:46,1,1.0,0.0,1.1739552717502495,194617344.0,37666816.0,35.18,96.4,0.55,21.0,0.014513413849272652
2025-10-03 14:59:51,1,1.0,0.0,1.1745715061671642,194617344.0,37666816.0,35.18,96.4,0.55,21.0,0.0137661412040919
2025-10-03 14:59:56,1,1.0,0.0,1.1748259375835914,194617344.0,37666816.0,35.22,92.14,0.55,21.0,0.013697926548170727
2025-10-03 15:00:01,1,1.0,0.0,1.1750803690000187,194617344.0,37666816.0,35.22,92.14,0.55,21.0,0.01362970231019366
2025-10-03 15:00:06,1,1.0,0.0,1.1765583189167046,194617344.0,37666816.0,35.26,88.36,0.55,21.0,0.013697912189967862
2025-10-03 15:00:11,1,1.0,0.0,1.1780362688333903,194617344.0,37666816.0,35.26,88.36,0.55,21.0,0.013766112346737492
2025-10-03 15:00:16,1,1.0,0.0,1.177498668583439,194617344.0,37666816.0,35.29,70.1,0.56,21.0,0.013766112346737492
2025-10-03 15:00:21,1,1.0,0.0,1.176961068333488,194617344.0,37666816.0,35.29,70.1,0.56,21.0,0.013766112346737492
2025-10-03 15:00:26,0,1.0,0.0,1.1760594419999961,194617344.0,37666816.0,35.36,25.88,0.38,21.0,0.0141340904493752
2025-10-03 15:00:31,0,1.0,0.0,1.1751578156665043,194617344.0,37666816.0,35.36,25.88,0.38,21.0,0.014502018419386887
2025-10-03 15:00:37,0,1.0,0.0,1.1798219812498396,194617344.0,37666816.0,35.45,0.8,0.38,21.0,0.014881351668623179
2025-10-03 15:00:42,0,1.0,0.0,1.1844861468331753,194617344.0,37666816.0,35.45,0.8,0.38,21.0,0.01526078989630462
2025-10-03 15:00:47,0,1.0,0.0,1.1817337108333654,194617344.0,37666816.0,35.51,0.51,0.38,21.0,0.014445246958164341
2025-10-03 15:00:52,0,1.0,0.0,1.178981274833556,194617344.0,37666816.0,35.51,0.51,0.38,21.0,0.013629702310193658
2025-10-03 15:00:57,0,1.0,0.0,1.1776182105834323,194617344.0,37666816.0,35.589999999999996,0.75,0.38,21.0,0.013493225079994798
2025-10-03 15:01:02,0,1.0,0.0,1.1762551463333086,194617344.0,37666816.0,35.589999999999996,0.75,0.38,21.0,0.0134932250799948
2025-10-03 15:01:07,0,1.0,0.0,1.1781304913330737,194617344.0,37666816.0,35.67,0.61,0.38,21.0,0.013765794923823817
2025-10-03 15:01:12,0,1.0,0.0,1.178130491333074,194617344.0,37666816.0,35.67,0.61,0.38,21.0,0.013765794923823817
2025-10-03 15:01:17,0,1.0,0.0,1.4118940837997798,194617344.0,37666816.0,35.74,0.02,0.38,21.0,0.01417089789109848
2025-10-03 15:01:22,0,1.0,0.0,1.4118940837997798,194617344.0,37666816.0,35.74,0.02,0.38,21.0,0.01417089789109848
2025-10-03 15:01:27,0,1.0,0.0,1.1789038894999067,194617344.0,37666816.0,35.8,0.02,0.38,21.0,0.013351109657700944
2025-10-03 15:01:32,0,1.0,0.0,1.1789038894999067,194617344.0,37666816.0,35.8,0.02,0.38,21.0,0.013351109657700942
2025-10-03 15:01:37,0,1.0,0.0,1.1751604903333828,194617344.0,37666816.0,35.86,0.01,0.38,21.0,0.013629702310193658
2025-10-03 15:01:42,0,1.0,0.0,1.175160490333383,194617344.0,37666816.0,35.86,0.01,0.38,21.0,0.013629702310193658
2025-10-03 15:01:48,0,1.0,0.0,1.1760882446663647,194617344.0,37666816.0,35.94,0.02,0.38,21.0,0.013766198919163673
2025-10-03 15:01:53,0,1.0,0.0,1.1760882446663647,194617344.0,37666816.0,35.94,0.02,0.38,21.0,0.013766198919163673
2025-10-03 15:01:58,0,1.0,0.0,1.1744194208336012,194617344.0,37666816.0,36.01,0.02,0.38,21.0,0.013766170061567294
2025-10-03 15:02:03,0,1.0,0.0,1.1744194208336012,194617344.0,37666816.0,36.01,0.02,0.38,21.0,0.013766170061567292
2025-10-03 15:02:08,0,1.0,0.0,1.177759888166444,194617344.0,37666816.0,36.1,0.02,0.38,21.0,0.013489434848230756
2025-10-03 15:02:13,0,1.0,0.0,1.1777598881664442,194617344.0,37666816.0,36.1,0.02,0.38,21.0,0.013489434848230758
2025-10-03 15:02:18,0,1.0,0.0,1.176642507666808,194617344.0,37666816.0,36.16,0.01,0.38,21.0,0.013766170061567292
2025-10-03 15:02:23,0,1.0,0.0,1.176642507666808,194617344.0,37666816.0,36.16,0.01,0.38,21.0,0.013766170061567294
2025-10-03 15:02:28,0,1.0,0.0,1.1761693910002577,194617344.0,37666816.0,36.220000000000006,0.02,0.38,21.0,0.014365671641791044
2025-10-03 15:02:33,0,1.0,0.0,1.1761693910002577,194617344.0,37666816.0,36.220000000000006,0.02,0.38,21.0,0.014365671641791044
2025-10-03 15:02:38,0,1.0,0.0,1.1757199683333965,194617344.0,37666816.0,36.300000000000004,0.03,0.38,21.0,0.01381573429505997
2025-10-03 15:02:43,0,1.0,0.0,1.1757199683333965,194617344.0,37666816.0,36.300000000000004,0.03,0.38,21.0,0.01381573429505997
2025-10-03 15:02:48,0,1.0,0.0,1.1774530386668023,194617344.0,37666816.0,36.379999999999995,0.02,0.38,21.0,0.012937513758294286
2025-10-03 15:02:53,0,1.0,0.0,1.1774530386668023,194617344.0,37666816.0,36.379999999999995,0.02,0.38,21.0,0.012937513758294286
2025-10-03 15:02:59,0,1.0,0.0,1.1761977585001657,194617344.0,37666816.0,36.459999999999994,0.03,0.38,21.0,0.013765794923823819
2025-10-03 15:03:04,0,1.0,0.0,1.176197758500166,194617344.0,37666816.0,36.459999999999994,0.03,0.38,21.0,0.013765794923823817
2025-10-03 15:03:09,0,1.0,0.0,1.1760374700000589,194617344.0,37666816.0,36.519999999999996,0.02,0.38,21.0,0.012799117793813656
2025-10-03 15:03:14,0,1.0,0.0,1.1760374700000589,194617344.0,37666816.0,36.519999999999996,0.02,0.38,21.0,0.012799117793813654
2025-10-03 15:03:19,0,1.0,0.0,1.1806355003335132,194617344.0,37666816.0,36.59,0.02,0.38,21.0,0.013765766067921173
2025-10-03 15:03:24,0,1.0,0.0,1.1806355003335134,194617344.0,37666816.0,36.59,0.02,0.38,21.0,0.013765766067921176
2025-10-03 15:03:29,0,1.0,0.0,1.176810100166525,194617344.0,37666816.0,36.660000000000004,0.02,0.38,21.0,0.013629702310193658
2025-10-03 15:03:34,0,1.0,0.0,1.175994405833156,194617344.0,37666816.0,36.730000000000004,0.02,0.38,21.0,0.013491131703635372
2025-10-03 15:03:39,0,1.0,0.0,1.1751787114997874,194617344.0,37666816.0,36.730000000000004,0.02,0.38,21.0,0.01335256516424976
2025-10-03 15:03:44,0,1.0,0.0,1.1760168574165466,194617344.0,37666816.0,36.8,0.02,0.38,21.0,0.013490947857014822
2025-10-03 15:03:49,0,1.0,0.0,1.1768550033333063,194617344.0,37666816.0,36.8,0.02,0.38,21.0,0.013629330839898864
2025-10-03 15:03:54,0,1.0,0.0,1.1772592885831727,194617344.0,37670912.0,36.89,0.51,0.38,21.0,0.013697768609594728
2025-10-03 15:03:59,0,1.0,0.0,1.1776635738330394,194617344.0,37670912.0,36.89,0.51,0.38,21.0,0.013766198919163674
2025-10-03 15:04:04,0,1.0,0.0,1.1773125385000185,194617344.0,37670912.0,36.96,0.51,0.38,21.0,0.013489463125656392
2025-10-03 15:04:09,0,1.0,0.0,1.1769615031669975,194617344.0,37670912.0,36.96,0.51,0.38,21.0,0.013212728492369612
2025-10-03 15:04:15,0,1.0,0.0,1.176665888833592,194617344.0,37670912.0,37.03,0.54,0.38,21.0,0.013212728492369614
2025-10-03 15:04:20,0,1.0,0.0,1.1763702745001865,194617344.0,37670912.0,37.03,0.54,0.38,21.0,0.013212728492369612
2025-10-03 15:04:25,0,1.0,0.0,1.1766563600834463,194617344.0,37670912.0,37.11,0.51,0.38,21.0,0.013582609898806518
2025-10-03 15:04:30,0,1.0,0.0,1.1769424456667064,194617344.0,37670912.0,37.11,0.51,0.38,21.0,0.013952542486592561
2025-10-03 15:04:35,0,1.0,0.0,1.1772475021666648,194617344.0,37670912.0,37.18,0.7,0.38,21.0,0.014021743346328464
2025-10-03 15:04:40,0,1.0,0.0,1.177552558666624,194617344.0,37670912.0,37.18,0.7,0.38,21.0,0.01409094435114776
2025-10-03 15:04:45,0,1.0,0.0,1.177501548000009,194617344.0,37670912.0,37.25,0.54,0.38,21.0,0.013860337860149171
2025-10-03 15:04:50,0,1.0,0.0,1.1774505373333948,194617344.0,37670912.0,37.25,0.54,0.38,21.0,0.013629730885670438
2025-10-03 15:04:55,0,1.0,0.0,1.177990958083304,194617344.0,37670912.0,37.32,0.53,0.38,21.0,0.013766184490350358
2025-10-03 15:05:00,0,1.0,0.0,1.178531378833213,194617344.0,37670912.0,37.32,0.53,0.38,21.0,0.013902600056591316
2025-10-03 15:05:05,0,1.0,0.0,1.1777908009166063,194617344.0,37670912.0,37.4,0.58,0.38,21.0,0.013834404276927044
2025-10-03 15:05:10,0,1.0,0.0,1.1770502229999995,194617344.0,37670912.0,37.4,0.58,0.38,21.0,0.013766198919163673
2025-10-03 15:05:15,0,1.0,0.0,1.1770712297499508,194617344.0,37670912.0,37.48,0.67,0.38,21.0,0.01369796962295993
2025-10-03 15:05:20,0,1.0,0.0,1.1770922364999024,194617344.0,37670912.0,37.48,0.67,0.38,21.0,0.013629730885670438
2025-10-03 15:05:25,0,1.0,0.0,1.1772785440000462,194617344.0,37670912.0,37.53,0.52,0.38,21.0,0.013559592080175176
2025-10-03 15:05:31,0,1.0,0.0,1.17746485150019,194617344.0,37670912.0,37.53,0.52,0.38,21.0,0.013489463125656393
2025-10-03 15:05:36,0,1.0,0.0,1.1771192476667995,194617344.0,37670912.0,37.61,0.25,0.38,21.0,0.013075293523253876
2025-10-03 15:05:41,0,1.0,0.0,1.1767736438334093,194617344.0,37670912.0,37.61,0.25,0.38,21.0,0.012661067479569117
2025-10-03 15:05:46,0,1.0,0.0,1.1768604189999223,194617344.0,37670912.0,37.690000000000005,0.53,0.38,21.0,0.01293693062882791
2025-10-03 15:05:51,0,1.0,0.0,1.1769471941664353,194617344.0,37670912.0,37.690000000000005,0.53,0.38,21.0,0.013212756189745493
2025-10-03 15:05:56,0,1.0,0.0,1.1774099480830953,194617344.0,37670912.0,37.74,0.51,0.38,21.0,0.01335183737130854
2025-10-03 15:06:01,0,1.0,0.0,1.1778727019997557,194617344.0,37670912.0,37.74,0.51,0.38,21.0,0.013490933715174626
2025-10-03 15:06:06,0,1.0,0.0,1.1763638518333057,194617344.0,37670912.0,37.82,0.64,0.38,21.0,0.013423789798800413
2025-10-03 15:06:11,0,1.0,0.0,1.174855001666856,194617344.0,37670912.0,37.82,0.64,0.38,21.0,0.013356625465038734
2025-10-03 15:06:16,0,1.0,0.0,1.1764062458334288,194617344.0,37670912.0,37.9,0.24,0.38,21.0,0.013352929090474535
2025-10-03 15:06:21,0,1.0,0.0,1.1779574900000018,194617344.0,37670912.0,37.9,0.24,0.38,21.0,0.013349234761248024
2025-10-03 15:06:26,0,1.0,0.0,1.178168295916824,194617344.0,37670912.0,37.970000000000006,0.68,0.38,21.0,0.013857432570521253
2025-10-03 15:06:31,0,1.0,0.0,1.1783791018336462,194617344.0,37670912.0,37.970000000000006,0.68,0.38,21.0,0.01436570175604091
2025-10-03 15:06:36,0,1.0,0.0,1.2857911135456148,194617344.0,37670912.0,38.03,0.02,0.38,21.0,0.014689456170153352
2025-10-03 15:06:41,0,1.0,0.0,1.414685527599977,194617344.0,37670912.0,38.03,0.02,0.38,21.0,0.015093313390216542
2025-10-03 15:06:47,0,1.0,0.0,1.2845307260908654,194617344.0,37670912.0,38.11,0.02,0.38,21.0,0.014356689083843344
2025-10-03 15:06:52,0,1.0,0.0,1.1760683914999388,194617344.0,37670912.0,38.11,0.02,0.38,21.0,0.013766170061567294
2025-10-03 15:06:57,0,1.0,0.0,1.1767914829166934,194617344.0,37670912.0,38.2,0.02,0.38,21.0,0.013834389777643626
2025-10-03 15:07:02,0,1.0,0.0,1.177514574333448,194617344.0,37670912.0,38.2,0.02,0.38,21.0,0.013902600056591318
2025-10-03 15:07:07,0,1.0,0.0,1.1772987762500027,194617344.0,37670912.0,38.25,0.01,0.38,21.0,0.0133529570856212
2025-10-03 15:07:12,0,1.0,0.0,1.1770829781665573,194617344.0,37670912.0,38.25,0.01,0.38,21.0,0.013352957085621198
2025-10-03 15:07:17,0,1.0,0.0,1.1739088866668983,194617344.0,37670912.0,38.32,0.02,0.38,21.0,0.013489463125656392
2025-10-03 15:07:22,0,1.0,0.0,1.1739088866668985,194617344.0,37670912.0,38.32,0.02,0.38,21.0,0.013489463125656393
2025-10-03 15:07:27,0,1.0,0.0,1.175555049666703,194617344.0,37670912.0,38.4,0.02,0.38,21.0,0.013076211861048738
2025-10-03 15:07:32,0,1.0,0.0,1.175555049666703,194617344.0,37670912.0,38.4,0.02,0.38,21.0,0.013076211861048737
2025-10-03 15:07:37,0,1.0,0.0,1.1763424633334882,194617344.0,37670912.0,38.48,0.02,0.38,21.0,0.013629702310193658
2025-10-03 15:07:42,0,1.0,0.0,1.1763424633334882,194617344.0,37670912.0,38.48,0.02,0.38,21.0,0.013629702310193658
2025-10-03 15:07:47,0,1.0,0.0,1.1777393479997045,194617344.0,37670912.0,38.54,0.01,0.38,21.0,0.013491301412655615
2025-10-03 15:07:52,0,1.0,0.0,1.1777393479997045,194617344.0,37670912.0,38.54,0.01,0.38,21.0,0.013491301412655615
2025-10-03 15:07:58,0,1.0,0.0,1.1778517420001056,194617344.0,37670912.0,38.61,0.02,0.38,21.0,0.013489434848230755
2025-10-03 15:08:03,0,1.0,0.0,1.1778517420001056,194617344.0,37670912.0,38.61,0.02,0.38,21.0,0.013489434848230755
2025-10-03 15:08:08,0,1.0,0.0,1.1756735773333276,194617344.0,37670912.0,38.68,0.02,0.38,21.0,0.01307621186104874
2025-10-03 15:08:13,0,1.0,0.0,1.1756735773333276,194617344.0,37670912.0,38.68,0.02,0.38,21.0,0.01307621186104874
2025-10-03 15:08:18,0,1.0,0.0,1.177502137000071,194617344.0,37670912.0,38.75,0.02,0.38,21.0,0.01321458447333497
2025-10-03 15:08:23,0,1.0,0.0,1.1775021370000711,194617344.0,37670912.0,38.75,0.02,0.38,21.0,0.01321458447333497
2025-10-03 15:08:28,0,1.0,0.0,1.1769113383334115,194617344.0,37670912.0,38.82,0.02,0.38,21.0,0.014229287130954726
2025-10-03 15:08:33,0,1.0,0.0,1.1769113383334115,194617344.0,37670912.0,38.82,0.02,0.38,21.0,0.014229287130954728
2025-10-03 15:08:38,0,1.0,0.0,1.1762587505001345,194617344.0,37670912.0,38.900000000000006,0.02,0.38,21.0,0.013677719136016038
2025-10-03 15:08:43,0,1.0,0.0,1.1762587505001345,194617344.0,37670912.0,38.900000000000006,0.02,0.38,21.0,0.013677719136016035
2025-10-03 15:08:48,0,1.0,0.0,1.1765575831664137,194617344.0,37670912.0,38.980000000000004,0.02,0.38,21.0,0.012662554149769982
2025-10-03 15:08:53,0,1.0,0.0,1.1765575831664137,194617344.0,37670912.0,38.980000000000004,0.02,0.38,21.0,0.01266255414976998
2025-10-03 15:08:58,0,1.0,0.0,1.1782136859997083,194617344.0,37670912.0,39.050000000000004,0.02,0.38,21.0,0.013489067252485573
2025-10-03 15:09:03,0,1.0,0.0,1.178213685999708,194617344.0,37670912.0,39.050000000000004,0.02,0.38,21.0,0.013489067252485573
2025-10-03 15:09:08,0,1.0,0.0,1.176142414333147,194617344.0,37670912.0,39.12,0.55,0.38,21.0,0.013489067252485573
2025-10-03 15:09:14,0,1.0,0.0,1.1761424143331474,194617344.0,37670912.0,39.12,0.55,0.38,21.0,0.013489067252485575
2025-10-03 15:09:19,0,1.0,0.0,1.177728472000126,194617344.0,37670912.0,39.2,0.59,0.38,21.0,0.013489434848230756
2025-10-03 15:09:24,0,1.0,0.0,1.177728472000126,194617344.0,37670912.0,39.2,0.59,0.38,21.0,0.013489434848230756
2025-10-03 15:09:29,0,1.0,0.0,1.175619813166577,194617344.0,37670912.0,39.28,0.56,0.38,21.0,0.013625931398748702
2025-10-03 15:09:34,0,1.0,0.0,1.175619813166577,194617344.0,37670912.0,39.28,0.56,0.38,21.0,0.013625931398748703
2025-10-03 15:09:39,0,1.0,0.0,1.175883676499931,194617344.0,37670912.0,39.33,0.53,0.38,21.0,0.013352929090474535
2025-10-03 15:09:44,0,1.0,0.0,1.1744660391667217,194617344.0,37670912.0,39.42,0.52,0.38,21.0,0.013491301412655617
2025-10-03 15:09:49,0,1.0,0.0,1.173048401833512,194617344.0,37670912.0,39.42,0.52,0.38,21.0,0.013629673734836699
2025-10-03 15:09:54,0,1.0,0.0,1.175955650416654,194617344.0,37670912.0,39.489999999999995,0.63,0.38,21.0,0.013559549440574248
2025-10-03 15:09:59,0,1.0,0.0,1.178862898999796,194617344.0,37670912.0,39.489999999999995,0.63,0.38,21.0,0.013489434848230756
2025-10-03 15:10:04,0,1.0,0.0,1.1777611735833489,194617344.0,37670912.0,39.56,0.56,0.38,21.0,0.013626673989003918
2025-10-03 15:10:09,0,1.0,0.0,1.1766594481669015,194617344.0,37670912.0,39.56,0.56,0.38,21.0,0.013763890693706798
2025-10-03 15:10:14,0,1.0,0.0,1.1766667513334141,194617344.0,37670912.0,39.620000000000005,0.26,0.38,21.0,0.013556565334764164
2025-10-03 15:10:19,0,1.0,0.0,1.1766740544999266,194617344.0,37670912.0,39.620000000000005,0.26,0.38,21.0,0.013349234761248024
2025-10-03 15:10:25,0,1.0,0.0,1.1766458192498703,194617344.0,37670912.0,39.699999999999996,0.51,0.38,21.0,0.013926414702806035
2025-10-03 15:10:30,0,1.0,0.0,1.176617583999814,194617344.0,37670912.0,39.699999999999996,0.51,0.38,21.0,0.01450365997836714
2025-10-03 15:10:35,0,1.0,0.0,1.1767555134998322,194617344.0,37670912.0,39.78,0.52,0.38,21.0,0.014572834827230574
2025-10-03 15:10:40,0,1.0,0.0,1.1768934429998503,194617344.0,37670912.0,39.78,0.52,0.38,21.0,0.014642009676094012
2025-10-03 15:10:45,0,1.0,0.0,1.1766213700832393,194617344.0,37670912.0,39.85,0.64,0.38,21.0,0.013514207633661403
2025-10-03 15:10:50,0,1.0,0.0,1.1763492971666285,194617344.0,37670912.0,39.85,0.64,0.38,21.0,0.012386062691468148
2025-10-03 15:10:55,0,1.0,0.0,1.176545903749987,194617344.0,37670912.0,39.92,0.55,0.38,21.0,0.0130079255252233
2025-10-03 15:11:00,0,1.0,0.0,1.1767425103333455,194617344.0,37670912.0,39.92,0.55,0.38,21.0,0.013629702310193658
2025-10-03 15:11:05,0,1.0,0.0,1.1763737660000213,194617344.0,37670912.0,40.01,0.57,0.39,21.0,0.013697940906403694
2025-10-03 15:11:10,0,1.0,0.0,1.1760050216666968,194617344.0,37670912.0,40.01,0.57,0.39,21.0,0.013766170061567294
2025-10-03 15:11:15,0,1.0,0.0,1.1769533770833125,194617344.0,37670912.0,40.1,0.64,0.38,21.0,0.013766170061567294
2025-10-03 15:11:20,0,1.0,0.0,1.1779017324999281,194617344.0,37670912.0,40.1,0.64,0.38,21.0,0.013766170061567292
2025-10-03 15:11:25,0,1.0,0.0,1.1776516374999724,194617344.0,37670912.0,40.17,0.71,0.38,21.0,0.013766170061567294
2025-10-03 15:11:43,1,1.0,0.0,1.4129259277999153,194617344.0,37670912.0,40.25,0.02,0.38,21.0,0.014000789734497539
2025-10-03 15:11:49,1,1.0,0.0,1.1774922446667613,194617344.0,37670912.0,40.28,98.78,0.56,21.0,0.017889864017745203
2025-10-03 15:11:54,1,1.0,0.0,1.1774922446667613,194617344.0,37670912.0,40.28,98.78,0.56,21.0,0.017889864017745203
2025-10-03 15:11:59,1,1.0,0.0,1.1748253891669265,194617344.0,37670912.0,40.31,97.16,0.56,21.0,0.014177008217340265
2025-10-03 15:12:04,1,1.0,0.0,1.1748253891669265,194617344.0,37670912.0,40.31,97.16,0.56,21.0,0.013763078435503123
2025-10-03 15:12:09,1,1.0,0.0,1.1741617071667558,194617344.0,37670912.0,40.36,100.0,0.56,21.0,0.01334920678170725
2025-10-03 15:12:14,1,1.0,0.0,1.1753691444168148,194617344.0,37670912.0,40.39,95.5,0.56,21.0,0.01341932995579293
2025-10-03 15:12:19,1,1.0,0.0,1.1765765816668743,194617344.0,37670912.0,40.39,95.5,0.56,21.0,0.013489463125656392
2025-10-03 15:12:24,1,1.0,0.0,1.175459804166697,194617344.0,37670912.0,40.43,97.49,0.56,21.0,0.013559563653744762
2025-10-03 15:12:29,1,1.0,0.0,1.17434302666652,194617344.0,37670912.0,40.43,97.49,0.56,21.0,0.013629673734836699
2025-10-03 15:12:34,1,1.0,0.0,1.1746701204165977,194617344.0,37670912.0,40.47,98.56,0.56,21.0,0.013697897831795099
2025-10-03 15:12:40,1,1.0,0.0,1.1749972141666756,194617344.0,37670912.0,40.47,98.56,0.56,21.0,0.013766112346737492
2025-10-03 15:12:45,0,1.0,0.0,1.1763283704999592,194617344.0,37670912.0,40.53,0.45,0.39,21.0,0.014607736775627218
2025-10-03 15:12:50,0,1.0,0.0,1.1776595268332433,194617344.0,37670912.0,40.53,0.45,0.39,21.0,0.015449479426551551
2025-10-03 15:12:55,0,1.0,0.0,1.1770164870832407,194617344.0,37670912.0,40.599999999999994,0.53,0.39,21.0,0.01488136726623267
2025-10-03 15:13:00,0,1.0,0.0,1.1763734473332381,194617344.0,37670912.0,40.599999999999994,0.53,0.39,21.0,0.014313411093993986
2025-10-03 15:13:05,0,1.0,0.0,1.176130733749839,194617344.0,37670912.0,40.68,0.5,0.39,21.0,0.013902223265680877
2025-10-03 15:13:10,0,1.0,0.0,1.1758880201664397,194617344.0,37670912.0,40.68,0.5,0.39,21.0,0.013490933715174628
2025-10-03 15:13:15,0,1.0,0.0,1.1762537984166102,194617344.0,37670912.0,40.74,0.53,0.39,21.0,0.013421974552338782
2025-10-03 15:13:20,0,1.0,0.0,1.1766195766667809,194617344.0,37670912.0,40.74,0.53,0.39,21.0,0.013353013076266691
2025-10-03 15:13:25,0,1.0,0.0,1.1764317805833948,194617344.0,37670912.0,40.82,0.53,0.39,21.0,0.013421228895683594
2025-10-03 15:13:30,0,1.0,0.0,1.176243984500009,194617344.0,37670912.0,40.82,0.53,0.39,21.0,0.013489434848230756
2025-10-03 15:13:35,0,1.0,0.0,1.1773752704167084,194617344.0,37670912.0,40.879999999999995,0.51,0.39,21.0,0.013489434848230756
2025-10-03 15:13:40,0,1.0,0.0,1.1785065563334076,194617344.0,37670912.0,40.879999999999995,0.51,0.39,21.0,0.013489434848230758
2025-10-03 15:13:46,0,1.0,0.0,1.177174630000157,194617344.0,37670912.0,40.959999999999994,0.63,0.39,21.0,0.013627616623973368
2025-10-03 15:13:51,0,1.0,0.0,1.1758427036669066,194617344.0,37670912.0,40.959999999999994,0.63,0.39,21.0,0.013765794923823817
2025-10-03 15:13:56,0,1.0,0.0,1.1761888593335925,194617344.0,37670912.0,41.019999999999996,0.62,0.39,21.0,0.013695658325394506
2025-10-03 15:14:01,0,1.0,0.0,1.1765350150002785,194617344.0,37670912.0,41.019999999999996,0.62,0.39,21.0,0.013625531575979998
2025-10-03 15:14:06,0,1.0,0.0,1.176022582500271,194617344.0,37670912.0,41.09,0.6,0.39,21.0,0.013557332550803318
2025-10-03 15:14:11,0,1.0,0.0,1.1755101500002638,194617344.0,37670912.0,41.09,0.6,0.39,21.0,0.013489123804373115
2025-10-03 15:14:16,0,1.0,0.0,1.1753303410001383,194617344.0,37670912.0,41.15,0.53,0.39,21.0,0.01355943573628281
2025-10-03 15:14:21,0,1.0,0.0,1.175150532000013,194617344.0,37670912.0,41.15,0.53,0.39,21.0,0.013629759461267035
2025-10-03 15:14:26,0,1.0,0.0,1.1748816841666212,194617344.0,37670912.0,41.22,0.52,0.39,21.0,0.01355962050672478
2025-10-03 15:14:31,0,1.0,0.0,1.1746128363332293,194617344.0,37670912.0,41.22,0.52,0.39,21.0,0.013489491403200583
2025-10-03 15:14:36,0,1.0,0.0,1.1753793049163808,194617344.0,37670912.0,41.3,0.54,0.39,21.0,0.013489477264413668
2025-10-03 15:14:41,0,1.0,0.0,1.1761457734995324,194617344.0,37670912.0,41.3,0.54,0.39,21.0,0.013489463125656393
2025-10-03 15:14:46,0,1.0,0.0,1.1763547735830948,194617344.0,37670912.0,41.36,0.54,0.39,21.0,0.014297514077391058
2025-10-03 15:14:51,0,1.0,0.0,1.1765637736666577,194617344.0,37670912.0,41.36,0.54,0.39,21.0,0.015105676841246779
2025-10-03 15:14:56,0,1.0,0.0,1.1760969217500588,194617344.0,37670912.0,41.42999999999999,0.59,0.39,21.0,0.014435861985109218
2025-10-03 15:15:02,0,1.0,0.0,1.1756300698334599,194617344.0,37670912.0,41.42999999999999,0.59,0.39,21.0,0.0137661412040919
2025-10-03 15:15:07,0,1.0,0.0,1.1763071042500237,194617344.0,37670912.0,41.51,0.51,0.39,21.0,0.013627630907324353
2025-10-03 15:15:12,0,1.0,0.0,1.1769841386665878,194617344.0,37670912.0,41.51,0.51,0.39,21.0,0.013489123804373117
2025-10-03 15:15:17,0,1.0,0.0,1.2840511001816346,194617344.0,37670912.0,41.58,0.02,0.39,21.0,0.013563199132476514
2025-10-03 15:15:22,0,1.0,0.0,1.4125314539996907,194617344.0,37670912.0,41.58,0.02,0.39,21.0,0.013655607768686242
2025-10-03 15:15:27,0,1.0,0.0,1.1753105201667797,194617344.0,37670912.0,41.64,0.02,0.39,21.0,0.013212756189745493
2025-10-03 15:15:32,0,1.0,0.0,1.1753105201667797,194617344.0,37670912.0,41.64,0.02,0.39,21.0,0.013212756189745493
2025-10-03 15:15:37,0,1.0,0.0,1.175248916333506,194617344.0,37670912.0,41.699999999999996,0.02,0.39,21.0,0.013627816593611843
2025-10-03 15:15:42,0,1.0,0.0,1.175248916333506,194617344.0,37670912.0,41.699999999999996,0.02,0.39,21.0,0.013627816593611845
2025-10-03 15:15:47,0,1.0,0.0,1.1765761865000663,194617344.0,37670912.0,41.769999999999996,0.02,0.39,21.0,0.013629359413818043
2025-10-03 15:15:52,0,1.0,0.0,1.1765761865000666,194617344.0,37670912.0,41.769999999999996,0.02,0.39,21.0,0.013629359413818046
2025-10-03 15:15:57,0,1.0,0.0,1.176207301666788,194617344.0,37670912.0,41.84,0.02,0.39,21.0,0.013491018566660516
2025-10-03 15:16:02,0,1.0,0.0,1.1762073016667878,194617344.0,37670912.0,41.84,0.02,0.39,21.0,0.013491018566660518
2025-10-03 15:16:07,0,1.0,0.0,1.1772153750002872,194617344.0,37670912.0,41.910000000000004,0.02,0.39,21.0,0.013489463125656392
2025-10-03 15:16:13,0,1.0,0.0,1.177215375000287,194617344.0,37670912.0,41.910000000000004,0.02,0.39,21.0,0.013489463125656393
2025-10-03 15:16:18,0,1.0,0.0,1.1757066598332433,194617344.0,37670912.0,41.97,0.02,0.39,21.0,0.013765852635992035
2025-10-03 15:16:23,0,1.0,0.0,1.1757066598332435,194617344.0,37670912.0,41.97,0.02,0.39,21.0,0.013765852635992034
2025-10-03 15:16:28,0,1.0,0.0,1.177064358166717,194617344.0,37670912.0,42.02,0.01,0.39,21.0,0.013489463125656392
2025-10-03 15:16:33,0,1.0,0.0,1.1770643581667175,194617344.0,37670912.0,42.02,0.01,0.39,21.0,0.013489463125656392
2025-10-03 15:16:38,0,1.0,0.0,1.1735201709998364,194617344.0,37670912.0,42.1,0.03,0.39,21.0,0.013489434848230755
2025-10-03 15:16:43,0,1.0,0.0,1.1735201709998362,194617344.0,37670912.0,42.1,0.03,0.39,21.0,0.013489434848230756
2025-10-03 15:16:48,0,1.0,0.0,1.1766558453332436,194617344.0,37670912.0,42.16,0.02,0.39,21.0,0.015241972337633481
2025-10-03 15:16:53,0,1.0,0.0,1.1766558453332436,194617344.0,37670912.0,42.16,0.02,0.39,21.0,0.01524197233763348
2025-10-03 15:16:58,0,1.0,0.0,1.1769390676666567,194617344.0,37670912.0,42.230000000000004,0.02,0.39,21.0,0.013212756189745493
2025-10-03 15:17:03,0,1.0,0.0,1.1769390676666565,194617344.0,37670912.0,42.230000000000004,0.02,0.39,21.0,0.013212756189745494
2025-10-03 15:17:08,0,1.0,0.0,1.175806125333414,194617344.0,37670912.0,42.3,0.02,0.39,21.0,0.013489095528370071
2025-10-03 15:17:13,0,1.0,0.0,1.1758061253334138,194617344.0,37670912.0,42.3,0.02,0.39,21.0,0.013489095528370071
2025-10-03 15:17:18,0,1.0,0.0,1.1763472171664944,194617344.0,37670912.0,42.37,0.02,0.39,21.0,0.013352985080885251
2025-10-03 15:17:23,0,1.0,0.0,1.1763472171664944,194617344.0,37670912.0,42.37,0.02,0.39,21.0,0.013352985080885251
2025-10-03 15:17:29,0,1.0,0.0,1.1775085548330633,194617344.0,37670912.0,42.43,0.03,0.39,21.0,0.013489463125656393
2025-10-03 15:17:34,0,1.0,0.0,1.1775085548330633,194617344.0,37670912.0,42.43,0.03,0.39,21.0,0.013489463125656392
2025-10-03 15:17:39,0,1.0,0.0,1.1766791493332676,194617344.0,37670912.0,42.5,0.02,0.39,21.0,0.013629730885670438
2025-10-03 15:17:44,0,1.0,0.0,1.1766791493332676,194617344.0,37670912.0,42.5,0.02,0.39,21.0,0.013629730885670438
2025-10-03 15:17:49,0,1.0,0.0,1.1762167620002704,194617344.0,37670912.0,42.58,0.02,0.39,21.0,0.013214612178492659
2025-10-03 15:17:54,0,1.0,0.0,1.1762167620002704,194617344.0,37670912.0,42.58,0.02,0.39,21.0,0.013214612178492657
2025-10-03 15:17:59,0,1.0,0.0,1.1765337491669925,194617344.0,37670912.0,42.64,0.02,0.39,21.0,0.013216413262963219
2025-10-03 15:18:04,0,1.0,0.0,1.17532421800009,194617344.0,37670912.0,42.7,0.47,0.39,21.0,0.0133529570856212
2025-10-03 15:18:09,0,1.0,0.0,1.1741146868331878,194617344.0,37670912.0,42.7,0.47,0.39,21.0,0.013489463125656392
2025-10-03 15:18:14,0,1.0,0.0,1.1749441848332176,194617344.0,37670912.0,42.760000000000005,0.54,0.39,21.0,0.013421228895683594
2025-10-03 15:18:19,0,1.0,0.0,1.175773682833248,194617344.0,37670912.0,42.760000000000005,0.54,0.39,21.0,0.013352985080885253
2025-10-03 15:18:24,0,1.0,0.0,1.1757493427499714,194617344.0,37670912.0,42.83,0.55,0.39,21.0,0.013284522776163338
2025-10-03 15:18:42,1,1.0,0.0,1.176483113166796,194617344.0,37670912.0,42.89,0.53,0.39,21.0,0.013489463125656393
2025-10-03 15:18:47,1,1.0,0.0,1.176346246666526,194617344.0,37670912.0,42.93,97.85,0.55,21.0,0.018233698272861833
2025-10-03 15:18:53,1,1.0,0.0,1.176346246666526,194617344.0,37670912.0,42.93,97.85,0.55,21.0,0.018233698272861833
2025-10-03 15:18:58,1,1.0,0.0,1.1756464431665943,194617344.0,37670912.0,42.96,92.54,0.55,21.0,0.014246310044308812
2025-10-03 15:19:03,1,1.0,0.0,1.175646443166594,194617344.0,37670912.0,42.96,92.54,0.55,21.0,0.014246310044308812
2025-10-03 15:19:08,1,1.0,0.0,1.1803808231664636,194617344.0,37675008.0,43.0,87.83,0.55,21.0,0.013489434848230756
2025-10-03 15:19:13,1,1.0,0.0,1.1803808231664636,194617344.0,37675008.0,43.0,87.83,0.55,21.0,0.013489434848230758
2025-10-03 15:19:18,1,1.0,0.0,1.1731679534999178,194617344.0,37675008.0,43.04,96.15,0.55,21.0,0.013622162573312632
2025-10-03 15:19:23,1,1.0,0.0,1.1731679534999178,194617344.0,37675008.0,43.04,96.15,0.55,21.0,0.01362216257331263
2025-10-03 15:19:28,1,1.0,0.0,1.1763251225000506,194617344.0,37675008.0,43.080000000000005,96.9,0.55,21.0,0.013900618853120359
2025-10-03 15:19:33,1,1.0,0.0,1.1763251225000506,194617344.0,37675008.0,43.080000000000005,96.9,0.55,21.0,0.013900618853120356
2025-10-03 15:19:39,1,1.0,0.0,1.410757217799983,194617344.0,37675008.0,43.11,98.82,0.55,21.0,0.013995482967021477
2025-10-03 15:19:44,0,1.0,0.0,1.4107572177999828,194617344.0,37675008.0,43.11,98.82,0.55,21.0,0.013995482967021477
2025-10-03 15:19:49,0,1.0,0.0,1.1770760051664788,194617344.0,37675008.0,43.18,0.02,0.38,21.0,0.016206256105383638
2025-10-03 15:19:54,0,1.0,0.0,1.1770760051664788,194617344.0,37675008.0,43.18,0.02,0.38,21.0,0.016206256105383638
2025-10-03 15:19:59,0,1.0,0.0,1.1767315661663815,194617344.0,37675008.0,43.230000000000004,0.02,0.38,21.0,0.014109957466789926
2025-10-03 15:20:04,0,1.0,0.0,1.1767315661663815,194617344.0,37675008.0,43.3,0.02,0.38,21.0,0.014141488230270708
2025-10-03 15:20:09,0,1.0,0.0,1.1760480850001236,194617344.0,37675008.0,43.3,0.02,0.38,21.0,0.014173000695555984
2025-10-03 15:20:14,0,1.0,0.0,1.1756534139999528,194617344.0,37675008.0,43.36,0.02,0.38,21.0,0.014036874296741912
2025-10-03 15:20:19,0,1.0,0.0,1.1752587429997827,194617344.0,37675008.0,43.36,0.02,0.38,21.0,0.013900706247249407
2025-10-03 15:20:24,0,1.0,0.0,1.1756474130831975,194617344.0,37675008.0,43.42,0.02,0.38,21.0,0.01383153401142778
2025-10-03 15:20:29,0,1.0,0.0,1.1760360831666123,194617344.0,37675008.0,43.42,0.02,0.38,21.0,0.013762361920569358
2025-10-03 15:20:34,0,1.0,0.0,1.1758485255000626,194617344.0,37675008.0,43.49,0.02,0.38,21.0,0.013624046725387752
2025-10-03 15:20:39,0,1.0,0.0,1.1756609678335128,194617344.0,37675008.0,43.49,0.02,0.38,21.0,0.013485731530206154
2025-10-03 15:20:44,0,1.0,0.0,1.176327079333532,194617344.0,37675008.0,43.55,0.02,0.38,21.0,0.013625931398748703
2025-10-03 15:20:50,0,1.0,0.0,1.1769931908335518,194617344.0,37675008.0,43.55,0.02,0.38,21.0,0.013766170061567294
2025-10-03 15:20:55,0,1.0,0.0,1.1765988081668486,194617344.0,37675008.0,43.62,0.02,0.38,21.0,0.01376426572767001
2025-10-03 15:21:00,0,1.0,0.0,1.1762044255001458,194617344.0,37675008.0,43.62,0.02,0.38,21.0,0.013762361920569356
2025-10-03 15:21:05,0,1.0,0.0,1.1761204772501515,194617344.0,37675008.0,43.69,0.02,0.38,21.0,0.013762361920569354
2025-10-03 15:21:10,0,1.0,0.0,1.1760365290001573,194617344.0,37675008.0,43.69,0.02,0.38,21.0,0.013762361920569356
2025-10-03 15:21:15,0,1.0,0.0,1.1763583868333474,194617344.0,37675008.0,43.76,0.02,0.38,21.0,0.013899715844795938
2025-10-03 15:21:20,0,1.0,0.0,1.1766802446665376,194617344.0,37675008.0,43.76,0.02,0.38,21.0,0.014037050773515046
2025-10-03 15:21:25,0,1.0,0.0,1.1764728034998673,194617344.0,37675008.0,43.839999999999996,0.03,0.38,21.0,0.013901623951955249
2025-10-03 15:21:30,0,1.0,0.0,1.1762653623331971,194617344.0,37675008.0,43.839999999999996,0.03,0.38,21.0,0.0137661412040919
2025-10-03 15:21:35,0,1.0,0.0,1.1771096219166943,194617344.0,37675008.0,43.91,0.02,0.38,21.0,0.013625731484431327
2025-10-03 15:21:40,0,1.0,0.0,1.177953881500192,194617344.0,37675008.0,43.91,0.02,0.38,21.0,0.013485364136266094
2025-10-03 15:21:45,0,1.0,0.0,1.1772662675833392,194617344.0,37675008.0,43.98,0.02,0.38,21.0,0.014570024981976092
2025-10-03 15:21:50,0,1.0,0.0,1.1765786536664868,194617344.0,37675008.0,43.98,0.02,0.38,21.0,0.015654867701800863
2025-10-03 15:21:55,0,1.0,0.0,1.1766634965832357,194617344.0,37675008.0,44.06,0.02,0.38,21.0,0.014639385921249116
2025-10-03 15:22:00,0,1.0,0.0,1.176748339499985,194617344.0,37675008.0,44.06,0.02,0.38,21.0,0.013624046725387754
2025-10-03 15:22:06,0,1.0,0.0,1.1766908608334081,194617344.0,37675008.0,44.14,0.37,0.38,21.0,0.013761424633306336
2025-10-03 15:22:11,0,1.0,0.0,1.1766333821668318,194617344.0,37675008.0,44.14,0.37,0.38,21.0,0.013898783830222363
2025-10-03 15:22:16,0,1.0,0.0,1.17726960208347,194617344.0,37675008.0,44.21,0.63,0.38,21.0,0.013832490634251134
2025-10-03 15:22:21,0,1.0,0.0,1.1779058220001084,194617344.0,37675008.0,44.21,0.63,0.38,21.0,0.013766170061567292
2025-10-03 15:22:26,0,1.0,0.0,1.177681024333424,194617344.0,37679104.0,44.28,0.55,0.38,21.0,0.013834404276927044
2025-10-03 15:22:31,0,1.0,0.0,1.1774562266667392,194617344.0,37679104.0,44.28,0.55,0.38,21.0,0.013902629196150106
2025-10-03 15:22:36,0,1.0,0.0,1.1765412417500252,194617344.0,37679104.0,44.34,0.66,0.38,21.0,0.013834404276927044
2025-10-03 15:22:41,0,1.0,0.0,1.1756262568333113,194617344.0,37679104.0,44.34,0.66,0.38,21.0,0.013766170061567294
2025-10-03 15:22:46,0,1.0,0.0,1.1758276393332683,194617344.0,37679104.0,44.42,0.37,0.38,21.0,0.01348762533954861
2025-10-03 15:22:51,0,1.0,0.0,1.1760290218332254,194617344.0,37679104.0,44.42,0.37,0.38,21.0,0.013209156504299316
2025-10-03 15:22:56,0,1.0,0.0,1.1763243975832816,194617344.0,37679104.0,44.48,0.38,0.38,21.0,0.013554917534631264
2025-10-03 15:23:01,0,1.0,0.0,1.176619773333338,194617344.0,37679104.0,44.48,0.38,0.38,21.0,0.01390067711575096
2025-10-03 15:23:06,0,1.0,0.0,1.1763339039167324,194617344.0,37679104.0,44.559999999999995,0.53,0.38,21.0,0.01383153401142778
2025-10-03 15:23:11,0,1.0,0.0,1.176048034500127,194617344.0,37679104.0,44.559999999999995,0.53,0.38,21.0,0.01376239076220215
2025-10-03 15:23:16,0,1.0,0.0,1.1760440450834722,194617344.0,37679104.0,44.62,0.28,0.38,21.0,0.013967741766502355
2025-10-03 15:23:21,0,1.0,0.0,1.1760400556668174,194617344.0,37679104.0,44.62,0.28,0.38,21.0,0.014173030388736997
2025-10-03 15:23:27,0,1.0,0.0,1.176737145083507,194617344.0,37679104.0,44.69,0.3,0.38,21.0,0.013899541082542278
2025-10-03 15:23:32,0,1.0,0.0,1.177434234500197,194617344.0,37679104.0,44.69,0.3,0.38,21.0,0.013625931398748702
2025-10-03 15:23:37,0,1.0,0.0,1.1768963453334889,194617344.0,37679104.0,44.76,0.26,0.38,21.0,0.013482962438373328
2025-10-03 15:23:42,0,1.0,0.0,1.1763584561667813,194617344.0,37679104.0,44.76,0.26,0.38,21.0,0.013340091698730504
2025-10-03 15:23:47,0,1.0,0.0,1.1759684153334244,194617344.0,37679104.0,44.809999999999995,0.53,0.38,21.0,0.014358763759259706
2025-10-03 15:23:52,0,1.0,0.0,1.1755783745000674,194617344.0,37679104.0,44.809999999999995,0.53,0.38,21.0,0.015378133999572424
2025-10-03 15:23:57,0,1.0,0.0,1.1763906321665065,194617344.0,37679104.0,44.89,0.5,0.38,21.0,0.013902250391413427
2025-10-03 15:24:02,0,1.0,0.0,1.1763906321665065,194617344.0,37679104.0,44.89,0.5,0.38,21.0,0.013902250391413426
2025-10-03 15:24:07,0,1.0,0.0,1.1754710350001003,194617344.0,37679104.0,44.95,0.48,0.38,21.0,0.013902629196150106
2025-10-03 15:24:12,0,1.0,0.0,1.1754710350001003,194617344.0,37679104.0,44.95,0.48,0.38,21.0,0.013902629196150106
2025-10-03 15:24:17,0,1.0,0.0,1.1751066928333482,194617344.0,37679104.0,45.03,0.66,0.38,21.0,0.013625931398748703
2025-10-03 15:24:22,0,1.0,0.0,1.1751066928333482,194617344.0,37679104.0,45.03,0.66,0.38,21.0,0.013625931398748705
2025-10-03 15:24:27,0,1.0,0.0,1.1753972419998413,194617344.0,37679104.0,45.11,0.53,0.38,21.0,0.013625959958415776
2025-10-03 15:24:32,0,1.0,0.0,1.1753972419998415,194617344.0,37679104.0,45.11,0.53,0.38,21.0,0.013625959958415776
2025-10-03 15:24:38,0,1.0,0.0,1.1767527826667294,194617344.0,37679104.0,45.18,0.52,0.38,21.0,0.013762361920569354
2025-10-03 15:24:43,0,1.0,0.0,1.1767527826667294,194617344.0,37679104.0,45.18,0.52,0.38,21.0,0.013762361920569358
2025-10-03 15:24:48,0,1.0,0.0,1.4110609212000782,194617344.0,37679104.0,45.25,0.02,0.38,21.0,0.01399603175640526
2025-10-03 15:24:53,0,1.0,0.0,1.4110609212000782,194617344.0,37679104.0,45.25,0.02,0.38,21.0,0.013996031756405264
2025-10-03 15:24:58,0,1.0,0.0,1.1755988968331317,194617344.0,37679104.0,45.330000000000005,0.02,0.38,21.0,0.013622162573312632
2025-10-03 15:25:03,0,1.0,0.0,1.1755988968331317,194617344.0,37679104.0,45.330000000000005,0.02,0.38,21.0,0.01362216257331263
2025-10-03 15:25:08,0,1.0,0.0,1.1785670756665543,194617344.0,37679104.0,45.41,0.02,0.38,21.0,0.013765794923823819
2025-10-03 15:25:13,0,1.0,0.0,1.1785670756665543,194617344.0,37679104.0,45.41,0.02,0.38,21.0,0.013765794923823819
2025-10-03 15:25:18,0,1.0,0.0,1.1752489653334426,194617344.0,37679104.0,45.46,0.02,0.38,21.0,0.013766170061567292
2025-10-03 15:25:23,0,1.0,0.0,1.1752489653334426,194617344.0,37679104.0,45.46,0.02,0.38,21.0,0.013766170061567292
2025-10-03 15:25:28,0,1.0,0.0,1.1759109020000929,194617344.0,37679104.0,45.53,0.02,0.38,21.0,0.01376426572767001
2025-10-03 15:25:33,0,1.0,0.0,1.175910902000093,194617344.0,37679104.0,45.53,0.02,0.38,21.0,0.013764265727670009
2025-10-03 15:25:38,0,1.0,0.0,1.1752285454996734,194617344.0,37679104.0,45.59,0.02,0.38,21.0,0.013766198919163674
2025-10-03 15:25:43,0,1.0,0.0,1.1752285454996734,194617344.0,37679104.0,45.59,0.02,0.38,21.0,0.01376619891916367
2025-10-03 15:25:48,0,1.0,0.0,1.1763650563329975,194617344.0,37679104.0,45.67,0.02,0.38,21.0,0.015518647322336326
2025-10-03 15:25:53,0,1.0,0.0,1.1763650563329975,194617344.0,37679104.0,45.67,0.02,0.38,21.0,0.01551864732233633
2025-10-03 15:25:59,0,1.0,0.0,1.17637955550011,194617344.0,37679104.0,45.75,0.02,0.38,21.0,0.01334926274090609
2025-10-03 15:26:04,0,1.0,0.0,1.17637955550011,194617344.0,37679104.0,45.75,0.02,0.38,21.0,0.01334926274090609
2025-10-03 15:26:09,0,1.0,0.0,1.1771027463332757,194617344.0,37679104.0,45.82,0.02,0.38,21.0,0.013766170061567292
2025-10-03 15:26:14,0,1.0,0.0,1.1771027463332757,194617344.0,37679104.0,45.82,0.02,0.38,21.0,0.013766170061567292
2025-10-03 15:26:19,0,1.0,0.0,1.1771613864999988,194617344.0,37679104.0,45.89,0.02,0.38,21.0,0.013762361920569356
2025-10-03 15:26:24,0,1.0,0.0,1.1771613864999988,194617344.0,37679104.0,45.89,0.02,0.38,21.0,0.01376426572767001
2025-10-03 15:26:29,0,1.0,0.0,1.1775401926665836,194617344.0,37679104.0,45.96,0.02,0.38,21.0,0.013766170061567294
2025-10-03 15:26:34,0,1.0,0.0,1.1765516536665168,194617344.0,37679104.0,46.019999999999996,0.02,0.38,21.0,0.01376426572767001
2025-10-03 15:26:39,0,1.0,0.0,1.1755631146664502,194617344.0,37679104.0,46.019999999999996,0.02,0.38,21.0,0.013762361920569356
2025-10-03 15:26:44,0,1.0,0.0,1.1760587982500965,194617344.0,37679104.0,46.089999999999996,0.02,0.38,21.0,0.013623861141818296
2025-10-03 15:26:49,0,1.0,0.0,1.1765544818337426,194617344.0,37679104.0,46.089999999999996,0.02,0.38,21.0,0.013485364136266094
2025-10-03 15:26:54,0,1.0,0.0,1.1762822977503522,194617344.0,37679104.0,46.17,0.02,0.38,21.0,0.013761986990343348
2025-10-03 15:26:59,0,1.0,0.0,1.1760101136669618,194617344.0,37679104.0,46.17,0.02,0.38,21.0,0.014038609844420602
2025-10-03 15:27:04,0,1.0,0.0,1.1765336669167632,194617344.0,37679104.0,46.230000000000004,0.02,0.38,21.0,0.014035889049638942
2025-10-03 15:27:09,0,1.0,0.0,1.177057220166565,194617344.0,37679104.0,46.230000000000004,0.02,0.38,21.0,0.014033169309276472
2025-10-03 15:27:15,0,1.0,0.0,1.176493336583159,194617344.0,37679104.0,46.31,0.02,0.38,21.0,0.013829418315807338
2025-10-03 15:27:20,0,1.0,0.0,1.1759294529997533,194617344.0,37679104.0,46.31,0.02,0.38,21.0,0.013625560133971051
2025-10-03 15:27:25,0,1.0,0.0,1.1761396964166122,194617344.0,37679104.0,46.37,0.02,0.38,21.0,0.013694911985982314
2025-10-03 15:27:30,0,1.0,0.0,1.1763499398334716,194617344.0,37679104.0,46.37,0.02,0.38,21.0,0.01376426572767001
2025-10-03 15:27:35,0,1.0,0.0,1.1763358896668403,194617344.0,37679104.0,46.43000000000001,0.5,0.38,21.0,0.01383247613897866
2025-10-03 15:27:40,0,1.0,0.0,1.176321839500209,194617344.0,37679104.0,46.43000000000001,0.5,0.38,21.0,0.01390067711575096
2025-10-03 15:27:45,0,1.0,0.0,1.1760844931667787,194617344.0,37679104.0,46.49,0.53,0.38,21.0,0.014639186492966484
2025-10-03 15:27:50,0,1.0,0.0,1.1758471468333482,194617344.0,37679104.0,46.49,0.53,0.38,21.0,0.015377779454515347
2025-10-03 15:27:55,0,1.0,0.0,1.1761386145833512,194617344.0,37679104.0,46.56,0.66,0.38,21.0,0.014572055902866936
2025-10-03 15:28:00,0,1.0,0.0,1.1764300823333542,194617344.0,37679104.0,46.56,0.66,0.38,21.0,0.013766198919163674
2025-10-03 15:28:05,0,1.0,0.0,1.1768348709166123,194617344.0,37679104.0,46.62,0.6,0.38,21.0,0.013834404276927044
2025-10-03 15:28:10,0,1.0,0.0,1.1772396594998706,194617344.0,37679104.0,46.62,0.6,0.38,21.0,0.013902600056591318
2025-10-03 15:28:15,0,1.0,0.0,1.176632805583267,194617344.0,37679104.0,46.690000000000005,0.52,0.38,21.0,0.013834404276927044
2025-10-03 15:28:20,0,1.0,0.0,1.176025951666664,194617344.0,37679104.0,46.690000000000005,0.52,0.38,21.0,0.01376619891916367
2025-10-03 15:28:26,0,1.0,0.0,1.1765020505833186,194617344.0,37679104.0,46.76,0.5,0.38,21.0,0.013695873630727051
2025-10-03 15:28:31,0,1.0,0.0,1.1769781494999734,194617344.0,37679104.0,46.76,0.5,0.38,21.0,0.013625560133971053
2025-10-03 15:28:36,0,1.0,0.0,1.1766809787500279,194617344.0,37679104.0,46.82,0.49,0.38,21.0,0.013694926337896212
2025-10-03 15:28:41,0,1.0,0.0,1.1763838080000824,194617344.0,37679104.0,46.82,0.49,0.38,21.0,0.01376429457728294
2025-10-03 15:28:46,0,1.0,0.0,1.1765497587499947,194617344.0,37679104.0,46.89,0.63,0.38,21.0,0.013555840821566112
2025-10-03 15:28:51,0,1.0,0.0,1.1767157094999068,194617344.0,37679104.0,46.89,0.63,0.38,21.0,0.01334741633502455
2025-10-03 15:28:56,0,1.0,0.0,1.1772341587498734,194617344.0,37679104.0,46.97,0.61,0.38,21.0,0.013556764234288051
2025-10-03 15:29:01,0,1.0,0.0,1.17775260799984,194617344.0,37679104.0,46.97,0.61,0.38,21.0,0.013766170061567294
2025-10-03 15:29:06,0,1.0,0.0,1.1763536507498882,194617344.0,37679104.0,47.05,0.51,0.38,21.0,0.013486664235504193
2025-10-03 15:29:11,0,1.0,0.0,1.1749546934999369,194617344.0,37679104.0,47.05,0.51,0.38,21.0,0.013207274373110216
2025-10-03 15:29:16,0,1.0,0.0,1.1754989669166964,194617344.0,37679104.0,47.120000000000005,0.41,0.38,21.0,0.013414732527792824
2025-10-03 15:29:21,0,1.0,0.0,1.1760432403334562,194617344.0,37679104.0,47.120000000000005,0.41,0.38,21.0,0.013622191117183113
2025-10-03 15:29:26,0,1.0,0.0,1.176567362166679,194617344.0,37679104.0,47.190000000000005,0.51,0.38,21.0,0.013762188873311161
2025-10-03 15:29:31,0,1.0,0.0,1.1770914839999023,194617344.0,37679104.0,47.190000000000005,0.51,0.38,21.0,0.013902221253442544
2025-10-03 15:29:36,0,1.0,0.0,1.177097971083185,194617344.0,37679104.0,47.27,0.63,0.38,21.0,0.013832084778105066
2025-10-03 15:29:42,0,1.0,0.0,1.1771044581664682,194617344.0,37679104.0,47.27,0.63,0.38,21.0,0.013761958150402882
2025-10-03 15:29:47,0,1.0,0.0,1.176729456999965,194617344.0,37679104.0,47.339999999999996,0.47,0.38,21.0,0.014430673668945342
2025-10-03 15:29:52,0,1.0,0.0,1.1763544558334615,194617344.0,37679104.0,47.339999999999996,0.47,0.38,21.0,0.015099408807324839
2025-10-03 15:29:57,0,1.0,0.0,1.1769253031667781,194617344.0,37679104.0,47.42,0.45,0.38,21.0,0.014362540449004913
2025-10-03 15:30:02,0,1.0,0.0,1.177496150500095,194617344.0,37679104.0,47.42,0.45,0.38,21.0,0.013625588692081816
2025-10-03 15:30:07,0,1.0,0.0,1.1759254618335337,194617344.0,37679104.0,47.480000000000004,0.35,0.38,21.0,0.013625931398748703
2025-10-03 15:30:12,0,1.0,0.0,1.1759254618335337,194617344.0,37679104.0,47.480000000000004,0.35,0.38,21.0,0.013625931398748703
2025-10-03 15:30:17,0,1.0,0.0,1.4093836508000095,194617344.0,37679104.0,47.54,0.02,0.38,21.0,0.014165564610133343
2025-10-03 15:30:22,0,1.0,0.0,1.4093836508000095,194617344.0,37679104.0,47.54,0.02,0.38,21.0,0.014165564610133345
2025-10-03 15:30:27,0,1.0,0.0,1.1763334073333074,194617344.0,37679104.0,47.61,0.02,0.38,21.0,0.013766198919163673
2025-10-03 15:30:32,0,1.0,0.0,1.1763334073333076,194617344.0,37679104.0,47.61,0.02,0.38,21.0,0.013766198919163673
2025-10-03 15:30:37,0,1.0,0.0,1.1765269495002333,194617344.0,37679104.0,47.68,0.02,0.38,21.0,0.013625931398748703
2025-10-03 15:30:42,0,1.0,0.0,1.1765269495002333,194617344.0,37679104.0,47.68,0.02,0.38,21.0,0.013625931398748703
2025-10-03 15:30:47,0,1.0,0.0,1.1763548345002164,194617344.0,37679104.0,47.75,0.01,0.38,21.0,0.013902600056591318
2025-10-03 15:30:53,0,1.0,0.0,1.1763548345002164,194617344.0,37679104.0,47.75,0.01,0.38,21.0,0.013902600056591318
2025-10-03 15:30:58,0,1.0,0.0,1.1772400258334226,194617344.0,37679104.0,47.82000000000001,0.02,0.38,21.0,0.014038962889691767
2025-10-03 15:31:03,0,1.0,0.0,1.1772400258334226,194617344.0,37679104.0,47.82000000000001,0.02,0.38,21.0,0.014038962889691768
2025-10-03 15:31:08,0,1.0,0.0,1.1764790316668343,194617344.0,37679104.0,47.9,0.02,0.38,21.0,0.01348544891770628
2025-10-03 15:31:13,0,1.0,0.0,1.1764790316668345,194617344.0,37679104.0,47.9,0.02,0.38,21.0,0.013485448917706278
2025-10-03 15:31:18,0,1.0,0.0,1.1771225536666254,194617344.0,37679104.0,47.96,0.02,0.38,21.0,0.013622191117183114
2025-10-03 15:31:36,1,1.0,0.0,1.1761273781665598,194617344.0,37679104.0,48.08,0.01,0.55,21.0,0.014957992525718382
2025-10-03 15:31:41,1,1.0,0.0,1.1762283588333655,194617344.0,37679104.0,48.08,0.01,0.55,21.0,0.01629607896556783
2025-10-03 15:31:46,1,1.0,0.0,1.1765569727501013,194617344.0,37679104.0,48.11,59.67,0.55,21.0,0.016133714076131095
2025-10-03 15:31:51,1,1.0,0.0,1.176885586666837,194617344.0,37679104.0,48.11,59.67,0.55,21.0,0.015971327066369036
2025-10-03 15:31:56,1,1.0,0.0,1.1766482256667434,194617344.0,37679104.0,48.14,95.28,0.55,21.0,0.014660264176095039
2025-10-03 15:32:01,1,1.0,0.0,1.17641086466665,194617344.0,37679104.0,48.14,95.28,0.55,21.0,0.013349206781707248
2025-10-03 15:32:07,1,1.0,0.0,1.1767571878333456,194617344.0,37679104.0,48.18,90.64,0.55,21.0,0.013487568800224687
2025-10-03 15:32:12,1,1.0,0.0,1.1771035110000412,194617344.0,37679104.0,48.18,90.64,0.55,21.0,0.013625931398748703
2025-10-03 15:32:17,1,1.0,0.0,1.1757135000833994,194617344.0,37679104.0,48.22,88.63,0.55,21.0,0.013764251302908894
2025-10-03 15:32:22,1,1.0,0.0,1.1743234891667573,194617344.0,37679104.0,48.22,88.63,0.55,21.0,0.013902570917154678
2025-10-03 15:32:27,1,1.0,0.0,1.176096694833177,194617344.0,37679104.0,48.25,94.38,0.55,21.0,0.0137661412040919
2025-10-03 15:32:32,1,1.0,0.0,1.176096694833177,194617344.0,37679104.0,48.25,94.38,0.55,21.0,0.013766141204091899
2025-10-03 15:32:37,0,1.0,0.0,1.1780656569999337,194617344.0,37679104.0,48.31,92.13,0.39,21.0,0.014063990106999508
2025-10-03 15:32:42,0,1.0,0.0,1.1780656569999337,194617344.0,37679104.0,48.31,92.13,0.39,21.0,0.014063990106999508
2025-10-03 15:32:47,0,1.0,0.0,1.175191197500226,194617344.0,37679104.0,48.379999999999995,0.51,0.39,21.0,0.015962494422553625
2025-10-03 15:32:52,0,1.0,0.0,1.1751911975002258,194617344.0,37679104.0,48.379999999999995,0.51,0.39,21.0,0.01596249442255362
2025-10-03 15:32:57,0,1.0,0.0,1.1761502538333841,194617344.0,37679104.0,48.45,0.26,0.39,21.0,0.013761986990343348
2025-10-03 15:33:03,0,1.0,0.0,1.1761502538333843,194617344.0,37679104.0,48.45,0.26,0.39,21.0,0.013761986990343348
2025-10-03 15:33:08,0,1.0,0.0,1.1756666966666671,194617344.0,37679104.0,48.510000000000005,0.51,0.39,21.0,0.013485703268423126
2025-10-03 15:33:13,0,1.0,0.0,1.1756666966666671,194617344.0,37679104.0,48.510000000000005,0.51,0.39,21.0,0.013485703268423127
2025-10-03 15:33:18,0,1.0,0.0,1.1774141083334748,194617344.0,37679104.0,48.59,0.57,0.39,21.0,0.013765766067921173
2025-10-03 15:33:23,0,1.0,0.0,1.177414108333475,194617344.0,37679104.0,48.59,0.57,0.39,21.0,0.013765766067921174
2025-10-03 15:33:28,0,1.0,0.0,1.1756009373334564,194617344.0,37679104.0,48.66,0.59,0.39,21.0,0.013625931398748703
2025-10-03 15:33:33,0,1.0,0.0,1.1756009373334564,194617344.0,37679104.0,48.66,0.59,0.39,21.0,0.013625931398748703
2025-10-03 15:33:38,0,1.0,0.0,1.17643622300011,194617344.0,37679104.0,48.730000000000004,0.49,0.39,21.0,0.013762361920569356
2025-10-03 15:33:43,0,1.0,0.0,1.1764362230001097,194617344.0,37679104.0,48.730000000000004,0.49,0.39,21.0,0.013762361920569356
2025-10-03 15:33:48,0,1.0,0.0,1.1766426583332454,194617344.0,37679104.0,48.81,0.52,0.39,21.0,0.013625560133971051
2025-10-03 15:33:53,0,1.0,0.0,1.1766426583332454,194617344.0,37679104.0,48.81,0.52,0.39,21.0,0.013625560133971051
2025-10-03 15:33:58,0,1.0,0.0,1.1754892708333198,194617344.0,37679104.0,48.88,0.26,0.39,21.0,0.01307081333696586
2025-10-03 15:34:03,0,1.0,0.0,1.1754892708333198,194617344.0,37679104.0,48.88,0.26,0.39,21.0,0.013070813336965862
2025-10-03 15:34:08,0,1.0,0.0,1.1757025426666892,194617344.0,37679104.0,48.93,0.28,0.39,21.0,0.013902629196150105
2025-10-03 15:34:14,0,1.0,0.0,1.1757025426666892,194617344.0,37679104.0,48.93,0.28,0.39,21.0,0.013902629196150105
2025-10-03 15:34:19,0,1.0,0.0,1.4119820163998154,194617344.0,37679104.0,49.0,0.02,0.39,21.0,0.014170934941812886
2025-10-03 15:34:24,0,1.0,0.0,1.4119820163998158,194617344.0,37679104.0,49.0,0.02,0.39,21.0,0.014170934941812886
2025-10-03 15:34:29,0,1.0,0.0,1.175526510499973,194617344.0,37679104.0,49.07,0.02,0.39,21.0,0.013902629196150106
2025-10-03 15:34:34,0,1.0,0.0,1.1755265104999733,194617344.0,37679104.0,49.07,0.02,0.39,21.0,0.013902629196150105
2025-10-03 15:34:39,0,1.0,0.0,1.1770089971664675,194617344.0,37679104.0,49.150000000000006,0.02,0.39,21.0,0.01406012957949526
2025-10-03 15:34:44,0,1.0,0.0,1.176028075833301,194617344.0,37679104.0,49.230000000000004,0.02,0.39,21.0,0.014636165052358078
2025-10-03 15:34:49,0,1.0,0.0,1.1750471545001346,194617344.0,37679104.0,49.230000000000004,0.02,0.39,21.0,0.015212184834331765
2025-10-03 15:34:54,0,1.0,0.0,1.1761389944166087,194617344.0,37679104.0,49.339999999999996,0.02,0.39,21.0,0.014489154353976737
2025-10-03 15:34:59,0,1.0,0.0,1.1772308343330828,194617344.0,37679104.0,49.339999999999996,0.02,0.39,21.0,0.013765823779847438
2025-10-03 15:35:04,0,1.0,0.0,1.1781306655831636,194617344.0,37679104.0,49.42,0.02,0.39,21.0,0.013695701385919462
2025-10-03 15:35:09,0,1.0,0.0,1.1790304968332446,194617344.0,37679104.0,49.42,0.02,0.39,21.0,0.013625588692081818
2025-10-03 15:35:14,0,1.0,0.0,1.1786433104999408,194617344.0,37679104.0,49.51,0.02,0.39,21.0,0.013695887984656582
2025-10-03 15:35:20,0,1.0,0.0,1.1782561241666372,194617344.0,37679104.0,49.51,0.02,0.39,21.0,0.013766198919163673
2025-10-03 15:35:25,0,1.0,0.0,1.1778878755000428,194617344.0,37679104.0,49.58,0.02,0.39,21.0,0.013417529975667366
2025-10-03 15:35:30,0,1.0,0.0,1.1775196268334487,194617344.0,37679104.0,49.58,0.02,0.39,21.0,0.013069005691104611
2025-10-03 15:35:35,0,1.0,0.0,1.1771876580000935,194617344.0,37679104.0,49.64,0.02,0.39,21.0,0.013417529975667366
2025-10-03 15:35:40,0,1.0,0.0,1.1768556891667385,194617344.0,37679104.0,49.64,0.02,0.39,21.0,0.013766198919163673
2025-10-03 15:35:45,0,1.0,0.0,1.1768382797500483,194617344.0,37679104.0,49.699999999999996,0.01,0.39,21.0,0.013766184490350358
2025-10-03 15:35:50,0,1.0,0.0,1.1768208703333587,194617344.0,37679104.0,49.699999999999996,0.01,0.39,21.0,0.013766170061567292
2025-10-03 15:35:55,0,1.0,0.0,1.1766686760834848,194617344.0,37679104.0,49.77,0.02,0.39,21.0,0.01376122277275961
2025-10-03 15:36:00,0,1.0,0.0,1.1765164818336113,194617344.0,37679104.0,49.77,0.02,0.39,21.0,0.01375627903858964
2025-10-03 15:36:05,0,1.0,0.0,1.1761461896667242,194617344.0,37679104.0,49.849999999999994,0.03,0.39,21.0,0.013826550118625516
2025-10-03 15:36:10,0,1.0,0.0,1.1757758974998371,194617344.0,37679104.0,49.849999999999994,0.03,0.39,21.0,0.013896832829460533
2025-10-03 15:36:15,0,1.0,0.0,1.1762753736667642,194617344.0,37679104.0,49.92,0.02,0.39,21.0,0.013691138476625116
2025-10-03 15:36:20,0,1.0,0.0,1.1767748498336914,194617344.0,37679104.0,49.92,0.02,0.39,21.0,0.013485392396627709
2025-10-03 15:36:25,0,1.0,0.0,1.1758502701668476,194617344.0,37679104.0,49.980000000000004,0.02,0.39,21.0,0.013555656154116998
2025-10-03 15:36:31,0,1.0,0.0,1.1749256905000038,194617344.0,37679104.0,49.980000000000004,0.02,0.39,21.0,0.013625931398748705
2025-10-03 15:36:36,0,1.0,0.0,1.1744979923334238,194617344.0,37679104.0,50.04,0.25,0.39,21.0,0.013914900797248251
2025-10-03 15:36:41,0,1.0,0.0,1.1740702941668435,194617344.0,37679104.0,50.04,0.25,0.39,21.0,0.014203902299958914
2025-10-03 15:36:46,0,1.0,0.0,1.1751395044168473,194617344.0,37679104.0,50.11,0.4,0.39,21.0,0.014571032736616845
2025-10-03 15:36:51,0,1.0,0.0,1.1762087146668516,194617344.0,37679104.0,50.11,0.4,0.39,21.0,0.014938072385103841
2025-10-03 15:36:56,0,1.0,0.0,1.175396206750141,194617344.0,37679104.0,50.17,0.33,0.39,21.0,0.014352231748457093
2025-10-03 15:37:01,0,1.0,0.0,1.1745836988334304,194617344.0,37679104.0,50.17,0.33,0.39,21.0,0.01376622777688104
2025-10-03 15:37:06,0,1.0,0.0,1.1748979993334008,194617344.0,37679104.0,50.230000000000004,0.25,0.39,21.0,0.013765232255542409
2025-10-03 15:37:11,0,1.0,0.0,1.1752122998333712,194617344.0,37679104.0,50.230000000000004,0.25,0.39,21.0,0.013764236878178014
2025-10-03 15:37:16,0,1.0,0.0,1.1751310740831589,194617344.0,37679104.0,50.3,0.32,0.39,21.0,0.013900487763987198
2025-10-03 15:37:21,0,1.0,0.0,1.1750498483329466,194617344.0,37679104.0,50.3,0.32,0.39,21.0,0.014036697824406127
2025-10-03 15:37:26,0,1.0,0.0,1.1759167784165734,194617344.0,37679104.0,50.370000000000005,0.46,0.39,21.0,0.014037859682173134
2025-10-03 15:37:31,0,1.0,0.0,1.1767837085002004,194617344.0,37679104.0,50.370000000000005,0.46,0.39,21.0,0.014039021732296665
2025-10-03 15:37:36,0,1.0,0.0,1.1764446968335658,194617344.0,37679104.0,50.449999999999996,0.71,0.39,21.0,0.013902425221803731
2025-10-03 15:37:42,0,1.0,0.0,1.176105685166931,194617344.0,37679104.0,50.449999999999996,0.71,0.39,21.0,0.013765794923823817
2025-10-03 15:37:47,0,1.0,0.0,1.1763962356668192,194617344.0,37679104.0,50.51,0.54,0.39,21.0,0.013834012806942159
2025-10-03 15:37:52,0,1.0,0.0,1.1766867861667076,194617344.0,37679104.0,50.51,0.54,0.39,21.0,0.013902221253442544
2025-10-03 15:37:57,0,1.0,0.0,1.1764116870833732,194617344.0,37679104.0,50.599999999999994,0.44,0.39,21.0,0.013833244430285163
2025-10-03 15:38:02,0,1.0,0.0,1.176136588000039,194617344.0,37679104.0,50.599999999999994,0.44,0.39,21.0,0.013764265727670009
2025-10-03 15:38:07,0,1.0,0.0,1.178091582333309,194617344.0,37679104.0,50.65,0.52,0.39,21.0,0.013485364136266094
2025-10-03 15:38:12,0,1.0,0.0,1.178091582333309,194617344.0,37679104.0,50.65,0.52,0.39,21.0,0.013485364136266094
2025-10-03 15:38:17,0,1.0,0.0,1.174411875833357,194617344.0,37679104.0,50.72,0.52,0.39,21.0,0.01348573153020615
2025-10-03 15:38:22,0,1.0,0.0,1.174411875833357,194617344.0,37679104.0,50.72,0.52,0.39,21.0,0.013485731530206152
2025-10-03 15:38:27,0,1.0,0.0,1.1774942601667437,194617344.0,37679104.0,50.78,0.65,0.39,21.0,0.013766170061567294
2025-10-03 15:38:32,0,1.0,0.0,1.177494260166744,194617344.0,37679104.0,50.78,0.65,0.39,21.0,0.013766170061567292
2025-10-03 15:38:37,0,1.0,0.0,1.1756065468333265,194617344.0,37679104.0,50.85,0.55,0.39,21.0,0.014246339904213957
2025-10-03 15:38:42,0,1.0,0.0,1.1756065468333268,194617344.0,37679104.0,50.85,0.55,0.39,21.0,0.014246339904213957
2025-10-03 15:38:47,0,1.0,0.0,1.1765909056666715,194617344.0,37679104.0,50.93,0.49,0.39,21.0,0.01521677618134373
2025-10-03 15:38:53,0,1.0,0.0,1.1765909056666715,194617344.0,37679104.0,50.93,0.49,0.39,21.0,0.01521677618134373
2025-10-03 15:38:58,0,1.0,0.0,1.1755396648333467,194617344.0,37679104.0,51.0,0.6,0.39,21.0,0.013766170061567294
2025-10-03 15:39:03,0,1.0,0.0,1.1755396648333467,194617344.0,37679104.0,51.0,0.6,0.39,21.0,0.013766170061567294
2025-10-03 15:39:08,0,1.0,0.0,1.1776060581663235,194617344.0,37679104.0,51.07,0.58,0.39,21.0,0.013766256634719391
2025-10-03 15:39:13,0,1.0,0.0,1.1776060581663235,194617344.0,37679104.0,51.07,0.58,0.39,21.0,0.013766256634719393
2025-10-03 15:39:18,0,1.0,0.0,1.4103036559998148,194617344.0,37679104.0,51.129999999999995,0.02,0.39,21.0,0.014170934941812886
2025-10-03 15:39:23,0,1.0,0.0,1.4103036559998143,194617344.0,37679104.0,51.129999999999995,0.02,0.39,21.0,0.014170934941812888
2025-10-03 15:39:28,0,1.0,0.0,1.173796311833333,194617344.0,37679104.0,51.2,0.02,0.39,21.0,0.013894533099278983
2025-10-03 15:39:33,0,1.0,0.0,1.1737963118333332,194617344.0,37679104.0,51.2,0.02,0.39,21.0,0.013894533099278983
2025-10-03 15:39:38,0,1.0,0.0,1.17726772933338,194617344.0,37679104.0,51.26,0.02,0.39,21.0,0.013622191117183111
2025-10-03 15:39:43,0,1.0,0.0,1.17726772933338,194617344.0,37679104.0,51.26,0.02,0.39,21.0,0.013622191117183113
2025-10-03 15:40:01,1,1.0,0.0,1.175935133166604,194617344.0,37679104.0,51.38,0.02,0.39,21.0,0.013485392396627709
2025-10-03 15:40:06,1,1.0,0.0,1.1768696040000273,194617344.0,37679104.0,51.410000000000004,97.52,0.55,21.0,0.01619929469892696
2025-10-03 15:40:12,1,1.0,0.0,1.177804074833451,194617344.0,37679104.0,51.410000000000004,97.52,0.55,21.0,0.018912514691925255
2025-10-03 15:40:17,1,1.0,0.0,1.1764123161667612,194617344.0,37679104.0,51.45,97.53,0.55,21.0,0.016369948688078412
2025-10-03 15:40:22,1,1.0,0.0,1.1750205575000716,194617344.0,37679104.0,51.45,97.53,0.55,21.0,0.013827105653000204
2025-10-03 15:40:27,1,1.0,0.0,1.1724476628331406,194617344.0,37679104.0,51.489999999999995,95.12,0.55,21.0,0.013902570917154678
2025-10-03 15:40:32,1,1.0,0.0,1.1724476628331408,194617344.0,37679104.0,51.489999999999995,95.12,0.55,21.0,0.013902570917154678
2025-10-03 15:40:37,1,1.0,0.0,1.176318767666847,194617344.0,37679104.0,51.53,86.99,0.55,21.0,0.01376008381351493
2025-10-03 15:40:42,1,1.0,0.0,1.176318767666847,194617344.0,37679104.0,51.53,86.99,0.55,21.0,0.013760083813514928
2025-10-03 15:40:47,1,1.0,0.0,1.17367773916673,194617344.0,37679104.0,51.559999999999995,98.97,0.55,21.0,0.0137661412040919
2025-10-03 15:40:52,1,1.0,0.0,1.17367773916673,194617344.0,37679104.0,51.559999999999995,98.97,0.55,21.0,0.0137661412040919
2025-10-03 15:40:58,1,1.0,0.0,1.1777422896669425,194617344.0,37679104.0,51.61,93.86,0.55,21.0,0.013625503018108652
2025-10-03 15:41:03,0,1.0,0.0,1.1777422896669425,194617344.0,37679104.0,51.61,93.86,0.55,21.0,0.013625503018108652
2025-10-03 15:41:08,0,1.0,0.0,1.1925175896664466,194617344.0,37679104.0,51.67,0.51,0.39,21.0,0.015648478218500288
2025-10-03 15:41:13,0,1.0,0.0,1.1925175896664466,194617344.0,37679104.0,51.67,0.51,0.39,21.0,0.015648478218500284
2025-10-03 15:41:18,0,1.0,0.0,1.1769340848333438,194617344.0,37679104.0,51.74,0.26,0.39,21.0,0.014246339904213956
2025-10-03 15:41:23,0,1.0,0.0,1.1769340848333438,194617344.0,37679104.0,51.74,0.26,0.39,21.0,0.01424633990421396
2025-10-03 15:41:28,0,1.0,0.0,1.1751599233331642,194617344.0,37679104.0,51.8,0.49,0.39,21.0,0.013624046725387752
2025-10-03 15:41:33,0,1.0,0.0,1.1751599233331642,194617344.0,37679104.0,51.8,0.49,0.39,21.0,0.013624046725387754
2025-10-03 15:41:38,0,1.0,0.0,1.175924805000098,194617344.0,37679104.0,51.879999999999995,0.57,0.39,21.0,0.01376241960395583
2025-10-03 15:41:43,0,1.0,0.0,1.175924805000098,194617344.0,37679104.0,51.879999999999995,0.57,0.39,21.0,0.013762419603955831
2025-10-03 15:41:48,0,1.0,0.0,1.1775569923333933,194617344.0,37679104.0,51.95,0.48,0.39,21.0,0.013487201306173093
2025-10-03 15:41:53,0,1.0,0.0,1.1775569923333933,194617344.0,37679104.0,51.95,0.48,0.39,21.0,0.013487201306173093
2025-10-03 15:41:58,0,1.0,0.0,1.1764103981666572,194617344.0,37679104.0,52.02,0.51,0.39,21.0,0.013625931398748702
2025-10-03 15:42:03,0,1.0,0.0,1.176410398166657,194617344.0,37679104.0,52.02,0.51,0.39,21.0,0.013625931398748702
2025-10-03 15:42:09,0,1.0,0.0,1.176898570166486,194617344.0,37679104.0,52.09,0.51,0.39,21.0,0.014037050773515048
2025-10-03 15:42:14,0,1.0,0.0,1.176898570166486,194617344.0,37679104.0,52.09,0.51,0.39,21.0,0.014037050773515048
2025-10-03 15:42:19,0,1.0,0.0,1.1759809983335192,194617344.0,37679104.0,52.16,0.54,0.39,21.0,0.013902600056591318
2025-10-03 15:42:24,0,1.0,0.0,1.1759809983335192,194617344.0,37679104.0,52.16,0.54,0.39,21.0,0.013902600056591316
2025-10-03 15:42:29,0,1.0,0.0,1.178474441500081,194617344.0,37679104.0,52.22,0.51,0.39,21.0,0.013625931398748703
2025-10-03 15:42:34,0,1.0,0.0,1.1784744415000812,194617344.0,37679104.0,52.22,0.51,0.39,21.0,0.013762361920569354
2025-10-03 15:42:39,0,1.0,0.0,1.175720532000014,194617344.0,37679104.0,52.28,0.55,0.39,21.0,0.013898754706780907
2025-10-03 15:42:44,0,1.0,0.0,1.1747478436667127,194617344.0,37679104.0,52.35,0.25,0.39,21.0,0.01376141021449946
2025-10-03 15:42:49,0,1.0,0.0,1.1737751553334115,194617344.0,37679104.0,52.35,0.25,0.39,21.0,0.013624046725387754
2025-10-03 15:42:54,0,1.0,0.0,1.2818676048182995,194617344.0,37679104.0,52.42,0.02,0.39,21.0,0.01401880028937837
2025-10-03 15:42:59,0,1.0,0.0,1.4115785442001654,194617344.0,37679104.0,52.42,0.02,0.39,21.0,0.014511125108794232
2025-10-03 15:43:04,0,1.0,0.0,1.2830722170910205,194617344.0,37679104.0,52.49,0.02,0.39,21.0,0.015069087491436034
2025-10-03 15:43:09,0,1.0,0.0,1.1759836111667332,194617344.0,37679104.0,52.49,0.02,0.39,21.0,0.015516533082933702
2025-10-03 15:43:14,0,1.0,0.0,1.1758170885001011,194617344.0,37679104.0,52.56,0.02,0.39,21.0,0.014708548374420373
2025-10-03 15:43:19,0,1.0,0.0,1.1756505658334695,194617344.0,37679104.0,52.56,0.02,0.39,21.0,0.013900677115750956
2025-10-03 15:43:25,0,1.0,0.0,1.1759910658333865,194617344.0,37679104.0,52.63,0.02,0.39,21.0,0.013901638519673553
2025-10-03 15:43:30,0,1.0,0.0,1.1763315658333038,194617344.0,37679104.0,52.63,0.02,0.39,21.0,0.013902600056591316
2025-10-03 15:43:35,0,1.0,0.0,1.1766811591664919,194617344.0,37679104.0,52.709999999999994,0.02,0.39,21.0,0.013764280152461358
2025-10-03 15:43:40,0,1.0,0.0,1.17703075249968,194617344.0,37679104.0,52.709999999999994,0.02,0.39,21.0,0.013625959958415774
2025-10-03 15:43:45,0,1.0,0.0,1.1768466177497885,194617344.0,37679104.0,52.78,0.02,0.39,21.0,0.013764107056960599
2025-10-03 15:43:50,0,1.0,0.0,1.176662482999897,194617344.0,37679104.0,52.78,0.02,0.39,21.0,0.013902250391413427
2025-10-03 15:43:55,0,1.0,0.0,1.176408739416729,194617344.0,37679104.0,52.85,0.02,0.39,21.0,0.013832302198078567
2025-10-03 15:44:00,0,1.0,0.0,1.176154995833561,194617344.0,37679104.0,52.85,0.02,0.39,21.0,0.013762361920569358
2025-10-03 15:44:05,0,1.0,0.0,1.1762387282501547,194617344.0,37679104.0,52.92,0.02,0.39,21.0,0.013554874924424448
2025-10-03 15:44:10,0,1.0,0.0,1.1763224606667488,194617344.0,37679104.0,52.92,0.02,0.39,21.0,0.013347388363105965
2025-10-03 15:44:15,0,1.0,0.0,1.177214311000019,194617344.0,37679104.0,52.989999999999995,0.02,0.39,21.0,0.013556750026985646
2025-10-03 15:44:20,0,1.0,0.0,1.1781061613332895,194617344.0,37679104.0,52.989999999999995,0.02,0.39,21.0,0.013766170061567294
2025-10-03 15:44:25,0,1.0,0.0,1.177572907083307,194617344.0,37679104.0,53.07,0.02,0.39,21.0,0.01376598249013983
2025-10-03 15:44:30,0,1.0,0.0,1.1770396528333247,194617344.0,37679104.0,53.07,0.02,0.39,21.0,0.013765794923823817
2025-10-03 15:44:35,0,1.0,0.0,1.176878095666628,194617344.0,37679104.0,53.13,0.03,0.39,21.0,0.013763126264685016
2025-10-03 15:44:41,0,1.0,0.0,1.1767165384999314,194617344.0,37679104.0,53.13,0.03,0.39,21.0,0.01376045864004677
2025-10-03 15:44:46,0,1.0,0.0,1.1766271641665753,194617344.0,37679104.0,53.2,0.02,0.39,21.0,0.013761424633306336
2025-10-03 15:44:51,0,1.0,0.0,1.176537789833219,194617344.0,37679104.0,53.2,0.02,0.39,21.0,0.013762390762202151
2025-10-03 15:44:56,0,1.0,0.0,1.1769141387499076,194617344.0,37679104.0,53.269999999999996,0.02,0.39,21.0,0.013764309002134757
2025-10-03 15:45:01,0,1.0,0.0,1.1772904876665962,194617344.0,37679104.0,53.269999999999996,0.02,0.39,21.0,0.013766227776881038
2025-10-03 15:45:06,0,1.0,0.0,1.1765426966665018,194617344.0,37679104.0,53.339999999999996,0.02,0.39,21.0,0.01493468042404012
2025-10-03 15:45:11,0,1.0,0.0,1.1757949056664074,194617344.0,37679104.0,53.339999999999996,0.02,0.39,21.0,0.01610293470378397
2025-10-03 15:45:16,0,1.0,0.0,1.176366088749622,194617344.0,37679104.0,53.410000000000004,0.01,0.39,21.0,0.01507070088923632
2025-10-03 15:45:21,0,1.0,0.0,1.1769372718328364,194617344.0,37679104.0,53.410000000000004,0.01,0.39,21.0,0.014038609844420602
2025-10-03 15:45:26,0,1.0,0.0,1.1770243212498976,194617344.0,37679104.0,53.47,0.49,0.39,21.0,0.013900298417381975
2025-10-03 15:45:31,0,1.0,0.0,1.177111370666959,194617344.0,37679104.0,53.47,0.49,0.39,21.0,0.013761986990343346
2025-10-03 15:45:36,0,1.0,0.0,1.1767562154167686,194617344.0,37679104.0,53.55,0.46,0.39,21.0,0.01383133110844497
2025-10-03 15:45:41,0,1.0,0.0,1.1764010601665782,194617344.0,37679104.0,53.55,0.46,0.39,21.0,0.013900677115750958
2025-10-03 15:45:46,0,1.0,0.0,1.1770055609166168,194617344.0,37679104.0,53.629999999999995,0.55,0.39,21.0,0.013623104584202982
2025-10-03 15:45:51,0,1.0,0.0,1.1776100616666554,194617344.0,37679104.0,53.629999999999995,0.55,0.39,21.0,0.013345570439844355
2025-10-03 15:45:56,0,1.0,0.0,1.1778865564166758,194617344.0,37679104.0,53.68000000000001,0.61,0.39,21.0,0.013555641949137002
2025-10-03 15:46:02,0,1.0,0.0,1.1781630511666967,194617344.0,37679104.0,53.68000000000001,0.61,0.39,21.0,0.013765794923823817
2025-10-03 15:46:07,0,1.0,0.0,1.1777004185000803,194617344.0,37679104.0,53.76,0.65,0.39,21.0,0.013834027305435408
2025-10-03 15:46:12,0,1.0,0.0,1.1772377858334646,194617344.0,37679104.0,53.76,0.65,0.39,21.0,0.013902250391413426
2025-10-03 15:46:17,0,1.0,0.0,1.1765392370833372,194617344.0,37679104.0,53.839999999999996,0.66,0.39,21.0,0.013970625220059353
2025-10-03 15:46:22,0,1.0,0.0,1.17584068833321,194617344.0,37679104.0,53.839999999999996,0.66,0.39,21.0,0.01403899231093256
2025-10-03 15:46:27,0,1.0,0.0,1.1771222851668124,194617344.0,37679104.0,53.89,0.65,0.39,21.0,0.013763890693706798
2025-10-03 15:46:32,0,1.0,0.0,1.1771222851668124,194617344.0,37679104.0,53.89,0.65,0.39,21.0,0.0137638906937068
2025-10-03 15:46:37,0,1.0,0.0,1.1755696430001685,194617344.0,37679104.0,53.95,0.28,0.39,21.0,0.013898754706780907
2025-10-03 15:46:42,0,1.0,0.0,1.1755696430001688,194617344.0,37679104.0,53.95,0.28,0.39,21.0,0.013898754706780907
2025-10-03 15:46:47,0,1.0,0.0,1.1732972818332805,194617344.0,37679104.0,54.01,0.59,0.39,21.0,0.013345570439844356
2025-10-03 15:46:52,0,1.0,0.0,1.1732972818332805,194617344.0,37679104.0,54.01,0.59,0.39,21.0,0.013345570439844355
2025-10-03 15:46:57,0,1.0,0.0,1.1770576093340421,194617344.0,37679104.0,54.08,0.59,0.39,21.0,0.013902600056591318
2025-10-03 15:47:02,0,1.0,0.0,1.1770576093340424,194617344.0,37679104.0,54.08,0.59,0.39,21.0,0.013902600056591316
2025-10-03 15:47:07,0,1.0,0.0,1.1766040513333185,194617344.0,37679104.0,54.150000000000006,0.48,0.39,21.0,0.015518679853596569
2025-10-03 15:47:12,0,1.0,0.0,1.1766040513333185,194617344.0,37679104.0,54.150000000000006,0.48,0.39,21.0,0.015518679853596569
2025-10-03 15:47:18,0,1.0,0.0,1.1760057783333953,194617344.0,37679104.0,54.21,0.46,0.39,21.0,0.013763890693706798
2025-10-03 15:47:23,0,1.0,0.0,1.1760057783333955,194617344.0,37679104.0,54.21,0.46,0.39,21.0,0.0137638906937068
2025-10-03 15:47:28,0,1.0,0.0,1.179121869166617,194617344.0,37679104.0,54.28,0.3,0.39,21.0,0.013898754706780907
2025-10-03 15:47:33,0,1.0,0.0,1.179121869166617,194617344.0,37679104.0,54.28,0.3,0.39,21.0,0.013898754706780907
2025-10-03 15:47:38,0,1.0,0.0,1.175266929333399,194617344.0,37679104.0,54.36,0.4,0.39,21.0,0.013900706247249407
2025-10-03 15:47:43,0,1.0,0.0,1.175266929333399,194617344.0,37679104.0,54.36,0.4,0.39,21.0,0.013900706247249409
2025-10-03 15:47:48,0,1.0,0.0,1.1767935818328017,194617344.0,37679104.0,54.42,0.24,0.39,21.0,0.01376239076220215
2025-10-03 15:47:53,0,1.0,0.0,1.1767935818328017,194617344.0,37679104.0,54.42,0.24,0.39,21.0,0.01376239076220215
2025-10-03 15:47:58,0,1.0,0.0,1.176505902499836,194617344.0,37679104.0,54.49,0.25,0.39,21.0,0.01376426572767001
2025-10-03 15:48:03,0,1.0,0.0,1.176505902499836,194617344.0,37679104.0,54.49,0.25,0.39,21.0,0.01376426572767001
2025-10-03 15:48:08,0,1.0,0.0,1.1767822110001969,194617344.0,37679104.0,54.55,0.28,0.39,21.0,0.01474349762896968
2025-10-03 15:48:13,0,1.0,0.0,1.1767822110001969,194617344.0,37679104.0,54.55,0.28,0.39,21.0,0.01474349762896968
2025-10-03 15:48:18,0,1.0,0.0,1.4109452582000814,194617344.0,37679104.0,54.61,0.02,0.39,21.0,0.013158722107407704
2025-10-03 15:48:23,0,1.0,0.0,1.4109452582000812,194617344.0,37679104.0,54.61,0.02,0.39,21.0,0.013158722107407702
2025-10-03 15:48:28,0,1.0,0.0,1.1783031886664805,194617344.0,37679104.0,54.68,0.02,0.39,21.0,0.01376619891916367
2025-10-03 15:48:33,0,1.0,0.0,1.1783031886664805,194617344.0,37679104.0,54.68,0.02,0.39,21.0,0.013766198919163673
2025-10-03 15:48:38,0,1.0,0.0,1.176452119500027,194617344.0,37679104.0,54.75,0.02,0.39,21.0,0.014038962889691767
2025-10-03 15:48:44,0,1.0,0.0,1.176452119500027,194617344.0,37679104.0,54.75,0.02,0.39,21.0,0.014038962889691768
2025-10-03 15:48:49,0,1.0,0.0,1.1772848981666661,194617344.0,37679104.0,54.83,0.02,0.39,21.0,0.01348573153020615
2025-10-03 15:48:54,0,1.0,0.0,1.1772848981666661,194617344.0,37679104.0,54.83,0.02,0.39,21.0,0.01348573153020615
2025-10-03 15:48:59,0,1.0,0.0,1.176733367333327,194617344.0,37679104.0,54.91,0.02,0.39,21.0,0.013625959958415776
2025-10-03 15:49:04,0,1.0,0.0,1.176733367333327,194617344.0,37679104.0,54.91,0.02,0.39,21.0,0.013625959958415774
2025-10-03 15:49:09,0,1.0,0.0,1.1769670720001766,194617344.0,37679104.0,54.97,0.02,0.39,21.0,0.015514354392869642
2025-10-03 15:49:14,0,1.0,0.0,1.1763771660832085,194617344.0,37679104.0,55.03,0.02,0.39,21.0,0.014640398487123889
2025-10-03 15:49:19,0,1.0,0.0,1.175787260166241,194617344.0,37679104.0,55.03,0.02,0.39,21.0,0.013766198919163674
2025-10-03 15:49:24,0,1.0,0.0,1.1754879259163622,194617344.0,37679104.0,55.11,0.02,0.39,21.0,0.013696060234157773
2025-10-03 15:49:29,0,1.0,0.0,1.1751885916664833,194617344.0,37679104.0,55.11,0.02,0.39,21.0,0.013625931398748702
2025-10-03 15:49:34,0,1.0,0.0,1.1757965432499684,194617344.0,37679104.0,55.17,0.02,0.39,21.0,0.013764280152461358
2025-10-03 15:49:39,0,1.0,0.0,1.1764044948334536,194617344.0,37679104.0,55.17,0.02,0.39,21.0,0.013902629196150106
2025-10-03 15:49:44,0,1.0,0.0,1.1766840410834143,194617344.0,37679104.0,55.239999999999995,0.02,0.39,21.0,0.013901653087422389
2025-10-03 15:49:49,0,1.0,0.0,1.1769635873333757,194617344.0,37679104.0,55.239999999999995,0.02,0.39,21.0,0.013900677115750958
2025-10-03 15:49:55,0,1.0,0.0,1.17681548566649,194617344.0,37679104.0,55.3,0.02,0.39,21.0,0.013899526519219505
2025-10-03 15:50:00,0,1.0,0.0,1.176667383999605,194617344.0,37679104.0,55.3,0.02,0.39,21.0,0.013898376113148245
2025-10-03 15:50:05,0,1.0,0.0,1.1769468432500314,194617344.0,37679104.0,55.370000000000005,0.02,0.39,21.0,0.013832302198078567
2025-10-03 15:50:10,0,1.0,0.0,1.1772263025004577,194617344.0,37679104.0,55.370000000000005,0.02,0.39,21.0,0.013766198919163673
2025-10-03 15:50:15,0,1.0,0.0,1.176678132083604,194617344.0,37679104.0,55.440000000000005,0.02,0.39,21.0,0.013763140687088175
2025-10-03 15:50:20,0,1.0,0.0,1.1761299616667507,194617344.0,37679104.0,55.440000000000005,0.02,0.39,21.0,0.01376008381351493
2025-10-03 15:50:25,0,1.0,0.0,1.1765546475000217,194617344.0,37679104.0,55.52,0.02,0.39,21.0,0.013690937663698274
2025-10-03 15:50:30,0,1.0,0.0,1.1769793333332925,194617344.0,37679104.0,55.52,0.02,0.39,21.0,0.013621791513881612
2025-10-03 15:50:35,0,1.0,0.0,1.17664912199992,194617344.0,37679104.0,55.589999999999996,0.02,0.39,21.0,0.013762174452902747
2025-10-03 15:50:40,0,1.0,0.0,1.1763189106665475,194617344.0,37679104.0,55.589999999999996,0.02,0.39,21.0,0.013902600056591316
2025-10-03 15:50:45,0,1.0,0.0,1.176472620250024,194617344.0,37679104.0,55.67,0.02,0.39,21.0,0.013902410652436591
2025-10-03 15:50:50,0,1.0,0.0,1.176626329833501,194617344.0,37679104.0,55.67,0.02,0.39,21.0,0.013902221253442544
2025-10-03 15:50:55,0,1.0,0.0,1.1770662542500454,194617344.0,37679104.0,55.739999999999995,0.3,0.39,21.0,0.013900487763987198
2025-10-03 15:51:00,0,1.0,0.0,1.1775061786665901,194617344.0,37679104.0,55.739999999999995,0.3,0.39,21.0,0.013898754706780909
2025-10-03 15:51:06,0,1.0,0.0,1.1766465174999514,194617344.0,37679104.0,55.82,0.48,0.39,21.0,0.01470833259107042
2025-10-03 15:51:11,0,1.0,0.0,1.175786856333313,194617344.0,37679104.0,55.82,0.48,0.39,21.0,0.015518224428364204
2025-10-03 15:51:16,0,1.0,0.0,1.176345997583212,194617344.0,37679104.0,55.89,0.54,0.39,21.0,0.014572025358510182
2025-10-03 15:51:21,0,1.0,0.0,1.1769051388331113,194617344.0,37679104.0,55.89,0.54,0.39,21.0,0.013625931398748705
2025-10-03 15:51:26,0,1.0,0.0,1.1767091670832692,194617344.0,37679104.0,55.97,0.67,0.39,21.0,0.013554903331199226
2025-10-03 15:51:31,0,1.0,0.0,1.1765131953334276,194617344.0,37679104.0,55.97,0.67,0.39,21.0,0.013483894760663489
2025-10-03 15:51:36,0,1.0,0.0,1.1758893827501802,194617344.0,37679104.0,56.05,0.53,0.39,21.0,0.013624061001256365
2025-10-03 15:51:41,0,1.0,0.0,1.1752655701669332,194617344.0,37679104.0,56.05,0.53,0.39,21.0,0.013764265727670009
2025-10-03 15:51:46,0,1.0,0.0,1.1759218585834788,194617344.0,37679104.0,56.120000000000005,0.29,0.39,21.0,0.013833432892130662
2025-10-03 15:51:51,0,1.0,0.0,1.1765781470000243,194617344.0,37679104.0,56.120000000000005,0.29,0.39,21.0,0.013902600056591316
2025-10-03 15:51:56,0,1.0,0.0,1.1765840014166618,194617344.0,37679104.0,56.190000000000005,0.47,0.39,21.0,0.013901449141717027
2025-10-03 15:52:01,0,1.0,0.0,1.1765898558332992,194617344.0,37679104.0,56.190000000000005,0.47,0.39,21.0,0.013900298417381975
2025-10-03 15:52:06,0,1.0,0.0,1.1765723459167627,194617344.0,37679104.0,56.26,0.57,0.39,21.0,0.013833070470062407
2025-10-03 15:52:11,0,1.0,0.0,1.176554836000226,194617344.0,37679104.0,56.26,0.57,0.39,21.0,0.013765823779847438
2025-10-03 15:52:16,0,1.0,0.0,1.1766521452500454,194617344.0,37679104.0,56.33,0.68,0.39,21.0,0.013625745763830887
2025-10-03 15:52:22,0,1.0,0.0,1.176749454499865,194617344.0,37679104.0,56.33,0.68,0.39,21.0,0.013485703268423126
2025-10-03 15:52:27,0,1.0,0.0,1.1771116400833912,194617344.0,37679104.0,56.4,0.34,0.39,21.0,0.013694137027299201
2025-10-03 15:52:32,0,1.0,0.0,1.1774738256669175,194617344.0,37679104.0,56.4,0.34,0.39,21.0,0.013902600056591318
2025-10-03 15:52:37,0,1.0,0.0,1.177060197250133,194617344.0,37679104.0,56.46,0.54,0.39,21.0,0.014106228365001802
2025-10-03 15:52:42,0,1.0,0.0,1.1766465688333483,194617344.0,37679104.0,56.46,0.54,0.39,21.0,0.01430974491324285
2025-10-03 15:52:47,0,1.0,0.0,1.1762221588329944,194617344.0,37679104.0,56.53,0.47,0.39,21.0,0.01335582706372991
2025-10-03 15:52:52,0,1.0,0.0,1.1762221588329946,194617344.0,37679104.0,56.53,0.47,0.39,21.0,0.013355827063729907
2025-10-03 15:52:57,0,1.0,0.0,1.1758482711666147,194617344.0,37679104.0,56.61,0.53,0.39,21.0,0.013902600056591318
2025-10-03 15:53:02,0,1.0,0.0,1.1758482711666147,194617344.0,37679104.0,56.61,0.53,0.39,21.0,0.013902600056591318
2025-10-03 15:53:07,0,1.0,0.0,1.1780811196670886,194617344.0,37679104.0,56.68,0.49,0.39,21.0,0.015509713319599813
2025-10-03 15:53:12,0,1.0,0.0,1.1780811196670888,194617344.0,37679104.0,56.68,0.49,0.39,21.0,0.015509713319599813
2025-10-03 15:53:17,0,1.0,0.0,1.1760341446664218,194617344.0,37679104.0,56.76,0.5,0.39,21.0,0.015808631257452462
2025-10-03 15:53:22,0,1.0,0.0,1.1760341446664218,194617344.0,37679104.0,56.76,0.5,0.39,21.0,0.015808631257452462
2025-10-03 15:53:27,0,1.0,0.0,1.4132996937998543,194617344.0,37679104.0,56.83,0.57,0.39,21.0,0.015863738832762795
2025-10-03 15:53:33,0,1.0,0.0,1.413299693799854,194617344.0,37679104.0,56.83,0.57,0.39,21.0,0.015863738832762795
2025-10-03 15:53:38,0,1.0,0.0,1.177093129166375,194617344.0,37679104.0,56.900000000000006,0.02,0.39,21.0,0.015808664327896425
2025-10-03 15:53:43,0,1.0,0.0,1.1770931291663753,194617344.0,37679104.0,56.900000000000006,0.02,0.39,21.0,0.015808664327896425
2025-10-03 15:53:48,0,1.0,0.0,1.1758344450002671,194617344.0,37679104.0,56.97,0.02,0.39,21.0,0.015808201354271478
2025-10-03 15:53:53,0,1.0,0.0,1.1758344450002671,194617344.0,37679104.0,56.97,0.02,0.39,21.0,0.015808201354271478
2025-10-03 15:53:58,0,1.0,0.0,1.1748891171667613,194617344.0,37679104.0,57.05,0.02,0.39,21.0,0.015532530453173344
2025-10-03 15:54:03,0,1.0,0.0,1.1748891171667615,194617344.0,37679104.0,57.05,0.02,0.39,21.0,0.015532530453173344
2025-10-03 15:54:08,0,1.0,0.0,1.1769532236667146,194617344.0,37679104.0,57.120000000000005,0.02,0.39,21.0,0.015120417270792927
2025-10-03 15:54:13,0,1.0,0.0,1.1769532236667146,194617344.0,37679104.0,57.120000000000005,0.02,0.39,21.0,0.015120417270792929
2025-10-03 15:54:18,0,1.0,0.0,1.1754668943331124,194617344.0,37679104.0,57.18,0.02,0.39,21.0,0.015120037658873374
2025-10-03 15:54:23,0,1.0,0.0,1.1754668943331126,194617344.0,37679104.0,57.18,0.02,0.39,21.0,0.015120037658873372
2025-10-03 15:54:28,0,1.0,0.0,1.1773188641664092,194617344.0,37679104.0,57.25,0.02,0.39,21.0,0.015254290465284096
2025-10-03 15:54:33,0,1.0,0.0,1.1773188641664092,194617344.0,37679104.0,57.25,0.02,0.39,21.0,0.015254290465284096
2025-10-03 15:54:38,0,1.0,0.0,1.1765957243333105,194617344.0,37679104.0,57.32,0.02,0.39,21.0,0.014842226815165642
2025-10-03 15:54:43,0,1.0,0.0,1.1765957243333105,194617344.0,37679104.0,57.32,0.02,0.39,21.0,0.014842226815165638
2025-10-03 15:54:49,0,1.0,0.0,1.176461128333358,194617344.0,37679104.0,57.39,0.02,0.39,21.0,0.015808664327896425
2025-10-03 15:54:54,0,1.0,0.0,1.176461128333358,194617344.0,37679104.0,57.39,0.02,0.39,21.0,0.015808664327896425
2025-10-03 15:54:59,0,1.0,0.0,1.1767535106670644,194617344.0,37679104.0,57.470000000000006,0.02,0.39,21.0,0.015532530453173345
2025-10-03 15:55:04,0,1.0,0.0,1.1767535106670644,194617344.0,37679104.0,57.470000000000006,0.02,0.39,21.0,0.015532530453173342
2025-10-03 15:55:09,0,1.0,0.0,1.1771660018330294,194617344.0,37679104.0,57.53,0.02,0.39,21.0,0.017142809328867907
2025-10-03 15:55:14,0,1.0,0.0,1.1771660018330294,194617344.0,37679104.0,57.53,0.02,0.39,21.0,0.017142809328867904
2025-10-03 15:55:19,0,1.0,0.0,1.175364228000035,194617344.0,37679104.0,57.59,0.02,0.39,21.0,0.015808664327896425
2025-10-03 15:55:24,0,1.0,0.0,1.1752062804166599,194617344.0,37679104.0,57.67,0.02,0.39,21.0,0.015463513158734262
2025-10-03 15:55:42,1,1.0,0.0,1.1777127126667133,194617344.0,37679104.0,57.74,0.02,0.39,21.0,0.015394463515811802
2025-10-03 15:55:47,1,1.0,0.0,1.1773997145000976,194617344.0,37679104.0,57.78,89.35,0.56,21.0,0.02026446094274615
2025-10-03 15:55:52,1,1.0,0.0,1.1773997145000976,194617344.0,37679104.0,57.78,89.35,0.56,21.0,0.02026446094274615
2025-10-03 15:55:57,1,1.0,0.0,1.1724436413336055,194617344.0,37679104.0,57.81999999999999,91.95,0.56,21.0,0.016151672171888433
2025-10-03 15:56:03,1,1.0,0.0,1.1724436413336057,194617344.0,37679104.0,57.81999999999999,91.95,0.56,21.0,0.016151672171888436
2025-10-03 15:56:08,1,1.0,0.0,1.180817352333482,194617344.0,37679104.0,57.86,92.25,0.56,21.0,0.015668008065123362
2025-10-03 15:56:13,1,1.0,0.0,1.1808173523334822,194617344.0,37679104.0,57.86,92.25,0.56,21.0,0.015668008065123362
2025-10-03 15:56:18,1,1.0,0.0,1.1744810486664694,194617344.0,37679104.0,57.9,95.52,0.56,21.0,0.015808664327896422
2025-10-03 15:56:23,1,1.0,0.0,1.1744810486664696,194617344.0,37679104.0,57.9,95.52,0.56,21.0,0.015808664327896425
2025-10-03 15:56:28,1,1.0,0.0,1.1766470421662234,194617344.0,37679104.0,57.93,94.78,0.56,21.0,0.015396589275738917
2025-10-03 15:56:33,1,1.0,0.0,1.1766470421662234,194617344.0,37679104.0,57.93,94.78,0.56,21.0,0.015396589275738917
2025-10-03 15:56:38,1,1.0,0.0,1.1747211538331612,194617344.0,37679104.0,57.96,98.71,0.56,21.0,0.015808631257452462
2025-10-03 15:56:43,0,1.0,0.0,1.1747211538331612,194617344.0,37679104.0,57.96,98.71,0.56,21.0,0.015808631257452462
2025-10-03 15:56:48,0,1.0,0.0,1.1751590974996968,194617344.0,37679104.0,58.03,0.27,0.39,21.0,0.018243624877099764
2025-10-03 16:04:36,0,1.0,0.0,1.176488106833252,194617344.0,37679104.0,61.17,0.03,0.39,21.0,0.01567061378139588
2025-10-03 16:04:42,0,1.0,0.0,1.176533245333303,194617344.0,37679104.0,61.17,0.03,0.39,21.0,0.015532562946103575
2025-10-03 16:04:47,0,1.0,0.0,1.177377747000264,194617344.0,37679104.0,61.24,0.02,0.39,21.0,0.0163379550988645
2025-10-03 16:04:52,0,1.0,0.0,1.1782222486672254,194617344.0,37679104.0,61.24,0.02,0.39,21.0,0.01714334725162543
2025-10-03 16:04:57,0,1.0,0.0,1.1773618558334722,194617344.0,37679104.0,61.32,0.02,0.39,21.0,0.016268904469085
2025-10-03 16:05:02,0,1.0,0.0,1.1765014629997192,194617344.0,37679104.0,61.32,0.02,0.39,21.0,0.015394463515811802
2025-10-03 16:05:07,0,1.0,0.0,1.1764928990002468,194617344.0,37679104.0,61.39,0.02,0.39,21.0,0.01580869739847875
2025-10-03 16:05:12,0,1.0,0.0,1.1764928990002468,194617344.0,37679104.0,61.39,0.02,0.39,21.0,0.01580869739847875
2025-10-03 16:05:17,0,1.0,0.0,1.1774820095006362,194617344.0,37679104.0,61.46,0.02,0.39,21.0,0.015808664327896425
2025-10-03 16:05:22,0,1.0,0.0,1.1774820095006362,194617344.0,37679104.0,61.46,0.02,0.39,21.0,0.015808664327896425
2025-10-03 16:05:27,0,1.0,0.0,1.1774017928328249,194617344.0,37679104.0,61.54,0.02,0.39,21.0,0.015532530453173344
2025-10-03 16:05:32,0,1.0,0.0,1.1774017928328249,194617344.0,37679104.0,61.54,0.02,0.39,21.0,0.015532530453173344
2025-10-03 16:05:37,0,1.0,0.0,1.176416591166647,194617344.0,37679104.0,61.629999999999995,0.02,0.39,21.0,0.015396589275738918
2025-10-03 16:05:42,0,1.0,0.0,1.176416591166647,194617344.0,37679104.0,61.629999999999995,0.02,0.39,21.0,0.015396589275738917
2025-10-03 16:05:48,0,1.0,0.0,1.1789421550001862,194617344.0,37679104.0,61.71,0.53,0.39,21.0,0.0158082674917005
2025-10-03 16:05:53,0,1.0,0.0,1.1789421550001862,194617344.0,37679104.0,61.71,0.53,0.39,21.0,0.0158082674917005
2025-10-03 16:05:58,0,1.0,0.0,1.1779219351665233,194617344.0,37679104.0,61.78,0.69,0.39,21.0,0.015532562946103574
2025-10-03 16:06:03,0,1.0,0.0,1.1779219351665233,194617344.0,37679104.0,61.78,0.69,0.39,21.0,0.015532562946103575
2025-10-03 16:06:08,0,1.0,0.0,1.1770469658334453,194617344.0,37679104.0,61.86,0.56,0.39,21.0,0.015808631257452462
2025-10-03 16:06:13,0,1.0,0.0,1.1770469658334453,194617344.0,37679104.0,61.86,0.56,0.39,21.0,0.015808631257452462
2025-10-03 16:06:18,0,1.0,0.0,1.1753689115002999,194617344.0,37679104.0,61.92,0.66,0.39,21.0,0.015808664327896425
2025-10-03 16:06:23,0,1.0,0.0,1.1753689115002999,194617344.0,37679104.0,61.92,0.66,0.39,21.0,0.015808664327896425
2025-10-03 16:06:28,0,1.0,0.0,1.1776967873338433,194617344.0,37679104.0,62.01,0.62,0.39,21.0,0.015808664327896425
2025-10-03 16:06:33,0,1.0,0.0,1.1776967873338435,194617344.0,37679104.0,62.01,0.62,0.39,21.0,0.015808664327896425
2025-10-03 16:06:38,0,1.0,0.0,1.1775843073331391,194617344.0,37679104.0,62.07,0.52,0.39,21.0,0.015532562946103574
2025-10-03 16:06:43,0,1.0,0.0,1.1775843073331391,194617344.0,37679104.0,62.07,0.52,0.39,21.0,0.015532562946103575
2025-10-03 16:06:48,0,1.0,0.0,1.17467977366717,194617344.0,37679104.0,62.13,0.42,0.39,21.0,0.01755751220114261
2025-10-03 16:06:53,0,1.0,0.0,1.17467977366717,194617344.0,37679104.0,62.13,0.42,0.39,21.0,0.01755751220114261
2025-10-03 16:06:59,0,1.0,0.0,1.1754422804994342,194617344.0,37679104.0,62.2,0.61,0.39,21.0,0.015256396578450262
2025-10-03 16:07:04,0,1.0,0.0,1.1754422804994344,194617344.0,37679104.0,62.2,0.61,0.39,21.0,0.01525639657845026
2025-10-03 16:07:09,0,1.0,0.0,1.1752857875001912,194617344.0,37679104.0,62.28,0.27,0.39,21.0,0.015532530453173345
2025-10-03 16:07:14,0,1.0,0.0,1.1752857875001912,194617344.0,37679104.0,62.28,0.27,0.39,21.0,0.015532530453173342
2025-10-03 16:07:19,0,1.0,0.0,1.177321987000141,194617344.0,37679104.0,62.35,0.25,0.39,21.0,0.014704159588978052
2025-10-03 16:07:24,0,1.0,0.0,1.1763575644169273,194617344.0,37679104.0,62.42,0.29,0.39,21.0,0.015049296172407951
2025-10-03 16:07:29,0,1.0,0.0,1.1753931418337138,194617344.0,37679104.0,62.42,0.29,0.39,21.0,0.015394431311842352
2025-10-03 16:07:34,0,1.0,0.0,1.176234273916786,194617344.0,37679104.0,62.5,0.51,0.39,21.0,0.01546348081028472
2025-10-03 16:07:39,0,1.0,0.0,1.1770754059998583,194617344.0,37679104.0,62.5,0.51,0.39,21.0,0.015532530453173342
2025-10-03 16:07:44,0,1.0,0.0,1.176997830333221,194617344.0,37679104.0,62.57,0.52,0.39,21.0,0.01505035089242472
2025-10-03 16:07:49,0,1.0,0.0,1.1769202546665838,194617344.0,37679104.0,62.57,0.52,0.39,21.0,0.014568103740464723
2025-10-03 16:07:54,0,1.0,0.0,1.176961235583197,194617344.0,37679104.0,62.65,0.53,0.39,21.0,0.014844291851958787
2025-10-03 16:07:59,0,1.0,0.0,1.1770022164998106,194617344.0,37679104.0,62.65,0.53,0.39,21.0,0.015120480541299393
2025-10-03 16:08:05,0,1.0,0.0,1.284215655636217,194617344.0,37679104.0,62.709999999999994,0.02,0.39,21.0,0.015604516821968709
2025-10-03 16:08:10,0,1.0,0.0,1.4128717825999049,194617344.0,37679104.0,62.709999999999994,0.02,0.39,21.0,0.016208148952158306
2025-10-03 16:08:15,0,1.0,0.0,1.2841289960908233,194617344.0,37679104.0,62.790000000000006,0.02,0.39,21.0,0.0157563232536674
2025-10-03 16:08:20,0,1.0,0.0,1.1768433406665886,194617344.0,37679104.0,62.790000000000006,0.02,0.39,21.0,0.015394077077070798
2025-10-03 16:08:25,0,1.0,0.0,1.1769145521667874,194617344.0,37679104.0,62.86,0.02,0.39,21.0,0.015601155966584491
2025-10-03 16:08:30,0,1.0,0.0,1.1769857636669863,194617344.0,37679104.0,62.86,0.02,0.39,21.0,0.015808234422916814
2025-10-03 16:08:35,0,1.0,0.0,1.1768441657503292,194617344.0,37679104.0,62.94,0.02,0.39,21.0,0.015463302896231448
2025-10-03 16:08:40,0,1.0,0.0,1.176702567833672,194617344.0,37679104.0,62.94,0.02,0.39,21.0,0.015118361267540813
2025-10-03 16:08:45,0,1.0,0.0,1.1769242010835417,194617344.0,37679104.0,63.010000000000005,0.02,0.39,21.0,0.015992770305536173
2025-10-03 16:08:50,0,1.0,0.0,1.1771458343334111,194617344.0,37679104.0,63.010000000000005,0.02,0.39,21.0,0.0168671775143349
2025-10-03 16:08:55,0,1.0,0.0,1.1766121619166368,194617344.0,37679104.0,63.09,0.02,0.39,21.0,0.016337715857625487
2025-10-03 16:09:00,0,1.0,0.0,1.1760784894998628,194617344.0,37679104.0,63.09,0.02,0.39,21.0,0.015808267491700504
2025-10-03 16:09:05,0,1.0,0.0,1.1772290899164848,194617344.0,37679104.0,63.16,0.02,0.39,21.0,0.015463302896231448
2025-10-03 16:09:10,0,1.0,0.0,1.178379690333107,194617344.0,37679104.0,63.16,0.02,0.39,21.0,0.015118329641088718
2025-10-03 16:09:16,0,1.0,0.0,1.1774090229164356,194617344.0,37679104.0,63.239999999999995,0.03,0.39,21.0,0.015118329641088722
2025-10-03 16:09:21,0,1.0,0.0,1.1764383554997644,194617344.0,37679104.0,63.239999999999995,0.03,0.39,21.0,0.01511832964108872
2025-10-03 16:09:26,0,1.0,0.0,1.176790432916732,194617344.0,37679104.0,63.33,0.02,0.39,21.0,0.01532523769180081
2025-10-03 16:09:31,0,1.0,0.0,1.1771425103337,194617344.0,37679104.0,63.33,0.02,0.39,21.0,0.015532140548614033
2025-10-03 16:09:36,0,1.0,0.0,1.1771583659171179,194617344.0,37679104.0,63.4,0.03,0.39,21.0,0.015670400702877407
2025-10-03 16:09:41,0,1.0,0.0,1.177174221500536,194617344.0,37679104.0,63.4,0.03,0.39,21.0,0.015808664327896425
2025-10-03 16:09:46,0,1.0,0.0,1.1773186694169149,194617344.0,37679104.0,63.47,0.02,0.39,21.0,0.01580868086317029
2025-10-03 16:09:51,0,1.0,0.0,1.177463117333294,194617344.0,37679104.0,63.47,0.02,0.39,21.0,0.01580869739847875
2025-10-03 16:09:56,0,1.0,0.0,1.1762322631666393,194617344.0,37679104.0,63.54,0.02,0.39,21.0,0.015463529333009781
2025-10-03 16:10:01,0,1.0,0.0,1.1750014089999847,194617344.0,37679104.0,63.54,0.02,0.39,21.0,0.015118361267540814
2025-10-03 16:10:19,1,1.0,0.0,1.175967277999613,194617344.0,37679104.0,63.68,0.02,0.39,21.0,0.01684416635810798
2025-10-03 16:10:24,1,1.0,0.0,1.1807420863331874,194617344.0,37679104.0,63.71,130.18,0.56,21.0,0.018277133814057305
2025-10-03 16:10:29,1,1.0,0.0,1.185516894666762,194617344.0,37679104.0,63.71,130.18,0.56,21.0,0.01971010127000663
2025-10-03 16:10:34,1,1.0,0.0,1.1796670940834701,194617344.0,37679104.0,63.74,131.3,0.56,21.0,0.01755345744847771
2025-10-03 16:10:40,1,1.0,0.0,1.1738172935001783,194617344.0,37679104.0,63.74,131.3,0.56,21.0,0.015396524850145931
2025-10-03 16:10:45,1,1.0,0.0,1.174100818666981,194617344.0,37679104.0,63.78,129.1,0.56,21.0,0.015602592063766026
2025-10-03 16:10:50,1,1.0,0.0,1.1743843438337838,194617344.0,37679104.0,63.78,129.1,0.56,21.0,0.01580863125745246
2025-10-03 16:10:55,1,1.0,0.0,1.1746968233336095,194617344.0,37679104.0,63.81999999999999,132.57,0.56,21.0,0.015808647792657147
2025-10-03 16:11:00,1,1.0,0.0,1.1750093028334352,194617344.0,37679104.0,63.81999999999999,132.57,0.56,21.0,0.015808664327896425
2025-10-03 16:11:05,1,1.0,0.0,1.175071877666748,194617344.0,37679104.0,63.849999999999994,126.97,0.56,21.0,0.01580848244216683
2025-10-03 16:11:10,1,1.0,0.0,1.1751344525000604,194617344.0,37679104.0,63.849999999999994,126.97,0.56,21.0,0.015808300560622542
2025-10-03 16:11:15,1,1.0,0.0,1.1750904338335506,194617344.0,37679104.0,63.89,131.67,0.56,21.0,0.015601155966584491
2025-10-03 16:11:20,0,1.0,0.0,1.1750464151670408,194617344.0,37679104.0,63.89,131.67,0.56,21.0,0.015394012672500176
2025-10-03 16:11:25,0,1.0,0.0,1.1743817660000484,194617344.0,37679104.0,63.96,0.47,0.39,21.0,0.016852252022332998
2025-10-03 16:11:30,0,1.0,0.0,1.1737171168330558,194617344.0,37679104.0,63.96,0.47,0.39,21.0,0.01831052797831103
2025-10-03 16:11:36,0,1.0,0.0,1.1758396901664128,194617344.0,37679104.0,64.03999999999999,0.28,0.39,21.0,0.016852498797146623
2025-10-03 16:11:41,0,1.0,0.0,1.17796226349977,194617344.0,37679104.0,64.03999999999999,0.28,0.39,21.0,0.015394463515811804
2025-10-03 16:11:46,0,1.0,0.0,1.1774801742497705,194617344.0,37679104.0,64.12,0.59,0.39,21.0,0.015531279578720579
2025-10-03 16:11:51,0,1.0,0.0,1.1769980849997712,194617344.0,37679104.0,64.12,0.59,0.39,21.0,0.015668073607108046
2025-10-03 16:11:56,0,1.0,0.0,1.2840593944542475,194617344.0,37679104.0,64.18,0.02,0.39,21.0,0.015678475734061472
2025-10-03 16:12:01,0,1.0,0.0,1.412532965799619,194617344.0,37679104.0,64.18,0.02,0.39,21.0,0.01569145188981021
2025-10-03 16:12:06,0,1.0,0.0,1.2834692205451574,194617344.0,37679104.0,64.26,0.02,0.39,21.0,0.015681079016150175
2025-10-03 16:12:11,0,1.0,0.0,1.1759160994997726,194617344.0,37679104.0,64.26,0.02,0.39,21.0,0.015672761280684906
2025-10-03 16:12:16,0,1.0,0.0,1.1759005677499772,194617344.0,37679104.0,64.33,0.02,0.39,21.0,0.015740717495543895
2025-10-03 16:12:21,0,1.0,0.0,1.1758850360001816,194617344.0,37679104.0,64.33,0.02,0.39,21.0,0.015808664327896425
2025-10-03 16:12:26,0,1.0,0.0,1.1768714800834155,194617344.0,37679104.0,64.41,0.02,0.39,21.0,0.01567061378139588
2025-10-03 16:12:31,0,1.0,0.0,1.1778579241666496,194617344.0,37679104.0,64.41,0.02,0.39,21.0,0.015532562946103575
2025-10-03 16:12:36,0,1.0,0.0,1.1770657199166028,194617344.0,37679104.0,64.48,0.02,0.39,21.0,0.015187378995185432
2025-10-03 16:12:41,0,1.0,0.0,1.176273515666556,194617344.0,37679104.0,64.48,0.02,0.39,21.0,0.014842195766365638
2025-10-03 16:12:47,0,1.0,0.0,1.1768044647502998,194617344.0,37679104.0,64.55,0.02,0.39,21.0,0.015325446076959846
2025-10-03 16:12:52,0,1.0,0.0,1.1773354138340437,194617344.0,37679104.0,64.55,0.02,0.39,21.0,0.01580869739847875
2025-10-03 16:12:57,0,1.0,0.0,1.1764927260837794,194617344.0,37679104.0,64.62,0.02,0.39,21.0,0.015670630172291162
2025-10-03 16:13:02,0,1.0,0.0,1.1756500383335151,194617344.0,37679104.0,64.62,0.02,0.39,21.0,0.015532562946103574
2025-10-03 16:13:07,0,1.0,0.0,1.1763456125836453,194617344.0,37679104.0,64.7,0.02,0.39,21.0,0.015187394880634607
2025-10-03 16:13:12,0,1.0,0.0,1.177041186833776,194617344.0,37679104.0,64.7,0.02,0.39,21.0,0.014842226815165638
2025-10-03 16:13:17,0,1.0,0.0,1.1756465031670207,194617344.0,37679104.0,64.75999999999999,0.02,0.39,21.0,0.015394495719915989
2025-10-03 16:13:22,0,1.0,0.0,1.1756465031670207,194617344.0,37679104.0,64.75999999999999,0.02,0.39,21.0,0.015394495719915987
2025-10-03 16:13:27,0,1.0,0.0,1.1759055036663995,194617344.0,37679104.0,64.84,0.02,0.39,21.0,0.01755707146458149
2025-10-03 16:13:32,0,1.0,0.0,1.1759055036663995,194617344.0,37679104.0,64.84,0.02,0.39,21.0,0.017557071464581492
2025-10-03 16:13:37,0,1.0,0.0,1.1758312746666586,194617344.0,37679104.0,64.89999999999999,0.02,0.39,21.0,0.015808664327896425
2025-10-03 16:13:42,0,1.0,0.0,1.1758312746666586,194617344.0,37679104.0,64.89999999999999,0.02,0.39,21.0,0.015808664327896425
2025-10-03 16:13:47,0,1.0,0.0,1.175864558833685,194617344.0,37679104.0,64.97,0.02,0.39,21.0,0.015394077077070797
2025-10-03 16:13:52,0,1.0,0.0,1.1758645588336851,194617344.0,37679104.0,64.97,0.02,0.39,21.0,0.015394077077070795
2025-10-03 16:13:57,0,1.0,0.0,1.1766564521673595,194617344.0,37679104.0,65.04,0.02,0.39,21.0,0.015808664327896425
2025-10-03 16:14:03,0,1.0,0.0,1.1766564521673597,194617344.0,37679104.0,65.04,0.02,0.39,21.0,0.015808664327896425
2025-10-03 16:14:08,0,1.0,0.0,1.176234191666481,194617344.0,37679104.0,65.11,0.02,0.39,21.0,0.01580869739847875
2025-10-03 16:14:13,0,1.0,0.0,1.176234191666481,194617344.0,37679104.0,65.11,0.02,0.39,21.0,0.01580869739847875
2025-10-03 16:14:18,0,1.0,0.0,1.1775881061663918,194617344.0,37679104.0,65.19,0.02,0.39,21.0,0.015808664327896425
2025-10-03 16:14:23,0,1.0,0.0,1.177588106166392,194617344.0,37679104.0,65.19,0.02,0.39,21.0,0.015808664327896425
2025-10-03 16:14:28,0,1.0,0.0,1.1771044316671273,194617344.0,37679104.0,65.27,0.08,0.39,21.0,0.015532530453173342
2025-10-03 16:14:33,0,1.0,0.0,1.1771044316671275,194617344.0,37679104.0,65.27,0.08,0.39,21.0,0.015532530453173342
2025-10-03 16:14:38,0,1.0,0.0,1.1779824259995926,194617344.0,37679104.0,65.33,0.46,0.39,21.0,0.014566092362790464
2025-10-03 16:14:43,0,1.0,0.0,1.1779824259995926,194617344.0,37679104.0,65.33,0.46,0.39,21.0,0.014566092362790464
2025-10-03 16:14:48,0,1.0,0.0,1.1766691208328364,194617344.0,37679104.0,65.42,0.47,0.39,21.0,0.014706190031843536
2025-10-03 16:14:53,0,1.0,0.0,1.1766691208328361,194617344.0,37679104.0,65.42,0.47,0.39,21.0,0.014706190031843536
2025-10-03 16:14:58,0,1.0,0.0,1.1769604660000066,194617344.0,37679104.0,65.48,0.55,0.39,21.0,0.015260610549972062
2025-10-03 16:15:03,0,1.0,0.0,1.1769604660000066,194617344.0,37679104.0,65.48,0.55,0.39,21.0,0.015260610549972067
2025-10-03 16:15:08,0,1.0,0.0,1.1759751236665277,194617344.0,37679104.0,65.55,0.65,0.39,21.0,0.015808664327896422
2025-10-03 16:15:13,0,1.0,0.0,1.1759751236665275,194617344.0,37679104.0,65.55,0.65,0.39,21.0,0.015808664327896425
2025-10-03 16:15:19,0,1.0,0.0,1.1766878983332087,194617344.0,37679104.0,65.63,0.54,0.39,21.0,0.015808664327896422
2025-10-03 16:15:24,0,1.0,0.0,1.1766878983332087,194617344.0,37679104.0,65.63,0.54,0.39,21.0,0.015808664327896425
2025-10-03 16:15:29,0,1.0,0.0,1.1772305545000563,194617344.0,37679104.0,65.7,0.5,0.39,21.0,0.01700528002543784
2025-10-03 16:15:34,0,1.0,0.0,1.1772305545000563,194617344.0,37679104.0,65.7,0.5,0.39,21.0,0.01700528002543784
2025-10-03 16:15:39,0,1.0,0.0,1.176443861166566,194617344.0,37679104.0,65.77,0.28,0.39,21.0,0.014706220800441877
2025-10-03 16:15:44,0,1.0,0.0,1.1764438611665657,194617344.0,37679104.0,65.77,0.28,0.39,21.0,0.014706220800441877
2025-10-03 16:15:49,0,1.0,0.0,1.176958902166916,194617344.0,37679104.0,65.84,0.25,0.39,21.0,0.01484219576636564
2025-10-03 16:15:54,0,1.0,0.0,1.176301715166725,194617344.0,37679104.0,65.89999999999999,0.24,0.39,21.0,0.015325430047131031
2025-10-03 16:15:59,0,1.0,0.0,1.175644528166534,194617344.0,37679104.0,65.89999999999999,0.24,0.39,21.0,0.015808664327896425
2025-10-03 16:16:04,0,1.0,0.0,1.1769505563332434,194617344.0,37679104.0,65.97,0.59,0.39,21.0,0.015325253721227235
2025-10-03 16:16:09,0,1.0,0.0,1.1782565844999529,194617344.0,37679104.0,65.97,0.59,0.39,21.0,0.014841854238139069
2025-10-03 16:16:14,0,1.0,0.0,1.17772054900009,194617344.0,37679104.0,66.04,0.26,0.39,21.0,0.01532523769180081
2025-10-03 16:16:19,0,1.0,0.0,1.177184513500227,194617344.0,37679104.0,66.04,0.26,0.39,21.0,0.015808631257452462
2025-10-03 16:16:24,0,1.0,0.0,1.176592613666647,194617344.0,37679104.0,66.12,0.58,0.39,21.0,0.015808647792657147
2025-10-03 16:16:29,0,1.0,0.0,1.176000713833067,194617344.0,37679104.0,66.12,0.58,0.39,21.0,0.015808664327896425
2025-10-03 16:16:35,0,1.0,0.0,1.17640357633339,194617344.0,37679104.0,66.19,0.26,0.39,21.0,0.015601563921854113
2025-10-03 16:16:40,0,1.0,0.0,1.176806438833713,194617344.0,37679104.0,66.19,0.26,0.39,21.0,0.015394463515811804
2025-10-03 16:16:45,0,1.0,0.0,1.1766356894166468,194617344.0,37679104.0,66.24000000000001,0.29,0.39,21.0,0.015463480810284721
2025-10-03 16:16:50,0,1.0,0.0,1.1764649399995808,194617344.0,37679104.0,66.24000000000001,0.29,0.39,21.0,0.015532497960379057
2025-10-03 16:16:55,0,1.0,0.0,1.176954703666676,194617344.0,37679104.0,66.32000000000001,0.32,0.39,21.0,0.015670384312462152
2025-10-03 16:17:00,0,1.0,0.0,1.1774444673337712,194617344.0,37679104.0,66.32000000000001,0.32,0.39,21.0,0.015808267491700504
2025-10-03 16:17:05,0,1.0,0.0,1.2835705570910663,194617344.0,37679104.0,66.39,0.03,0.39,21.0,0.015910576591493072
2025-10-03 16:17:10,0,1.0,0.0,1.4109218647998205,194617344.0,37679104.0,66.39,0.03,0.39,21.0,0.016038203595939562
2025-10-03 16:17:15,0,1.0,0.0,1.2826830379999592,194617344.0,37679104.0,66.46,0.02,0.39,21.0,0.015758738371964752
2025-10-03 16:17:20,0,1.0,0.0,1.175817349000075,194617344.0,37679104.0,66.46,0.02,0.39,21.0,0.015534675278211911
2025-10-03 16:17:25,0,1.0,0.0,1.176648907499839,194617344.0,37679104.0,66.53,0.02,0.39,21.0,0.016270010627703998
2025-10-03 16:17:30,0,1.0,0.0,1.177480465999603,194617344.0,37679104.0,66.53,0.02,0.39,21.0,0.017005244451696443
2025-10-03 16:17:35,0,1.0,0.0,1.1771667940000345,194617344.0,37679104.0,66.62,0.02,0.39,21.0,0.015927035263569207
2025-10-03 16:17:40,0,1.0,0.0,1.176853122000466,194617344.0,37679104.0,66.62,0.02,0.39,21.0,0.014848377037858653
2025-10-03 16:17:46,0,1.0,0.0,1.1774651205002251,194617344.0,37679104.0,66.69,0.02,0.39,21.0,0.014983381440149645
2025-10-03 16:17:51,0,1.0,0.0,1.1780771189999846,194617344.0,37679104.0,66.69,0.02,0.39,21.0,0.015118329641088722
2025-10-03 16:17:56,0,1.0,0.0,1.1769206306665485,194617344.0,37679104.0,66.77000000000001,0.02,0.39,21.0,0.015049280431437809
2025-10-03 16:18:01,0,1.0,0.0,1.1757641423331127,194617344.0,37679104.0,66.77000000000001,0.02,0.39,21.0,0.014980231366232244
2025-10-03 16:18:06,0,1.0,0.0,1.1761800580000756,194617344.0,37679104.0,66.84,0.03,0.39,21.0,0.0151882050826094
2025-10-03 16:18:11,0,1.0,0.0,1.1765959736670386,194617344.0,37679104.0,66.84,0.03,0.39,21.0,0.015396202730268317
2025-10-03 16:18:16,0,1.0,0.0,1.1758280084166775,194617344.0,37679104.0,66.9,0.02,0.39,21.0,0.015119183601742251
2025-10-03 16:18:21,0,1.0,0.0,1.1750600431663163,194617344.0,37679104.0,66.9,0.02,0.39,21.0,0.01484219576636564
2025-10-03 16:18:26,0,1.0,0.0,1.1750726258333086,194617344.0,37679104.0,66.97,0.02,0.39,21.0,0.015119389199270705
2025-10-03 16:18:31,0,1.0,0.0,1.1750852085003014,194617344.0,37679104.0,66.97,0.02,0.39,21.0,0.015396621488737598
2025-10-03 16:18:36,0,1.0,0.0,1.17546974224994,194617344.0,37679104.0,67.05,0.02,0.39,21.0,0.015395558530946978
2025-10-03 16:18:41,0,1.0,0.0,1.1758542759995787,194617344.0,37679104.0,67.05,0.02,0.39,21.0,0.01539449571991599
2025-10-03 16:18:46,0,1.0,0.0,1.1760784810830955,194617344.0,37679104.0,67.14,0.02,0.39,21.0,0.015463513158734258
2025-10-03 16:18:51,0,1.0,0.0,1.1763026861666124,194617344.0,37679104.0,67.14,0.02,0.39,21.0,0.015532530453173342
2025-10-03 16:18:56,0,1.0,0.0,1.177482427749813,194617344.0,37679104.0,67.21,0.03,0.39,21.0,0.015532546699621464
2025-10-03 16:19:02,0,1.0,0.0,1.1786621693330137,194617344.0,37679104.0,67.21,0.03,0.39,21.0,0.015532562946103575
2025-10-03 16:19:07,0,1.0,0.0,1.1778663178333773,194617344.0,37679104.0,67.28,0.02,0.39,21.0,0.015464580733500629
2025-10-03 16:19:12,0,1.0,0.0,1.1770704663337406,194617344.0,37679104.0,67.28,0.02,0.39,21.0,0.015396589275738918
2025-10-03 16:19:17,0,1.0,0.0,1.1768812933334325,194617344.0,37679104.0,67.35,0.02,0.39,21.0,0.01546456455702558
2025-10-03 16:19:22,0,1.0,0.0,1.1766921203331246,194617344.0,37679104.0,67.35,0.02,0.39,21.0,0.015532530453173344
2025-10-03 16:19:27,0,1.0,0.0,1.1775984984997194,194617344.0,37679104.0,67.42,0.02,0.39,21.0,0.01631490976488874
2025-10-03 16:19:32,0,1.0,0.0,1.1785048766663144,194617344.0,37679104.0,67.42,0.02,0.39,21.0,0.01631490976488874
2025-10-03 16:19:37,0,1.0,0.0,1.1755046993333356,194617344.0,37679104.0,67.48,0.21,0.39,21.0,0.015120448905979973
2025-10-03 16:19:42,0,1.0,0.0,1.1755046993333356,194617344.0,37679104.0,67.48,0.21,0.39,21.0,0.015120448905979973
2025-10-03 16:19:47,0,1.0,0.0,1.1774712198333266,194617344.0,37679104.0,67.56,0.54,0.39,21.0,0.015256364663305651
2025-10-03 16:19:52,0,1.0,0.0,1.1774712198333268,194617344.0,37679104.0,67.56,0.54,0.39,21.0,0.01525636466330565
2025-10-03 16:19:57,0,1.0,0.0,1.1763465959996513,194617344.0,37679104.0,67.65,0.48,0.39,21.0,0.015532562946103574
2025-10-03 16:20:02,0,1.0,0.0,1.1763465959996513,194617344.0,37679104.0,67.65,0.48,0.39,21.0,0.015532562946103575
2025-10-03 16:20:07,0,1.0,0.0,1.176820526999715,194617344.0,37679104.0,67.71,0.52,0.39,21.0,0.015118329641088722
2025-10-03 16:20:13,0,1.0,0.0,1.176820526999715,194617344.0,37679104.0,67.71,0.52,0.39,21.0,0.01511832964108872
2025-10-03 16:20:18,0,1.0,0.0,1.177551657332818,194617344.0,37679104.0,67.79,0.55,0.39,21.0,0.015532562946103577
2025-10-03 16:20:23,0,1.0,0.0,1.1775516573328182,194617344.0,37679104.0,67.79,0.55,0.39,21.0,0.015532562946103575
2025-10-03 16:20:28,0,1.0,0.0,1.1762914948337007,194617344.0,37679104.0,67.85,0.67,0.39,21.0,0.015532497960379055
2025-10-03 16:20:33,0,1.0,0.0,1.1762914948337009,194617344.0,37679104.0,67.85,0.67,0.39,21.0,0.015532497960379057
2025-10-03 16:20:38,0,1.0,0.0,1.1762256195003524,194617344.0,37679104.0,67.92999999999999,0.59,0.39,21.0,0.015394495719915987
2025-10-03 16:20:43,0,1.0,0.0,1.1762256195003526,194617344.0,37679104.0,67.92999999999999,0.59,0.39,21.0,0.015394495719915987
2025-10-03 16:20:48,0,1.0,0.0,1.1764669696667625,194617344.0,37679104.0,67.99,0.3,0.39,21.0,0.0138753788900952
2025-10-03 16:20:53,0,1.0,0.0,1.1764669696667625,194617344.0,37679104.0,67.99,0.3,0.39,21.0,0.013875378890095201
2025-10-03 16:20:58,0,1.0,0.0,1.176303531332754,194617344.0,37679104.0,68.06,0.49,0.39,21.0,0.015118361267540814
2025-10-03 16:21:03,0,1.0,0.0,1.176303531332754,194617344.0,37679104.0,68.06,0.49,0.39,21.0,0.015118361267540813
2025-10-03 16:21:08,0,1.0,0.0,1.177129144999526,194617344.0,37679104.0,68.12,0.51,0.39,21.0,0.015394495719915987
2025-10-03 16:21:13,0,1.0,0.0,1.177129144999526,194617344.0,37679104.0,68.12,0.51,0.39,21.0,0.015394495719915989
2025-10-03 16:21:18,0,1.0,0.0,1.1763225256663645,194617344.0,37679104.0,68.19,0.53,0.39,21.0,0.015394463515811804
2025-10-03 16:21:24,0,1.0,0.0,1.1763225256663645,194617344.0,37679104.0,68.19,0.53,0.39,21.0,0.015394463515811804
2025-10-03 16:21:29,0,1.0,0.0,1.1770646991665974,194617344.0,37679104.0,68.27,0.3,0.39,21.0,0.0168695419301116
2025-10-03 16:21:47,1,1.0,0.0,1.1761477084164653,194617344.0,37679104.0,68.38,0.35,0.46,21.0,0.01652099876994653
2025-10-03 16:21:52,1,1.0,0.0,1.176078780166487,194617344.0,37679104.0,68.38,0.35,0.46,21.0,0.017785494634227975
2025-10-03 16:21:57,1,1.0,0.0,1.4089987800005475,194617344.0,37679104.0,68.42,94.57,0.56,21.0,0.019702352075867357
2025-10-03 16:22:02,1,1.0,0.0,1.4089987800005475,194617344.0,37679104.0,68.42,94.57,0.56,21.0,0.019702352075867357
2025-10-03 16:22:07,1,1.0,0.0,1.174722149333623,194617344.0,37679104.0,68.45,93.89,0.56,21.0,0.01479831797336303
2025-10-03 16:22:12,1,1.0,0.0,1.174722149333623,194617344.0,37679104.0,68.45,93.89,0.56,21.0,0.014798317973363027
2025-10-03 16:22:17,1,1.0,0.0,1.1782801904992084,194617344.0,37679104.0,68.49,91.42,0.56,21.0,0.0156727284900118
2025-10-03 16:22:22,1,1.0,0.0,1.1782801904992084,194617344.0,37679104.0,68.49,91.42,0.56,21.0,0.0156727284900118
2025-10-03 16:22:27,1,1.0,0.0,1.1742422478331112,194617344.0,37679104.0,68.52,94.18,0.56,21.0,0.015670597390534884
2025-10-03 16:22:33,1,1.0,0.0,1.1742422478331112,194617344.0,37679104.0,68.52,94.18,0.56,21.0,0.015670597390534884
2025-10-03 16:22:38,1,1.0,0.0,1.1757682485000864,194617344.0,37679104.0,68.57,82.65,0.56,21.0,0.015672728490011802
2025-10-03 16:22:43,1,1.0,0.0,1.1757682485000867,194617344.0,37679104.0,68.57,82.65,0.56,21.0,0.015672728490011802
2025-10-03 16:22:48,0,1.0,0.0,1.1783545003336258,194617344.0,37679104.0,68.61999999999999,90.79,0.39,21.0,0.0152793757713951
2025-10-03 16:22:53,0,1.0,0.0,1.1783545003336258,194617344.0,37679104.0,68.61999999999999,90.79,0.39,21.0,0.015279375771395102
2025-10-03 16:22:58,0,1.0,0.0,1.177640908500507,194617344.0,37679104.0,68.69,0.01,0.39,21.0,0.017872906564695153
2025-10-03 16:23:03,0,1.0,0.0,1.177640908500507,194617344.0,37679104.0,68.69,0.01,0.39,21.0,0.01787290656469515
2025-10-03 16:23:08,0,1.0,0.0,1.1765010781664387,194617344.0,37679104.0,68.76,0.02,0.39,21.0,0.01580869739847875
2025-10-03 16:23:13,0,1.0,0.0,1.1765010781664387,194617344.0,37679104.0,68.76,0.02,0.39,21.0,0.01580869739847875
2025-10-03 16:23:18,0,1.0,0.0,1.1775965919999485,194617344.0,37679104.0,68.84,0.48,0.39,21.0,0.015670630172291165
2025-10-03 16:23:23,0,1.0,0.0,1.1775965919999483,194617344.0,37679104.0,68.84,0.48,0.39,21.0,0.015670630172291162
2025-10-03 16:23:28,0,1.0,0.0,1.177821856500183,194617344.0,37679104.0,68.92,0.72,0.39,21.0,0.015808631257452462
2025-10-03 16:23:33,0,1.0,0.0,1.1778218565001832,194617344.0,37679104.0,68.92,0.72,0.39,21.0,0.015808631257452462
2025-10-03 16:23:38,0,1.0,0.0,1.1773869294999408,194617344.0,37679104.0,69.0,0.56,0.39,21.0,0.015808664327896425
2025-10-03 16:23:44,0,1.0,0.0,1.177386929499941,194617344.0,37679104.0,69.0,0.56,0.39,21.0,0.015808664327896425
2025-10-03 16:23:49,0,1.0,0.0,1.1765724709994174,194617344.0,37679104.0,69.07000000000001,0.56,0.39,21.0,0.015532595439169756
2025-10-03 16:23:54,0,1.0,0.0,1.1765724709994174,194617344.0,37679104.0,69.07000000000001,0.56,0.39,21.0,0.015532595439169754
2025-10-03 16:23:59,0,1.0,0.0,1.1768753293329912,194617344.0,37679104.0,69.14999999999999,0.47,0.39,21.0,0.0158082674917005
2025-10-03 16:24:04,0,1.0,0.0,1.1768753293329912,194617344.0,37679104.0,69.14999999999999,0.47,0.39,21.0,0.015808267491700504
2025-10-03 16:24:09,0,1.0,0.0,1.1769817286667603,194617344.0,37679104.0,69.23,0.6,0.39,21.0,0.01511798175884863
2025-10-03 16:24:14,0,1.0,0.0,1.1762285573333127,194617344.0,37679104.0,69.31,0.5,0.39,21.0,0.015326343800895606
2025-10-03 16:24:19,0,1.0,0.0,1.1754753859998648,194617344.0,37679104.0,69.31,0.5,0.39,21.0,0.015534740282156912
2025-10-03 16:24:24,0,1.0,0.0,1.1763898799164658,194617344.0,37679104.0,69.39,0.67,0.39,21.0,0.0155336515378315
2025-10-03 16:24:29,0,1.0,0.0,1.177304373833067,194617344.0,37679104.0,69.39,0.67,0.39,21.0,0.015532562946103575
2025-10-03 16:24:34,0,1.0,0.0,1.1766631872495357,194617344.0,37679104.0,69.46,0.65,0.39,21.0,0.015532546699621464
2025-10-03 16:24:39,0,1.0,0.0,1.1760220006660043,194617344.0,37679104.0,69.46,0.65,0.39,21.0,0.015532530453173344
2025-10-03 16:24:44,0,1.0,0.0,1.1763665431662957,194617344.0,37679104.0,69.53,0.52,0.39,21.0,0.015751136437329116
2025-10-03 16:24:49,0,1.0,0.0,1.176711085666587,194617344.0,37679104.0,69.53,0.52,0.39,21.0,0.01596974242148489
2025-10-03 16:24:55,0,1.0,0.0,1.1763915312500708,194617344.0,37679104.0,69.60000000000001,0.6,0.39,21.0,0.015992770305536173
2025-10-03 16:25:00,0,1.0,0.0,1.1760719768335548,194617344.0,37679104.0,69.60000000000001,0.6,0.39,21.0,0.016015798237760132
2025-10-03 16:25:05,0,1.0,0.0,1.1764502582498912,194617344.0,37679104.0,69.66,0.51,0.39,21.0,0.01591206474023264
2025-10-03 16:25:23,1,1.0,0.0,1.1765304884999448,194617344.0,37679104.0,69.73,0.39,0.39,21.0,0.015808664327896422
2025-10-03 16:25:28,1,1.0,0.0,1.1766413560004974,194617344.0,37679104.0,69.76,130.27,0.56,21.0,0.020335628875296007
2025-10-03 16:25:33,1,1.0,0.0,1.1766413560004971,194617344.0,37679104.0,69.76,130.27,0.56,21.0,0.020335628875296007
2025-10-03 16:25:38,1,1.0,0.0,1.4092800323996926,194617344.0,37679104.0,69.8,128.5,0.56,21.0,0.01663596562178748
2025-10-03 16:25:43,1,1.0,0.0,1.4092800323996926,194617344.0,37679104.0,69.8,128.5,0.56,21.0,0.016635965621787478
2025-10-03 16:25:48,1,1.0,0.0,1.173525490000126,194617344.0,37679104.0,69.84,133.58,0.56,21.0,0.015808664327896425
2025-10-03 16:25:53,1,1.0,0.0,1.1735254900001262,194617344.0,37679104.0,69.84,133.58,0.56,21.0,0.015808664327896425
2025-10-03 16:25:58,1,1.0,0.0,1.1769869736669232,194617344.0,37679104.0,69.88000000000001,133.29,0.56,21.0,0.01580859818714686
2025-10-03 16:26:03,1,1.0,0.0,1.176986973666923,194617344.0,37679104.0,69.88000000000001,133.29,0.56,21.0,0.015808598187146857
2025-10-03 16:26:08,1,1.0,0.0,1.1749954269998852,194617344.0,37679104.0,69.91,131.52,0.56,21.0,0.015808168285764493
2025-10-03 16:26:14,1,1.0,0.0,1.1749954269998852,194617344.0,37679104.0,69.91,131.52,0.56,21.0,0.01580816828576449
2025-10-03 16:26:19,1,1.0,0.0,1.1727085354999265,194617344.0,37679104.0,69.94,130.26,0.56,21.0,0.01525636466330565
2025-10-03 16:26:24,0,1.0,0.0,1.1727085354999265,194617344.0,37679104.0,69.94,130.26,0.56,21.0,0.015256364663305651
2025-10-03 16:26:29,0,1.0,0.0,1.1756095333336511,194617344.0,37679104.0,70.01,0.02,0.39,21.0,0.01769132127414331
2025-10-03 16:26:34,0,1.0,0.0,1.1756095333336514,194617344.0,37679104.0,70.01,0.02,0.39,21.0,0.017691321274143308
2025-10-03 16:26:39,0,1.0,0.0,1.1758966219995273,194617344.0,37679104.0,70.08,0.03,0.39,21.0,0.015737538935922297
2025-10-03 16:26:44,0,1.0,0.0,1.1765574651666004,194617344.0,37679104.0,70.11999999999999,0.01,0.39,21.0,0.01563503469454782
2025-10-03 16:26:49,0,1.0,0.0,1.1772183083336738,194617344.0,37679104.0,70.11999999999999,0.01,0.39,21.0,0.01553253045317334
2025-10-03 16:26:54,0,1.0,0.0,1.1752997938334981,194617344.0,37679104.0,70.2,0.43,0.39,21.0,0.01525620508958549
2025-10-03 16:26:59,0,1.0,0.0,1.1733812793333223,194617344.0,37679104.0,70.2,0.43,0.39,21.0,0.014979886662441088
2025-10-03 16:27:04,0,1.0,0.0,1.1752246580834556,194617344.0,37679104.0,70.28,0.55,0.39,21.0,0.015256237004062473
2025-10-03 16:27:09,0,1.0,0.0,1.1770680368335888,194617344.0,37679104.0,70.28,0.55,0.39,21.0,0.015532595439169752
2025-10-03 16:27:14,0,1.0,0.0,1.1768116853336323,194617344.0,37679104.0,70.35,0.53,0.39,21.0,0.015670630172291165
2025-10-03 16:27:19,0,1.0,0.0,1.1765553338336758,194617344.0,37679104.0,70.35,0.53,0.39,21.0,0.015808664327896425
2025-10-03 16:27:25,0,1.0,0.0,1.1762215116667296,194617344.0,37679104.0,70.43,0.51,0.39,21.0,0.015533602791655159
2025-10-03 16:27:30,0,1.0,0.0,1.1758876894997836,194617344.0,37679104.0,70.43,0.51,0.39,21.0,0.015258503273265923
2025-10-03 16:27:35,0,1.0,0.0,1.1762926109166376,194617344.0,37679104.0,70.5,0.68,0.39,21.0,0.015533619040346613
2025-10-03 16:27:40,0,1.0,0.0,1.1766975323334918,194617344.0,37679104.0,70.5,0.68,0.39,21.0,0.015808697398478753
2025-10-03 16:27:45,0,1.0,0.0,1.1765099259999563,194617344.0,37683200.0,70.57,0.54,0.39,21.0,0.01580869739847875
2025-10-03 16:27:50,0,1.0,0.0,1.1763223196664208,194617344.0,37683200.0,70.57,0.54,0.39,21.0,0.01580869739847875
2025-10-03 16:27:55,0,1.0,0.0,1.1762397480000193,194617344.0,37683200.0,70.64,0.5,0.39,21.0,0.01546461308655225
2025-10-03 16:28:00,0,1.0,0.0,1.1761571763336178,194617344.0,37683200.0,70.64,0.5,0.39,21.0,0.015120480541299396
2025-10-03 16:28:05,0,1.0,0.0,1.1767660180000046,194617344.0,37683200.0,70.71,0.54,0.39,21.0,0.015258583083748552
2025-10-03 16:28:10,0,1.0,0.0,1.1773748596663913,194617344.0,37683200.0,70.71,0.54,0.39,21.0,0.015396685915139343
2025-10-03 16:28:15,0,1.0,0.0,1.176690174833311,194617344.0,37683200.0,70.78,0.59,0.39,21.0,0.015533684035452362
2025-10-03 16:28:20,0,1.0,0.0,1.176005490000231,194617344.0,37683200.0,70.78,0.59,0.39,21.0,0.015670662954184598
2025-10-03 16:28:25,0,1.0,0.0,1.1766530519171283,194617344.0,37683200.0,70.86,0.51,0.39,21.0,0.016476056791771176
2025-10-03 16:28:30,0,1.0,0.0,1.1773006138340256,194617344.0,37683200.0,70.86,0.51,0.39,21.0,0.017281450629357757
2025-10-03 16:28:35,0,1.0,0.0,1.1768794705002013,194617344.0,37683200.0,70.93,0.57,0.39,21.0,0.016545090549278597
2025-10-03 16:28:41,0,1.0,0.0,1.1764583271663769,194617344.0,37683200.0,70.93,0.57,0.39,21.0,0.01580873046919944
2025-10-03 16:28:46,0,1.0,0.0,1.1762353821663964,194617344.0,37683200.0,71.0,0.26,0.39,21.0,0.01532549416664749
2025-10-03 16:28:51,0,1.0,0.0,1.1760124371664156,194617344.0,37683200.0,71.0,0.26,0.39,21.0,0.014842257864095541
2025-10-03 16:28:56,0,1.0,0.0,1.1763095605830738,194617344.0,37683200.0,71.07000000000001,0.57,0.39,21.0,0.015118392894125227
2025-10-03 16:29:01,0,1.0,0.0,1.1766066839997318,194617344.0,37683200.0,71.07000000000001,0.57,0.39,21.0,0.01539452792415491
2025-10-03 16:29:06,0,1.0,0.0,1.1767476188332087,194617344.0,37683200.0,71.13,0.54,0.39,21.0,0.015532400482811855
2025-10-03 16:29:11,0,1.0,0.0,1.176888553666686,194617344.0,37683200.0,71.13,0.54,0.39,21.0,0.015670269580515397
2025-10-03 16:29:16,0,1.0,0.0,1.1763124136665888,194617344.0,37683200.0,71.22,0.52,0.39,21.0,0.015325301809707698
2025-10-03 16:29:21,0,1.0,0.0,1.175736273666492,194617344.0,37683200.0,71.22,0.52,0.39,21.0,0.014980325379110385
2025-10-03 16:29:26,0,1.0,0.0,1.1765783576667368,194617344.0,37683200.0,71.29,0.54,0.39,21.0,0.015188475169144382
2025-10-03 16:29:31,0,1.0,0.0,1.1774204416669818,194617344.0,37683200.0,71.29,0.54,0.39,21.0,0.015396653701871075
2025-10-03 16:29:36,0,1.0,0.0,1.2839142816362503,194617344.0,37683200.0,71.36,0.02,0.39,21.0,0.015374629596945742
2025-10-03 16:29:41,0,1.0,0.0,1.4117068895993725,194617344.0,37683200.0,71.36,0.02,0.39,21.0,0.015347163696991361
2025-10-03 16:29:46,0,1.0,0.0,1.283959459818024,194617344.0,37683200.0,71.43,0.02,0.39,21.0,0.015450080692914118
2025-10-03 16:29:51,0,1.0,0.0,1.1775032683335667,194617344.0,37683200.0,71.43,0.02,0.39,21.0,0.015532595439169754
2025-10-03 16:29:57,0,1.0,0.0,1.17666252258338,194617344.0,37683200.0,71.5,0.02,0.39,21.0,0.015463561681662333
2025-10-03 16:30:02,0,1.0,0.0,1.1758217768331936,194617344.0,37683200.0,71.5,0.02,0.39,21.0,0.015394527924154912
2025-10-03 16:30:07,0,1.0,0.0,1.1765296528333238,194617344.0,37683200.0,71.58,0.02,0.39,21.0,0.015326568248312999
2025-10-03 16:30:12,0,1.0,0.0,1.177237528833454,194617344.0,37683200.0,71.58,0.02,0.39,21.0,0.015258599045945268
2025-10-03 16:30:17,0,1.0,0.0,1.1768301249164022,194617344.0,37683200.0,71.65,0.02,0.39,21.0,0.015395606844026122
2025-10-03 16:30:22,0,1.0,0.0,1.17642272099935,194617344.0,37683200.0,71.65,0.02,0.39,21.0,0.015532595439169754
2025-10-03 16:30:27,0,1.0,0.0,1.1759410745001635,194617344.0,37683200.0,71.71000000000001,0.02,0.39,21.0,0.017419554584897055
2025-10-03 16:30:32,0,1.0,0.0,1.1759410745001635,194617344.0,37683200.0,71.71000000000001,0.02,0.39,21.0,0.017419554584897058
2025-10-03 16:30:37,0,1.0,0.0,1.174781035667062,194617344.0,37683200.0,71.78,0.02,0.39,21.0,0.01429160224531511
2025-10-03 16:30:42,0,1.0,0.0,1.1747810356670623,194617344.0,37683200.0,71.78,0.02,0.39,21.0,0.014291602245315112
2025-10-03 16:30:47,0,1.0,0.0,1.1774466199998035,194617344.0,37683200.0,71.85000000000001,0.02,0.39,21.0,0.01580869739847875
2025-10-03 16:30:52,0,1.0,0.0,1.1774466199998037,194617344.0,37683200.0,71.85000000000001,0.02,0.39,21.0,0.01580869739847875
2025-10-03 16:30:57,0,1.0,0.0,1.1757125231667183,194617344.0,37683200.0,71.92,0.02,0.39,21.0,0.015670335141422107
2025-10-03 16:31:02,0,1.0,0.0,1.1757125231667185,194617344.0,37683200.0,71.92,0.02,0.39,21.0,0.015670335141422107
2025-10-03 16:31:07,0,1.0,0.0,1.1767086486667417,194617344.0,37683200.0,71.99000000000001,0.02,0.39,21.0,0.015396653701871073
2025-10-03 16:31:13,0,1.0,0.0,1.176708648666742,194617344.0,37683200.0,71.99000000000001,0.02,0.39,21.0,0.015396653701871073
2025-10-03 16:31:18,0,1.0,0.0,1.176157766999798,194617344.0,37683200.0,72.05999999999999,0.02,0.39,21.0,0.015808333629682935
2025-10-03 16:31:23,0,1.0,0.0,1.1761577669997982,194617344.0,37683200.0,72.05999999999999,0.02,0.39,21.0,0.015808333629682935
2025-10-03 16:31:28,0,1.0,0.0,1.1797658050002913,194617344.0,37683200.0,72.13000000000001,0.02,0.39,21.0,0.014155503383510563
2025-10-03 16:31:33,0,1.0,0.0,1.1797658050002915,194617344.0,37683200.0,72.13000000000001,0.02,0.39,21.0,0.014155503383510563
2025-10-03 16:31:38,0,1.0,0.0,1.176701812666882,194617344.0,37683200.0,72.19999999999999,0.02,0.39,21.0,0.015808333629682935
2025-10-03 16:31:43,0,1.0,0.0,1.1767018126668822,194617344.0,37683200.0,72.19999999999999,0.02,0.39,21.0,0.01580833362968293
2025-10-03 16:31:48,0,1.0,0.0,1.1759791631663272,194617344.0,37683200.0,72.27,0.01,0.39,21.0,0.015532205531347858
2025-10-03 16:31:53,0,1.0,0.0,1.1759791631663272,194617344.0,37683200.0,72.27,0.01,0.39,21.0,0.01553220553134786
2025-10-03 16:31:58,0,1.0,0.0,1.175428985500427,194617344.0,37683200.0,72.33,0.02,0.39,21.0,0.015808730469199436
2025-10-03 16:32:03,0,1.0,0.0,1.175428985500427,194617344.0,37683200.0,72.33,0.02,0.39,21.0,0.01580873046919944
2025-10-03 16:32:08,0,1.0,0.0,1.1759738990000794,194617344.0,37683200.0,72.41000000000001,0.02,0.39,21.0,0.015808730469199436
2025-10-03 16:32:13,0,1.0,0.0,1.1759738990000794,194617344.0,37683200.0,72.41000000000001,0.02,0.39,21.0,0.01580873046919944
2025-10-03 16:32:18,0,1.0,0.0,1.1763705704997847,194617344.0,37683200.0,72.48,0.47,0.39,21.0,0.015532205531347862
2025-10-03 16:32:23,0,1.0,0.0,1.1763705704997847,194617344.0,37683200.0,72.48,0.47,0.39,21.0,0.01553220553134786
2025-10-03 16:32:28,0,1.0,0.0,1.1765705655000904,194617344.0,37683200.0,72.57000000000001,0.56,0.39,21.0,0.017557585659387438
2025-10-03 16:32:34,0,1.0,0.0,1.1765705655000904,194617344.0,37683200.0,72.57000000000001,0.56,0.39,21.0,0.01755758565938744
2025-10-03 16:32:39,0,1.0,0.0,1.1762101209997127,194617344.0,37683200.0,72.64,0.6,0.39,21.0,0.015808333629682935
2025-10-03 16:32:44,0,1.0,0.0,1.176210120999713,194617344.0,37683200.0,72.64,0.6,0.39,21.0,0.015808333629682935
2025-10-03 16:32:49,0,1.0,0.0,1.1771627794993642,194617344.0,37683200.0,72.71000000000001,0.53,0.39,21.0,0.015532660425709952
2025-10-03 16:32:54,0,1.0,0.0,1.1771627794993642,194617344.0,37683200.0,72.71000000000001,0.53,0.39,21.0,0.015532660425709952
2025-10-03 16:32:59,0,1.0,0.0,1.1759324148330659,194617344.0,37683200.0,72.78,0.47,0.39,21.0,0.01553220553134786
2025-10-03 16:33:04,0,1.0,0.0,1.176967391999824,194617344.0,37683200.0,72.86,0.53,0.39,21.0,0.015601433373846577
2025-10-03 16:33:09,0,1.0,0.0,1.1780023691665824,194617344.0,37683200.0,72.86,0.53,0.39,21.0,0.015670662954184598
2025-10-03 16:33:14,0,1.0,0.0,1.1769558604998263,194617344.0,37683200.0,72.91999999999999,0.28,0.39,21.0,0.015670646563220734
2025-10-03 16:33:19,0,1.0,0.0,1.17590935183307,194617344.0,37683200.0,72.91999999999999,0.28,0.39,21.0,0.015670630172291162
2025-10-03 16:33:24,0,1.0,0.0,1.1757653968332609,194617344.0,37683200.0,73.0,0.49,0.39,21.0,0.015463367591777136
2025-10-03 16:33:29,0,1.0,0.0,1.1756214418334519,194617344.0,37683200.0,73.0,0.49,0.39,21.0,0.015256109346955682
2025-10-03 16:33:34,0,1.0,0.0,1.1762621715835546,194617344.0,37683200.0,73.05,0.24,0.39,21.0,0.014704036549854402
2025-10-03 16:33:39,0,1.0,0.0,1.1769029013336574,194617344.0,37683200.0,73.05,0.24,0.39,21.0,0.014151949893938823
2025-10-03 16:33:45,0,1.0,0.0,1.1764759371667424,194617344.0,37683200.0,73.13000000000001,0.3,0.39,21.0,0.01491233667403427
2025-10-03 16:33:50,0,1.0,0.0,1.1760489729998274,194617344.0,37683200.0,73.13000000000001,0.3,0.39,21.0,0.01567282686244275
2025-10-03 16:33:55,0,1.0,0.0,1.176167946833175,194617344.0,37683200.0,73.19,0.51,0.39,21.0,0.01539646042509211
2025-10-03 16:34:00,0,1.0,0.0,1.1762869206665225,194617344.0,37683200.0,73.19,0.51,0.39,21.0,0.015120100926202943
2025-10-03 16:34:05,0,1.0,0.0,1.1756605638332378,194617344.0,37683200.0,73.25,0.27,0.39,21.0,0.015464435146443516
2025-10-03 16:34:10,0,1.0,0.0,1.1750342069999533,194617344.0,37683200.0,73.25,0.27,0.39,21.0,0.01580873046919944
2025-10-03 16:34:15,0,1.0,0.0,1.1756936771663882,194617344.0,37683200.0,73.31,0.25,0.39,21.0,0.01580873046919944
2025-10-03 16:34:20,0,1.0,0.0,1.1763531473328233,194617344.0,37683200.0,73.31,0.25,0.39,21.0,0.01580873046919944
2025-10-03 16:34:25,0,1.0,0.0,1.1761937116663526,194617344.0,37683200.0,73.38000000000001,0.71,0.39,21.0,0.016476074025184795
2025-10-03 16:34:30,0,1.0,0.0,1.176034275999882,194617344.0,37683200.0,73.38000000000001,0.71,0.39,21.0,0.01714341897721045
2025-10-03 16:34:35,0,1.0,0.0,1.176594227499815,194617344.0,37683200.0,73.45,0.55,0.39,21.0,0.0164758672266007
2025-10-03 16:34:40,0,1.0,0.0,1.1771541789997475,194617344.0,37683200.0,73.45,0.55,0.39,21.0,0.015808333629682935
2025-10-03 16:34:45,0,1.0,0.0,1.1765127992500009,194617344.0,37683200.0,73.52,0.56,0.39,21.0,0.01580314574976596
2025-10-03 16:34:50,0,1.0,0.0,1.175871419500254,194617344.0,37683200.0,73.52,0.56,0.39,21.0,0.015798081851093326
2025-10-03 16:34:55,0,1.0,0.0,1.2836350559093923,194617344.0,37683200.0,73.57000000000001,0.02,0.39,21.0,0.01597812615262667
2025-10-03 16:35:01,0,1.0,0.0,1.412951419600358,194617344.0,37683200.0,73.57000000000001,0.02,0.39,21.0,0.01620819124204528
2025-10-03 16:35:06,0,1.0,0.0,1.2831420759092989,194617344.0,37683200.0,73.64999999999999,0.02,0.39,21.0,0.015756378134498702
2025-10-03 16:35:11,0,1.0,0.0,1.1749676228334163,194617344.0,37683200.0,73.64999999999999,0.02,0.39,21.0,0.015394141482180324
2025-10-03 16:35:16,0,1.0,0.0,1.175572088333259,194617344.0,37683200.0,73.7,0.02,0.39,21.0,0.015187061293180358
2025-10-03 16:35:21,0,1.0,0.0,1.1761765538331017,194617344.0,37683200.0,73.7,0.02,0.39,21.0,0.014979980670992682
2025-10-03 16:35:26,0,1.0,0.0,1.1752622730000437,194617344.0,37683200.0,73.77000000000001,0.02,0.39,21.0,0.015256284876028306
2025-10-03 16:35:31,0,1.0,0.0,1.174347992166986,194617344.0,37683200.0,73.77000000000001,0.02,0.39,21.0,0.015532595439169752
2025-10-03 16:35:36,0,1.0,0.0,1.1749241197505096,194617344.0,37683200.0,73.85,0.02,0.39,21.0,0.015602510460251047
2025-10-03 16:35:41,0,1.0,0.0,1.1755002473340332,194617344.0,37683200.0,73.85,0.02,0.39,21.0,0.015672433380128165
2025-10-03 16:35:46,0,1.0,0.0,1.1758635017502759,194617344.0,37683200.0,73.92,0.02,0.39,21.0,0.015602510460251047
2025-10-03 16:35:51,0,1.0,0.0,1.176226756166519,194617344.0,37683200.0,73.92,0.02,0.39,21.0,0.015532595439169756
2025-10-03 16:35:56,0,1.0,0.0,1.1761988509997536,194617344.0,37683200.0,73.99000000000001,0.02,0.39,21.0,0.015463561681662333
2025-10-03 16:36:01,0,1.0,0.0,1.1761709458329885,194617344.0,37683200.0,73.99000000000001,0.02,0.39,21.0,0.015394527924154912
2025-10-03 16:36:06,0,1.0,0.0,1.1763794394166023,194617344.0,37683200.0,74.07,0.02,0.39,21.0,0.015601433373846577
2025-10-03 16:36:12,0,1.0,0.0,1.1765879330002158,194617344.0,37683200.0,74.07,0.02,0.39,21.0,0.01580833362968293
2025-10-03 16:36:17,0,1.0,0.0,1.1766557360835272,194617344.0,37683200.0,74.14,0.02,0.39,21.0,0.015808532046950735
2025-10-03 16:36:22,0,1.0,0.0,1.176723539166839,194617344.0,37683200.0,74.14,0.02,0.39,21.0,0.01580873046919944
2025-10-03 16:36:27,0,1.0,0.0,1.1773793086666349,194617344.0,37683200.0,74.22,0.02,0.39,21.0,0.01668315806429344
2025-10-03 16:36:32,0,1.0,0.0,1.178035078166431,194617344.0,37683200.0,74.22,0.02,0.39,21.0,0.01755758565938744
2025-10-03 16:36:37,0,1.0,0.0,1.177187961166813,194617344.0,37683200.0,74.27,0.02,0.39,21.0,0.01580873046919944
2025-10-03 16:36:42,0,1.0,0.0,1.1763408441671952,194617344.0,37683200.0,74.27,0.02,0.39,21.0,0.015808730469199436
2025-10-03 16:36:47,0,1.0,0.0,1.1738799118335614,194617344.0,37683200.0,74.35000000000001,0.02,0.39,21.0,0.01580873046919944
2025-10-03 16:36:52,0,1.0,0.0,1.1738799118335617,194617344.0,37683200.0,74.35000000000001,0.02,0.39,21.0,0.01580873046919944
2025-10-03 16:36:57,0,1.0,0.0,1.1759731598328167,194617344.0,37683200.0,74.41000000000001,0.02,0.39,21.0,0.015808399768218778
2025-10-03 16:37:02,0,1.0,0.0,1.175973159832817,194617344.0,37683200.0,74.41000000000001,0.02,0.39,21.0,0.015808399768218778
2025-10-03 16:37:07,0,1.0,0.0,1.1764291861663876,194617344.0,37683200.0,74.49,0.02,0.39,21.0,0.014427693138007569
2025-10-03 16:37:12,0,1.0,0.0,1.1764291861663878,194617344.0,37683200.0,74.49,0.02,0.39,21.0,0.014427693138007569
2025-10-03 16:37:17,0,1.0,0.0,1.1774221130002236,194617344.0,37683200.0,74.56,0.02,0.39,21.0,0.015670662954184594
2025-10-03 16:37:22,0,1.0,0.0,1.1774221130002238,194617344.0,37683200.0,74.56,0.02,0.39,21.0,0.015670662954184598
2025-10-03 16:37:28,0,1.0,0.0,1.1752728246665354,194617344.0,37683200.0,74.62,0.02,0.39,21.0,0.015396653701871073
2025-10-03 16:37:33,0,1.0,0.0,1.1752728246665356,194617344.0,37683200.0,74.62,0.02,0.39,21.0,0.015396653701871073
2025-10-03 16:37:38,0,1.0,0.0,1.1760657026664678,194617344.0,37683200.0,74.7,0.45,0.39,21.0,0.014980325379110385
2025-10-03 16:37:43,0,1.0,0.0,1.1760657026664678,194617344.0,37683200.0,74.7,0.45,0.39,21.0,0.014980325379110385
2025-10-03 16:37:48,0,1.0,0.0,1.1757956076662592,194617344.0,37683200.0,74.77000000000001,0.51,0.39,21.0,0.01553262793237188
2025-10-03 16:37:53,0,1.0,0.0,1.1757956076662595,194617344.0,37683200.0,74.77000000000001,0.51,0.39,21.0,0.01553262793237188
2025-10-03 16:37:58,0,1.0,0.0,1.176169919333309,194617344.0,37683200.0,74.84,0.48,0.39,21.0,0.015808333629682935
2025-10-03 16:38:03,0,1.0,0.0,1.1761699193333093,194617344.0,37683200.0,74.84,0.48,0.39,21.0,0.015808333629682935
2025-10-03 16:38:08,0,1.0,0.0,1.1759630695002365,194617344.0,37683200.0,74.91000000000001,0.57,0.39,21.0,0.014428055319051017
2025-10-03 16:38:13,0,1.0,0.0,1.1759630695002368,194617344.0,37683200.0,74.91000000000001,0.57,0.39,21.0,0.014428055319051015
2025-10-03 16:38:18,0,1.0,0.0,1.176843240499996,194617344.0,37683200.0,74.97999999999999,0.56,0.39,21.0,0.015394141482180324
2025-10-03 16:38:23,0,1.0,0.0,1.1768432404999962,194617344.0,37683200.0,74.97999999999999,0.56,0.39,21.0,0.015394141482180325
2025-10-03 16:38:28,0,1.0,0.0,1.175946468333071,194617344.0,37683200.0,75.03999999999999,0.57,0.39,21.0,0.016452598108944855
2025-10-03 16:38:33,0,1.0,0.0,1.1759464683330711,194617344.0,37683200.0,75.03999999999999,0.57,0.39,21.0,0.01645259810894486
2025-10-03 16:38:38,0,1.0,0.0,1.1759702414998778,194617344.0,37683200.0,75.11,0.52,0.39,21.0,0.015300038909040702
2025-10-03 16:38:44,0,1.0,0.0,1.175970241499878,194617344.0,37683200.0,75.11,0.52,0.39,21.0,0.015300038909040704
2025-10-03 16:38:49,0,1.0,0.0,1.1749258286666493,194617344.0,37683200.0,75.18,0.53,0.39,21.0,0.015532627932371878
2025-10-03 16:38:54,0,1.0,0.0,1.1749258286666493,194617344.0,37683200.0,75.18,0.53,0.39,21.0,0.01553262793237188
2025-10-03 16:38:59,0,1.0,0.0,1.1756057310003598,194617344.0,37683200.0,75.25,0.52,0.39,21.0,0.014980325379110386
2025-10-03 16:39:04,0,1.0,0.0,1.1756057310003598,194617344.0,37683200.0,75.25,0.52,0.39,21.0,0.014980325379110386
2025-10-03 16:39:09,0,1.0,0.0,1.1777351115000176,194617344.0,37683200.0,75.31,0.52,0.39,21.0,0.01580876354005849
2025-10-03 16:39:14,0,1.0,0.0,1.1764243218334134,194617344.0,37683200.0,75.37,0.53,0.39,21.0,0.015670679345182747
2025-10-03 16:39:19,0,1.0,0.0,1.1751135321668091,194617344.0,37683200.0,75.37,0.53,0.39,21.0,0.015532595439169754
2025-10-03 16:39:24,0,1.0,0.0,1.1758652528333187,194617344.0,37683200.0,75.44999999999999,0.6,0.39,21.0,0.015532595439169752
2025-10-03 16:39:29,0,1.0,0.0,1.1766169734998282,194617344.0,37683200.0,75.44999999999999,0.6,0.39,21.0,0.015532595439169756
2025-10-03 16:39:34,0,1.0,0.0,1.1763270189167088,194617344.0,37683200.0,75.52,0.23,0.39,21.0,0.015188300406171971
2025-10-03 16:39:39,0,1.0,0.0,1.1760370643335893,194617344.0,37683200.0,75.52,0.23,0.39,21.0,0.014843965755316213
2025-10-03 16:39:44,0,1.0,0.0,1.1761712697498297,194617344.0,37683200.0,75.58,0.67,0.39,21.0,0.015188300406171971
2025-10-03 16:39:49,0,1.0,0.0,1.1763054751660698,194617344.0,37683200.0,75.58,0.67,0.39,21.0,0.015532595439169754
2025-10-03 16:39:54,0,1.0,0.0,1.1764795570831361,194617344.0,37683200.0,75.66,0.56,0.39,21.0,0.015670662954184594
2025-10-03 16:40:00,0,1.0,0.0,1.1766536390002027,194617344.0,37683200.0,75.66,0.56,0.39,21.0,0.01580873046919944
2025-10-03 16:40:05,0,1.0,0.0,1.1759855660834546,194617344.0,37683200.0,75.74,0.25,0.39,21.0,0.015463561681662333
2025-10-03 16:40:10,0,1.0,0.0,1.1753174931667065,194617344.0,37683200.0,75.74,0.25,0.39,21.0,0.015118392894125225
2025-10-03 16:40:15,0,1.0,0.0,1.2833591322727111,194617344.0,37683200.0,75.8,0.02,0.39,21.0,0.015603339177280592
2025-10-03 16:40:20,0,1.0,0.0,1.413009099199917,194617344.0,37683200.0,75.8,0.02,0.39,21.0,0.01620819124204528
2025-10-03 16:40:25,0,1.0,0.0,1.2835273727272247,194617344.0,37683200.0,75.88000000000001,0.02,0.39,21.0,0.016957142143926136
2025-10-03 16:40:30,0,1.0,0.0,1.1756259339999815,194617344.0,37683200.0,75.88000000000001,0.02,0.39,21.0,0.01755762238874036
2025-10-03 16:40:35,0,1.0,0.0,1.1762663770000472,194617344.0,37683200.0,75.94999999999999,0.02,0.39,21.0,0.016682966116320544
2025-10-03 16:40:40,0,1.0,0.0,1.176906820000113,194617344.0,37683200.0,75.94999999999999,0.02,0.39,21.0,0.015808333629682935
2025-10-03 16:40:45,0,1.0,0.0,1.1765487047502272,194617344.0,37683200.0,76.02,0.02,0.39,21.0,0.015325109457596556
2025-10-03 16:40:50,0,1.0,0.0,1.1761905895003413,194617344.0,37683200.0,76.02,0.02,0.39,21.0,0.014841885285510179
2025-10-03 16:40:55,0,1.0,0.0,1.1767185152501345,194617344.0,37683200.0,76.09,0.02,0.39,21.0,0.015187236027638258
2025-10-03 16:41:00,0,1.0,0.0,1.1772464409999277,194617344.0,37683200.0,76.09,0.02,0.39,21.0,0.015532595439169752
2025-10-03 16:41:05,0,1.0,0.0,1.1767543764161321,194617344.0,37683200.0,76.16000000000001,0.02,0.39,21.0,0.015670679345182747
2025-10-03 16:41:11,0,1.0,0.0,1.1762623118323365,194617344.0,37683200.0,76.16000000000001,0.02,0.39,21.0,0.015808763540058487
2025-10-03 16:41:16,0,1.0,0.0,1.176139083916193,194617344.0,37683200.0,76.22,0.02,0.39,21.0,0.015601466010643638
2025-10-03 16:41:21,0,1.0,0.0,1.176015856000049,194617344.0,37683200.0,76.22,0.02,0.39,21.0,0.015394173684937182
2025-10-03 16:41:26,0,1.0,0.0,1.1765871177499319,194617344.0,37683200.0,76.3,0.02,0.39,21.0,0.01560144969222804
2025-10-03 16:41:31,0,1.0,0.0,1.177158379499815,194617344.0,37683200.0,76.3,0.02,0.39,21.0,0.015808730469199436
2025-10-03 16:41:36,0,1.0,0.0,1.1773727953333641,194617344.0,37683200.0,76.35000000000001,0.02,0.39,21.0,0.015326568248312999
2025-10-03 16:41:41,0,1.0,0.0,1.1775872111669137,194617344.0,37683200.0,76.35000000000001,0.02,0.39,21.0,0.014844338438363042
2025-10-03 16:41:46,0,1.0,0.0,1.1759543110835389,194617344.0,37683200.0,76.42,0.01,0.39,21.0,0.015120306548680714
2025-10-03 16:41:51,0,1.0,0.0,1.1743214110001645,194617344.0,37683200.0,76.42,0.01,0.39,21.0,0.015396267153165555
2025-10-03 16:41:56,0,1.0,0.0,1.1757739942501453,194617344.0,37683200.0,76.49,0.02,0.39,21.0,0.015395445801608164
2025-10-03 16:42:01,0,1.0,0.0,1.1772265775001263,194617344.0,37683200.0,76.49,0.02,0.39,21.0,0.015394624537680115
2025-10-03 16:42:06,0,1.0,0.0,1.1765525832502135,194617344.0,37683200.0,76.56,0.02,0.39,21.0,0.015463610204894927
2025-10-03 16:42:11,0,1.0,0.0,1.1758785890003007,194617344.0,37683200.0,76.56,0.02,0.39,21.0,0.015532595439169754
2025-10-03 16:42:16,0,1.0,0.0,1.1762680485834,194617344.0,37683200.0,76.63999999999999,0.02,0.39,21.0,0.015532595439169752
2025-10-03 16:42:21,0,1.0,0.0,1.1766575081664996,194617344.0,37683200.0,76.63999999999999,0.02,0.39,21.0,0.015532595439169754
2025-10-03 16:42:27,0,1.0,0.0,1.1766449885831205,194617344.0,37683200.0,76.69999999999999,0.02,0.39,21.0,0.01654488288465441
2025-10-03 16:42:32,0,1.0,0.0,1.1766324689997418,194617344.0,37683200.0,76.69999999999999,0.02,0.39,21.0,0.017557144919138398
2025-10-03 16:42:37,0,1.0,0.0,1.176618148916532,194617344.0,37683200.0,76.79,0.02,0.39,21.0,0.016682756723569333
2025-10-03 16:42:42,0,1.0,0.0,1.176603828833322,194617344.0,37683200.0,76.79,0.02,0.39,21.0,0.01580836669888168
2025-10-03 16:42:47,0,1.0,0.0,1.1766563921666298,194617344.0,37683200.0,76.86000000000001,0.02,0.39,21.0,0.015808565116979617
2025-10-03 16:42:52,0,1.0,0.0,1.1767089554999377,194617344.0,37683200.0,76.86000000000001,0.02,0.39,21.0,0.01580876354005849
2025-10-03 16:42:57,0,1.0,0.0,1.1775456102500355,194617344.0,37683200.0,76.91999999999999,0.03,0.39,21.0,0.014703851995029684
2025-10-03 16:43:15,1,1.0,0.0,1.1777299359999536,194617344.0,37683200.0,77.05,84.79,0.56,21.0,0.01709733398744975
2025-10-03 16:43:20,1,1.0,0.0,1.1776518114999515,194617344.0,37683200.0,77.05,84.79,0.56,21.0,0.018798180011505676
2025-10-03 16:43:25,1,1.0,0.0,1.1755485083329706,194617344.0,37683200.0,77.08,91.84,0.56,21.0,0.017966439218672213
2025-10-03 16:43:30,1,1.0,0.0,1.17344520516599,194617344.0,37683200.0,77.08,91.84,0.56,21.0,0.017134813246850497
2025-10-03 16:43:35,1,1.0,0.0,1.1754993209163636,194617344.0,37683200.0,77.11999999999999,94.03,0.56,21.0,0.016194564859310697
2025-10-03 16:43:40,1,1.0,0.0,1.1775534366667368,194617344.0,37683200.0,77.11999999999999,94.03,0.56,21.0,0.015254322371751164
2025-10-03 16:43:46,1,1.0,0.0,1.1766131627497696,194617344.0,37683200.0,77.14999999999999,74.54,0.56,21.0,0.015324211878251373
2025-10-03 16:43:51,1,1.0,0.0,1.1756728888328023,194617344.0,37683200.0,77.14999999999999,74.54,0.56,21.0,0.015394109279558196
2025-10-03 16:43:56,1,1.0,0.0,1.1763479626662652,194617344.0,37683200.0,77.2,94.28,0.56,21.0,0.01560120492009037
2025-10-03 16:44:01,1,1.0,0.0,1.1770230364997285,194617344.0,37683200.0,77.2,94.28,0.56,21.0,0.01580830056062254
2025-10-03 16:44:06,1,1.0,0.0,1.1785212111667533,194617344.0,37683200.0,77.23,95.05,0.56,21.0,0.015464418970273043
2025-10-03 16:44:11,1,1.0,0.0,1.1800193858337782,194617344.0,37683200.0,77.23,95.05,0.56,21.0,0.015120480541299396
2025-10-03 16:44:16,0,1.0,0.0,1.2844128358185778,194617344.0,37683200.0,77.28,41.02,0.39,21.0,0.01601200987819448
2025-10-03 16:44:21,0,1.0,0.0,1.4096849758003374,194617344.0,37683200.0,77.28,41.02,0.39,21.0,0.017123627161975324
2025-10-03 16:44:26,0,1.0,0.0,1.2817094292726823,194617344.0,37683200.0,77.35000000000001,0.02,0.39,21.0,0.017297105268657166
2025-10-03 16:44:31,0,1.0,0.0,1.175063140499636,194617344.0,37683200.0,77.35000000000001,0.02,0.39,21.0,0.017436217125356673
2025-10-03 16:44:36,0,1.0,0.0,1.1746898428332315,194617344.0,37683200.0,77.42,0.02,0.39,21.0,0.0166222660127376
2025-10-03 16:44:42,0,1.0,0.0,1.174316545166827,194617344.0,37683200.0,77.42,0.02,0.39,21.0,0.01580833362968293
2025-10-03 16:44:47,0,1.0,0.0,1.1754545748337173,194617344.0,37683200.0,77.5,0.02,0.39,21.0,0.015670466264881295
2025-10-03 16:44:52,0,1.0,0.0,1.1765926045006079,194617344.0,37683200.0,77.5,0.02,0.39,21.0,0.015532595439169754
2025-10-03 16:44:57,0,1.0,0.0,1.176566760583834,194617344.0,37683200.0,77.57,0.03,0.39,21.0,0.015532627932371878
2025-10-03 16:45:02,0,1.0,0.0,1.1765409166670604,194617344.0,37683200.0,77.57,0.03,0.39,21.0,0.015532660425709952
2025-10-03 16:45:07,0,1.0,0.0,1.1755455311669416,194617344.0,37683200.0,77.64,0.01,0.39,21.0,0.01568851426694533
2025-10-03 16:45:12,0,1.0,0.0,1.1745501456668233,194617344.0,37683200.0,77.64,0.01,0.39,21.0,0.01584438897734334
2025-10-03 16:45:17,0,1.0,0.0,1.1760724993334102,194617344.0,37683200.0,77.69,0.02,0.39,21.0,0.015394495719915989
2025-10-03 16:45:22,0,1.0,0.0,1.1760724993334104,194617344.0,37683200.0,77.69,0.02,0.39,21.0,0.015394495719915989
2025-10-03 16:45:27,0,1.0,0.0,1.173950362833845,194617344.0,37683200.0,77.77,0.02,0.39,21.0,0.015394527924154912
2025-10-03 16:45:32,0,1.0,0.0,1.173950362833845,194617344.0,37683200.0,77.77,0.02,0.39,21.0,0.015394527924154912
2025-10-03 16:45:37,0,1.0,0.0,1.1748907860004085,194617344.0,37683200.0,77.84,0.02,0.39,21.0,0.014980325379110385
2025-10-03 16:45:42,0,1.0,0.0,1.1748907860004085,194617344.0,37683200.0,77.84,0.02,0.39,21.0,0.014980325379110385
2025-10-03 16:45:47,0,1.0,0.0,1.1747406966669587,194617344.0,37683200.0,77.91,0.02,0.39,21.0,0.01580869739847875
2025-10-03 16:45:52,0,1.0,0.0,1.1747406966669587,194617344.0,37683200.0,77.91,0.02,0.39,21.0,0.01580869739847875
2025-10-03 16:45:57,0,1.0,0.0,1.1744703338338998,194617344.0,37683200.0,77.97,0.02,0.39,21.0,0.015394527924154912
2025-10-03 16:46:03,0,1.0,0.0,1.1744703338338998,194617344.0,37683200.0,77.97,0.02,0.39,21.0,0.015394527924154912
2025-10-03 16:46:08,0,1.0,0.0,1.1768740454999713,194617344.0,37683200.0,78.06,0.03,0.39,21.0,0.015532595439169752
2025-10-03 16:46:13,0,1.0,0.0,1.1768740454999715,194617344.0,37683200.0,78.06,0.03,0.39,21.0,0.015532595439169754
2025-10-03 16:46:18,0,1.0,0.0,1.1776976813325744,194617344.0,37683200.0,78.14,0.02,0.39,21.0,0.015716685459189545
2025-10-03 16:46:23,0,1.0,0.0,1.1776976813325746,194617344.0,37683200.0,78.14,0.02,0.39,21.0,0.015716685459189545
2025-10-03 16:46:28,0,1.0,0.0,1.1754932668333518,194617344.0,37683200.0,78.22,0.02,0.39,21.0,0.016683192964399424
2025-10-03 16:46:33,0,1.0,0.0,1.175493266833352,194617344.0,37683200.0,78.22,0.02,0.39,21.0,0.016683192964399428
2025-10-03 16:46:38,0,1.0,0.0,1.176644557832939,194617344.0,37683200.0,78.30000000000001,0.69,0.39,21.0,0.015394527924154914
2025-10-03 16:46:43,0,1.0,0.0,1.1766445578329392,194617344.0,37683200.0,78.30000000000001,0.69,0.39,21.0,0.015394527924154912
2025-10-03 16:46:48,0,1.0,0.0,1.1747067984997557,194617344.0,37683200.0,78.36,0.52,0.39,21.0,0.015118045008974181
2025-10-03 16:46:53,0,1.0,0.0,1.1747067984997557,194617344.0,37683200.0,78.36,0.52,0.39,21.0,0.015118045008974181
2025-10-03 16:46:58,0,1.0,0.0,1.1748279009998441,194617344.0,37683200.0,78.41000000000001,0.32,0.39,21.0,0.015532595439169756
2025-10-03 16:47:03,0,1.0,0.0,1.1748279009998444,194617344.0,37683200.0,78.41000000000001,0.32,0.39,21.0,0.015532595439169754
2025-10-03 16:47:08,0,1.0,0.0,1.172821532333425,194617344.0,37683200.0,78.47,0.54,0.39,21.0,0.01553220553134786
2025-10-03 16:47:14,0,1.0,0.0,1.1728215323334248,194617344.0,37683200.0,78.47,0.54,0.39,21.0,0.01553220553134786
2025-10-03 16:47:19,0,1.0,0.0,1.175207261499357,194617344.0,37683200.0,78.52,0.53,0.39,21.0,0.014428055319051017
2025-10-03 16:47:24,0,1.0,0.0,1.1752072614993572,194617344.0,37683200.0,78.52,0.53,0.39,21.0,0.014428055319051017
2025-10-03 16:47:29,0,1.0,0.0,1.1727928073332805,194617344.0,37683200.0,78.6,0.48,0.39,21.0,0.015396685915139345
2025-10-03 16:47:34,0,1.0,0.0,1.1727928073332805,194617344.0,37683200.0,78.6,0.48,0.39,21.0,0.015396685915139343
2025-10-03 16:47:39,0,1.0,0.0,1.1758632906664086,194617344.0,37683200.0,78.67,0.53,0.39,21.0,0.015256524240363998
2025-10-03 16:47:44,0,1.0,0.0,1.1753900719998758,194617344.0,37683200.0,78.73,0.53,0.39,21.0,0.01553264417902392
2025-10-03 16:47:49,0,1.0,0.0,1.1749168533333432,194617344.0,37683200.0,78.73,0.53,0.39,21.0,0.01580876354005849
2025-10-03 16:47:54,0,1.0,0.0,1.1747861707500913,194617344.0,37683200.0,78.8,0.51,0.39,21.0,0.015601645515468285
2025-10-03 16:47:59,0,1.0,0.0,1.1746554881668394,194617344.0,37683200.0,78.8,0.51,0.39,21.0,0.015394527924154912
2025-10-03 16:48:04,0,1.0,0.0,1.1751352383333444,194617344.0,37683200.0,78.87,0.64,0.39,21.0,0.015532611685753824
2025-10-03 16:48:09,0,1.0,0.0,1.17561498849985,194617344.0,37683200.0,78.87,0.64,0.39,21.0,0.015670695736215184
2025-10-03 16:48:14,0,1.0,0.0,1.175845516916676,194617344.0,37683200.0,78.94,0.28,0.39,21.0,0.016107893600041
2025-10-03 16:48:19,0,1.0,0.0,1.1760760453335024,194617344.0,37683200.0,78.94,0.28,0.39,21.0,0.0165450905492786
2025-10-03 16:48:25,0,1.0,0.0,1.1758091890834899,194617344.0,37683200.0,79.0,0.63,0.39,21.0,0.01606185424672665
2025-10-03 16:48:30,0,1.0,0.0,1.1755423328334778,194617344.0,37683200.0,79.0,0.63,0.39,21.0,0.015578617944174701
2025-10-03 16:48:35,0,1.0,0.0,1.1750890408332755,194617344.0,37683200.0,79.07,0.25,0.39,21.0,0.015486605331090777
2025-10-03 16:48:40,0,1.0,0.0,1.1746357488330734,194617344.0,37683200.0,79.07,0.25,0.39,21.0,0.015394592333036977
2025-10-03 16:48:45,0,1.0,0.0,1.1755783309166266,194617344.0,37683200.0,79.14,0.27,0.39,21.0,0.015463594030450226
2025-10-03 16:48:50,0,1.0,0.0,1.17652091300018,194617344.0,37683200.0,79.14,0.27,0.39,21.0,0.015532595439169752
2025-10-03 16:48:55,0,1.0,0.0,1.1758955390000665,194617344.0,37683200.0,79.2,0.52,0.39,21.0,0.015463577856039362
2025-10-03 16:49:00,0,1.0,0.0,1.1752701649999533,194617344.0,37683200.0,79.2,0.52,0.39,21.0,0.015394560128528575
2025-10-03 16:49:05,0,1.0,0.0,1.1752188326668147,194617344.0,37683200.0,79.28,0.26,0.39,21.0,0.015188506944662368
2025-10-03 16:49:10,0,1.0,0.0,1.1751675003336761,194617344.0,37683200.0,79.28,0.26,0.39,21.0,0.014982425307557118
2025-10-03 16:49:15,0,1.0,0.0,1.282532128727491,194617344.0,37683200.0,79.33000000000001,0.02,0.39,21.0,0.015527899826293741
2025-10-03 16:49:20,0,1.0,0.0,1.4113696828000684,194617344.0,37683200.0,79.33000000000001,0.02,0.39,21.0,0.016208148952158302
2025-10-03 16:49:25,0,1.0,0.0,1.282190819272893,194617344.0,37683200.0,79.4,0.02,0.39,21.0,0.015832987926432392
2025-10-03 16:49:30,0,1.0,0.0,1.1745417663335807,194617344.0,37683200.0,79.4,0.02,0.39,21.0,0.01553220553134786
2025-10-03 16:49:35,0,1.0,0.0,1.1750223344168564,194617344.0,37683200.0,79.46000000000001,0.02,0.39,21.0,0.014980168691635706
2025-10-03 16:49:41,0,1.0,0.0,1.1755029025001325,194617344.0,37683200.0,79.46000000000001,0.02,0.39,21.0,0.014428115684326132
2025-10-03 16:49:46,0,1.0,0.0,1.1753843466667604,194617344.0,37683200.0,79.55,0.02,0.39,21.0,0.015118234762526358
2025-10-03 16:49:51,0,1.0,0.0,1.1752657908333883,194617344.0,37683200.0,79.55,0.02,0.39,21.0,0.01580833362968293
2025-10-03 16:49:56,0,1.0,0.0,1.176941620416528,194617344.0,37683200.0,79.61999999999999,0.02,0.39,21.0,0.015808532046950735
2025-10-03 16:50:01,0,1.0,0.0,1.178617449999668,194617344.0,37683200.0,79.61999999999999,0.02,0.39,21.0,0.01580873046919944
2025-10-03 16:50:06,0,1.0,0.0,1.176736381333285,194617344.0,37683200.0,79.67999999999999,0.02,0.39,21.0,0.015808532046950735
2025-10-03 16:50:11,0,1.0,0.0,1.174855312666902,194617344.0,37683200.0,79.67999999999999,0.02,0.39,21.0,0.015808333629682935
2025-10-03 16:50:16,0,1.0,0.0,1.1742867975002202,194617344.0,37683200.0,79.75,0.02,0.39,21.0,0.016107489250342805
2025-10-03 16:50:21,0,1.0,0.0,1.1737182823335388,194617344.0,37683200.0,79.75,0.02,0.39,21.0,0.016406645496801507
2025-10-03 16:50:26,0,1.0,0.0,1.1744093449166635,194617344.0,37683200.0,79.83000000000001,0.02,0.39,21.0,0.0164758672266007
2025-10-03 16:50:31,0,1.0,0.0,1.1751004074997884,194617344.0,37683200.0,79.83000000000001,0.02,0.39,21.0,0.016545090549278597
2025-10-03 16:50:36,0,1.0,0.0,1.1748322611666329,194617344.0,37683200.0,79.89,0.02,0.39,21.0,0.015969608792698414
2025-10-03 16:50:41,0,1.0,0.0,1.1745641148334776,194617344.0,37683200.0,79.89,0.02,0.39,21.0,0.015394141482180324
2025-10-03 16:50:46,0,1.0,0.0,1.174398919833417,194617344.0,37683200.0,79.95,0.02,0.39,21.0,0.015394334700742418
2025-10-03 16:50:51,0,1.0,0.0,1.1742337248333568,194617344.0,37683200.0,79.95,0.02,0.39,21.0,0.015394527924154912
2025-10-03 16:50:57,0,1.0,0.0,1.1747386145833236,194617344.0,37683200.0,80.02,0.02,0.39,21.0,0.015532595439169752
2025-10-03 16:51:02,0,1.0,0.0,1.1752435043332905,194617344.0,37683200.0,80.02,0.02,0.39,21.0,0.015670662954184598
2025-10-03 16:51:07,0,1.0,0.0,1.1753542815837743,194617344.0,37683200.0,80.09,0.03,0.39,21.0,0.015188475169144382
2025-10-03 16:51:12,0,1.0,0.0,1.175465058834258,194617344.0,37683200.0,80.09,0.03,0.39,21.0,0.014706220800441877
2025-10-03 16:51:17,0,1.0,0.0,1.1764996228336408,194617344.0,37683200.0,80.16,0.02,0.39,21.0,0.015257529652599877
2025-10-03 16:51:22,0,1.0,0.0,1.177534186833024,194617344.0,37683200.0,80.16,0.02,0.39,21.0,0.01580876354005849
2025-10-03 16:51:40,1,1.0,0.0,1.1731031281666824,194617344.0,37683200.0,80.27,0.02,0.39,21.0,0.015969809236716755
2025-10-03 16:51:45,1,1.0,0.0,1.1749654166668129,194617344.0,37683200.0,80.31,96.99,0.56,21.0,0.017899824997620262
2025-10-03 16:51:50,1,1.0,0.0,1.176827705166943,194617344.0,37683200.0,80.31,96.99,0.56,21.0,0.019830111306385474
2025-10-03 16:51:55,1,1.0,0.0,1.175416053916706,194617344.0,37683200.0,80.34,96.83,0.56,21.0,0.01781926132964012
2025-10-03 16:52:00,1,1.0,0.0,1.174004402666469,194617344.0,37683200.0,80.34,96.83,0.56,21.0,0.01580869739847875
2025-10-03 16:52:05,1,1.0,0.0,1.1752623389998007,194617344.0,37683200.0,80.38000000000001,96.13,0.56,21.0,0.01580869739847875
2025-10-03 16:52:11,1,1.0,0.0,1.1765202753331323,194617344.0,37683200.0,80.38000000000001,96.13,0.56,21.0,0.01580869739847875
2025-10-03 16:52:16,1,1.0,0.0,1.1780888551666067,194617344.0,37683200.0,80.41999999999999,92.68,0.56,21.0,0.015808498977060208
2025-10-03 16:52:21,1,1.0,0.0,1.179657435000081,194617344.0,37683200.0,80.41999999999999,92.68,0.56,21.0,0.015808300560622542
2025-10-03 16:52:26,1,1.0,0.0,1.1776315864165856,194617344.0,37683200.0,80.46,95.35,0.56,21.0,0.015602281974950158
2025-10-03 16:52:31,1,1.0,0.0,1.1756057378330904,194617344.0,37683200.0,80.46,95.35,0.56,21.0,0.015396234941649545
2025-10-03 16:52:36,1,1.0,0.0,1.1762579691665753,194617344.0,37683200.0,80.5,95.86,0.56,21.0,0.015396428212767382
2025-10-03 16:52:41,0,1.0,0.0,1.1769102005000605,194617344.0,37683200.0,80.5,95.86,0.56,21.0,0.015396621488737598
2025-10-03 16:52:46,0,1.0,0.0,1.1774121694167357,194617344.0,37683200.0,80.56,0.58,0.39,21.0,0.01692395726434033
2025-10-03 16:52:51,0,1.0,0.0,1.177914138333411,194617344.0,37683200.0,80.56,0.58,0.39,21.0,0.018451296235466912
2025-10-03 16:52:56,0,1.0,0.0,1.2827689817272172,194617344.0,37683200.0,80.61999999999999,0.02,0.39,21.0,0.017453066797952683
2025-10-03 16:53:01,0,1.0,0.0,1.4085947937997843,194617344.0,37683200.0,80.61999999999999,0.02,0.39,21.0,0.016208191242045276
2025-10-03 16:53:07,0,1.0,0.0,1.2810411214546051,194617344.0,37683200.0,80.7,0.02,0.39,21.0,0.015986262658161714
2025-10-03 16:53:12,0,1.0,0.0,1.1747463945002892,194617344.0,37683200.0,80.7,0.02,0.39,21.0,0.015808333629682935
2025-10-03 16:53:17,0,1.0,0.0,1.175125940749846,194617344.0,37683200.0,80.76,0.02,0.39,21.0,0.01580854858194788
2025-10-03 16:53:22,0,1.0,0.0,1.1755054869994033,194617344.0,37683200.0,80.76,0.02,0.39,21.0,0.01580876354005849
2025-10-03 16:53:27,0,1.0,0.0,1.1753782534998813,194617344.0,37683200.0,80.84,0.02,0.39,21.0,0.01580876354005849
2025-10-03 16:53:32,0,1.0,0.0,1.1752510200003599,194617344.0,37683200.0,80.84,0.02,0.39,21.0,0.01580876354005849
2025-10-03 16:53:37,0,1.0,0.0,1.1747984023336357,194617344.0,37683200.0,80.91,0.03,0.39,21.0,0.015670662954184594
2025-10-03 16:53:42,0,1.0,0.0,1.1743457846669116,194617344.0,37683200.0,80.91,0.03,0.39,21.0,0.015670662954184598
2025-10-03 16:53:47,0,1.0,0.0,1.1759936861668998,194617344.0,37683200.0,80.97,0.02,0.39,21.0,0.015394560128528573
2025-10-03 16:53:52,0,1.0,0.0,1.1759936861668998,194617344.0,37683200.0,80.97,0.02,0.39,21.0,0.015394560128528575
2025-10-03 16:53:57,0,1.0,0.0,1.1736244138331433,194617344.0,37683200.0,81.04,0.02,0.39,21.0,0.0149886931072931
2025-10-03 16:54:02,0,1.0,0.0,1.1736244138331433,194617344.0,37683200.0,81.04,0.02,0.39,21.0,0.014988693107293102
2025-10-03 16:54:07,0,1.0,0.0,1.1755868610001319,194617344.0,37683200.0,81.11,0.02,0.39,21.0,0.015532595439169752
2025-10-03 16:54:12,0,1.0,0.0,1.1755868610001319,194617344.0,37683200.0,81.11,0.02,0.39,21.0,0.015532595439169754
2025-10-03 16:54:17,0,1.0,0.0,1.1735738581664918,194617344.0,37683200.0,81.16999999999999,0.02,0.39,21.0,0.01580873046919944
2025-10-03 16:54:22,0,1.0,0.0,1.1735738581664918,194617344.0,37683200.0,81.16999999999999,0.02,0.39,21.0,0.01580873046919944
2025-10-03 16:54:28,0,1.0,0.0,1.175039355833481,194617344.0,37683200.0,81.24000000000001,0.02,0.39,21.0,0.015532270514625435
2025-10-03 16:54:33,0,1.0,0.0,1.1750393558334813,194617344.0,37683200.0,81.24000000000001,0.02,0.39,21.0,0.015532270514625437
2025-10-03 16:54:38,0,1.0,0.0,1.1763307959993956,194617344.0,37683200.0,81.31,0.02,0.39,21.0,0.015672433380128165
2025-10-03 16:54:43,0,1.0,0.0,1.1763307959993958,194617344.0,37683200.0,81.31,0.02,0.39,21.0,0.015672433380128165
2025-10-03 16:54:48,0,1.0,0.0,1.1739403693336499,194617344.0,37683200.0,81.36,0.02,0.39,21.0,0.01755762238874036
2025-10-03 16:54:53,0,1.0,0.0,1.17394036933365,194617344.0,37683200.0,81.36,0.02,0.39,21.0,0.017557622388740358
2025-10-03 16:54:58,0,1.0,0.0,1.1750894735005204,194617344.0,37683200.0,81.44,0.02,0.39,21.0,0.015670662954184598
2025-10-03 16:55:03,0,1.0,0.0,1.1750894735005204,194617344.0,37683200.0,81.44,0.02,0.39,21.0,0.015670662954184594
2025-10-03 16:55:08,0,1.0,0.0,1.175706500999695,194617344.0,37683200.0,81.52,0.02,0.39,21.0,0.014980325379110385
2025-10-03 16:55:13,0,1.0,0.0,1.175706500999695,194617344.0,37683200.0,81.52,0.02,0.39,21.0,0.014980325379110385
2025-10-03 16:55:18,0,1.0,0.0,1.1763037726665666,194617344.0,37683200.0,81.58,0.02,0.39,21.0,0.015118424520841963
2025-10-03 16:55:23,0,1.0,0.0,1.1763037726665668,194617344.0,37683200.0,81.58,0.02,0.39,21.0,0.015118424520841962
2025-10-03 16:55:28,0,1.0,0.0,1.1741777106669056,194617344.0,37683200.0,81.64,0.28,0.39,21.0,0.01525646040914007
2025-10-03 16:55:33,0,1.0,0.0,1.1741777106669058,194617344.0,37683200.0,81.64,0.28,0.39,21.0,0.01525646040914007
2025-10-03 16:55:38,0,1.0,0.0,1.1746609465002014,194617344.0,37683200.0,81.71,0.61,0.39,21.0,0.015118392894125227
2025-10-03 16:55:44,0,1.0,0.0,1.1746609465002014,194617344.0,37683200.0,81.71,0.61,0.39,21.0,0.015118392894125227
2025-10-03 16:55:49,0,1.0,0.0,1.1765451758328709,194617344.0,37683200.0,81.78,0.28,0.39,21.0,0.01498245665423185
2025-10-03 16:55:54,0,1.0,0.0,1.1765451758328709,194617344.0,37683200.0,81.78,0.28,0.39,21.0,0.01498245665423185
2025-10-03 16:55:59,0,1.0,0.0,1.1761125251665967,194617344.0,37683200.0,81.84,0.49,0.39,21.0,0.01580873046919944
2025-10-03 16:56:04,0,1.0,0.0,1.176112525166597,194617344.0,37683200.0,81.84,0.49,0.39,21.0,0.01580873046919944
2025-10-03 16:56:09,0,1.0,0.0,1.173575211667109,194617344.0,37683200.0,81.92,0.64,0.39,21.0,0.015394527924154914
2025-10-03 16:56:14,0,1.0,0.0,1.1751322381668008,194617344.0,37683200.0,81.98,0.52,0.39,21.0,0.015463561681662333
2025-10-03 16:56:19,0,1.0,0.0,1.1766892646664928,194617344.0,37683200.0,81.98,0.52,0.39,21.0,0.015532595439169754
2025-10-03 16:56:24,0,1.0,0.0,1.1757971855830267,194617344.0,37683200.0,82.05000000000001,0.57,0.39,21.0,0.015394544026324902
2025-10-03 16:56:29,0,1.0,0.0,1.1749051064995608,194617344.0,37683200.0,82.05000000000001,0.57,0.39,21.0,0.015256492324685266
2025-10-03 16:56:34,0,1.0,0.0,1.1745564534165471,194617344.0,37683200.0,82.11999999999999,0.57,0.39,21.0,0.015463383765748146
2025-10-03 16:56:39,0,1.0,0.0,1.174207800333534,194617344.0,37683200.0,82.11999999999999,0.57,0.39,21.0,0.015670269580515397
2025-10-03 16:56:44,0,1.0,0.0,1.1741978309169099,194617344.0,37683200.0,82.17999999999999,0.25,0.39,21.0,0.016613724626782154
2025-10-03 16:56:49,0,1.0,0.0,1.174187861500286,194617344.0,37683200.0,82.17999999999999,0.25,0.39,21.0,0.017557181646647338
2025-10-03 16:56:55,0,1.0,0.0,1.1742974035831444,194617344.0,37683200.0,82.24000000000001,0.54,0.39,21.0,0.01633759623963342
2025-10-03 16:57:00,0,1.0,0.0,1.1744069456660022,194617344.0,37683200.0,82.24000000000001,0.54,0.39,21.0,0.01511801338384525
2025-10-03 16:57:05,0,1.0,0.0,1.1744048151661748,194617344.0,37683200.0,82.31,0.34,0.39,21.0,0.015325125486754729
2025-10-03 16:57:10,0,1.0,0.0,1.1744026846663473,194617344.0,37683200.0,82.31,0.34,0.39,21.0,0.015532238022918678
2025-10-03 16:57:15,0,1.0,0.0,1.17532449216651,194617344.0,37683200.0,82.38,0.5,0.39,21.0,0.015601466010643638
2025-10-03 16:57:20,0,1.0,0.0,1.1762462996666727,194617344.0,37683200.0,82.38,0.5,0.39,21.0,0.015670695736215184
2025-10-03 16:57:25,0,1.0,0.0,1.175061696749708,194617344.0,37683200.0,82.44,0.55,0.39,21.0,0.015463594030450226
2025-10-03 16:57:30,0,1.0,0.0,1.1738770938327434,194617344.0,37683200.0,82.44,0.55,0.39,21.0,0.015256492324685266
2025-10-03 16:57:35,0,1.0,0.0,1.17455216516646,194617344.0,37683200.0,82.51,0.51,0.39,21.0,0.015326568248312999
2025-10-03 16:57:53,1,1.0,0.0,1.1754594486665155,194617344.0,37683200.0,82.58,0.61,0.39,21.0,0.015396685915139343
2025-10-03 16:57:58,1,1.0,0.0,1.1758154496665156,194617344.0,37683200.0,82.61,97.93,0.56,21.0,0.01999117082774536
2025-10-03 16:58:03,1,1.0,0.0,1.1758154496665156,194617344.0,37683200.0,82.61,97.93,0.56,21.0,0.01999117082774536
2025-10-03 16:58:08,1,1.0,0.0,1.408444108999538,194617344.0,37683200.0,82.64,98.76,0.56,21.0,0.01663605243383151
2025-10-03 16:58:14,1,1.0,0.0,1.4084441089995379,194617344.0,37683200.0,82.64,98.76,0.56,21.0,0.01663605243383151
2025-10-03 16:58:19,1,1.0,0.0,1.1752252133334575,194617344.0,37683200.0,82.69,97.55,0.56,21.0,0.015806515036791927
2025-10-03 16:58:24,1,1.0,0.0,1.1752252133334575,194617344.0,37683200.0,82.69,97.55,0.56,21.0,0.015806515036791927
2025-10-03 16:58:29,1,1.0,0.0,1.1733935253332675,194617344.0,37683200.0,82.72,97.17,0.56,21.0,0.01470415958897805
2025-10-03 16:58:34,1,1.0,0.0,1.1738200563331702,194617344.0,37683200.0,82.75,97.14,0.56,21.0,0.01463413103571619
2025-10-03 16:58:39,1,1.0,0.0,1.1742465873330727,194617344.0,37683200.0,82.75,97.14,0.56,21.0,0.014564112003313163
2025-10-03 16:58:44,1,1.0,0.0,1.1749312456663574,194617344.0,37683200.0,82.8,98.24,0.56,21.0,0.015186362395554537
2025-10-03 16:58:49,1,1.0,0.0,1.1756159039996419,194617344.0,37683200.0,82.8,98.24,0.56,21.0,0.01580869739847875
2025-10-03 16:58:54,0,1.0,0.0,1.1744172759164635,194617344.0,37683200.0,82.86,0.02,0.39,21.0,0.016716611492016673
2025-10-03 16:58:59,0,1.0,0.0,1.1732186478332853,194617344.0,37683200.0,82.86,0.02,0.39,21.0,0.01762452748484918
2025-10-03 16:59:04,0,1.0,0.0,1.1745222118333913,194617344.0,37683200.0,82.92,0.02,0.39,21.0,0.017059705832515735
2025-10-03 16:59:10,0,1.0,0.0,1.1758257758334973,194617344.0,37683200.0,82.92,0.02,0.39,21.0,0.016494884180182287
2025-10-03 16:59:15,0,1.0,0.0,1.1756127009166446,194617344.0,37683200.0,82.99000000000001,0.02,0.39,21.0,0.016151807324690865
2025-10-03 16:59:20,0,1.0,0.0,1.1753996259997925,194617344.0,37683200.0,82.99000000000001,0.02,0.39,21.0,0.015808730469199436
2025-10-03 16:59:25,0,1.0,0.0,1.175516805750097,194617344.0,37683200.0,83.05,0.02,0.39,21.0,0.015394334700742418
2025-10-03 16:59:30,0,1.0,0.0,1.1756339855004019,194617344.0,37683200.0,83.05,0.02,0.39,21.0,0.014979949334677715
2025-10-03 16:59:35,0,1.0,0.0,1.1750107577502906,194617344.0,37683200.0,83.11,0.62,0.39,21.0,0.01525626891867298
2025-10-03 16:59:40,0,1.0,0.0,1.1743875300001794,194617344.0,37683200.0,83.11,0.62,0.39,21.0,0.015532595439169754
2025-10-03 16:59:45,0,1.0,0.0,1.175252550083466,194617344.0,37683200.0,83.18,0.46,0.39,21.0,0.015601629196677175
2025-10-03 16:59:50,0,1.0,0.0,1.1761175701667526,194617344.0,37683200.0,83.18,0.46,0.39,21.0,0.015670662954184594
2025-10-03 16:59:55,0,1.0,0.0,1.1756917552502273,194617344.0,37683200.0,83.25,0.53,0.39,21.0,0.01573969671169202
2025-10-03 17:00:00,0,1.0,0.0,1.175265940333702,194617344.0,37683200.0,83.25,0.53,0.39,21.0,0.015808730469199436
2025-10-03 17:00:05,0,1.0,0.0,1.1758349994168686,194617344.0,37683200.0,83.32,0.61,0.39,21.0,0.015394527924154912
2025-10-03 17:00:10,0,1.0,0.0,1.1764040585000355,194617344.0,37683200.0,83.32,0.61,0.39,21.0,0.014980325379110383
2025-10-03 17:00:15,0,1.0,0.0,1.1760804277502452,194617344.0,37683200.0,83.39,0.52,0.39,21.0,0.014911291621602964
2025-10-03 17:00:20,0,1.0,0.0,1.1757567970004554,194617344.0,37683200.0,83.39,0.52,0.39,21.0,0.014842257864095543
2025-10-03 17:00:26,0,1.0,0.0,1.1762814500833276,194617344.0,37683200.0,83.46000000000001,0.51,0.39,21.0,0.015119452461173634
2025-10-03 17:00:31,0,1.0,0.0,1.1768061031662003,194617344.0,37683200.0,83.46000000000001,0.51,0.39,21.0,0.015396685915139343
2025-10-03 17:00:36,0,1.0,0.0,1.1762676138329575,194617344.0,37683200.0,83.50999999999999,0.49,0.39,21.0,0.01498223723026324
2025-10-03 17:00:41,0,1.0,0.0,1.1757291244997152,194617344.0,37683200.0,83.50999999999999,0.49,0.39,21.0,0.014567798950566143
2025-10-03 17:00:46,0,1.0,0.0,1.176113085083216,194617344.0,37683200.0,83.58,0.55,0.39,21.0,0.015119072897696784
2025-10-03 17:00:51,0,1.0,0.0,1.1764970456667165,194617344.0,37683200.0,83.58,0.55,0.39,21.0,0.015670269580515397
2025-10-03 17:00:56,0,1.0,0.0,1.17555359033319,194617344.0,37683200.0,83.65,0.59,0.39,21.0,0.016613915775689127
2025-10-03 17:01:01,0,1.0,0.0,1.174610134999663,194617344.0,37683200.0,83.65,0.59,0.39,21.0,0.01755758565938744
2025-10-03 17:01:06,0,1.0,0.0,1.174813640083357,194617344.0,37683200.0,83.71000000000001,0.58,0.39,21.0,0.01668315806429344
2025-10-03 17:01:11,0,1.0,0.0,1.1750171451670515,194617344.0,37683200.0,83.71000000000001,0.58,0.39,21.0,0.01580873046919944
2025-10-03 17:01:16,0,1.0,0.0,1.1744563431666393,194617344.0,37683200.0,83.78,0.52,0.39,21.0,0.015670466264881295
2025-10-03 17:01:21,0,1.0,0.0,1.173895541166227,194617344.0,37683200.0,83.78,0.52,0.39,21.0,0.01553220553134786
2025-10-03 17:01:26,0,1.0,0.0,1.1751576250000348,194617344.0,37683200.0,83.85,0.5,0.39,21.0,0.0153943508025082
2025-10-03 17:01:31,0,1.0,0.0,1.176419708833843,194617344.0,37683200.0,83.85,0.5,0.39,21.0,0.015256492324685268
2025-10-03 17:01:37,0,1.0,0.0,1.1757512640003065,194617344.0,37683200.0,83.91000000000001,0.53,0.39,21.0,0.015393497455335012
2025-10-03 17:01:42,0,1.0,0.0,1.1750828191667702,194617344.0,37683200.0,83.91000000000001,0.53,0.39,21.0,0.01553048367259858
2025-10-03 17:01:47,0,1.0,0.0,1.1756735120002302,194617344.0,37683200.0,83.97999999999999,0.3,0.39,21.0,0.015669400950288192
2025-10-03 17:01:52,0,1.0,0.0,1.1762642048336904,194617344.0,37683200.0,83.97999999999999,0.3,0.39,21.0,0.015808333629682935
2025-10-03 17:01:57,0,1.0,0.0,1.176278811500045,194617344.0,37683200.0,84.05,0.37,0.39,21.0,0.01567030236090018
2025-10-03 17:02:02,0,1.0,0.0,1.1762934181663998,194617344.0,37683200.0,84.05,0.37,0.39,21.0,0.015532270514625439
2025-10-03 17:02:07,0,1.0,0.0,1.1755851264994512,194617344.0,37683200.0,84.11,0.54,0.39,21.0,0.01580873046919944
2025-10-03 17:02:12,0,1.0,0.0,1.1755851264994515,194617344.0,37683200.0,84.11,0.54,0.39,21.0,0.015808730469199436
2025-10-03 17:02:17,0,1.0,0.0,1.410405947199979,194617344.0,37683200.0,84.17,0.02,0.39,21.0,0.01620819124204528
2025-10-03 17:02:22,0,1.0,0.0,1.4104059471999788,194617344.0,37683200.0,84.17,0.02,0.39,21.0,0.01620819124204528
2025-10-03 17:02:27,0,1.0,0.0,1.1755066079998262,194617344.0,37683200.0,84.24,0.02,0.39,21.0,0.01580873046919944
2025-10-03 17:02:32,0,1.0,0.0,1.1755066079998262,194617344.0,37683200.0,84.24,0.02,0.39,21.0,0.01580873046919944
2025-10-03 17:02:37,0,1.0,0.0,1.1762456628336317,194617344.0,37683200.0,84.3,0.03,0.39,21.0,0.01580873046919944
2025-10-03 17:02:42,0,1.0,0.0,1.1762456628336317,194617344.0,37683200.0,84.3,0.03,0.39,21.0,0.01580873046919944
2025-10-03 17:02:47,0,1.0,0.0,1.1751474141665312,194617344.0,37683200.0,84.37,0.02,0.39,21.0,0.015118424520841962
2025-10-03 17:02:52,0,1.0,0.0,1.1751474141665312,194617344.0,37683200.0,84.37,0.02,0.39,21.0,0.015118424520841963
2025-10-03 17:02:58,0,1.0,0.0,1.1765748165004575,194617344.0,37683200.0,84.44,0.02,0.39,21.0,0.017007663805205863
2025-10-03 17:03:03,0,1.0,0.0,1.1765748165004577,194617344.0,37683200.0,84.44,0.02,0.39,21.0,0.017007663805205863
2025-10-03 17:03:08,0,1.0,0.0,1.1762705964999138,194617344.0,37683200.0,84.51,0.02,0.39,21.0,0.01580873046919944
2025-10-03 17:03:13,0,1.0,0.0,1.1762705964999136,194617344.0,37683200.0,84.51,0.02,0.39,21.0,0.01580873046919944
2025-10-03 17:03:18,0,1.0,0.0,1.1761315794995728,194617344.0,37683200.0,84.57,0.02,0.39,21.0,0.015396653701871073
2025-10-03 17:03:23,0,1.0,0.0,1.176131579499573,194617344.0,37683200.0,84.57,0.02,0.39,21.0,0.015396653701871075
2025-10-03 17:03:28,0,1.0,0.0,1.1756543770000765,194617344.0,37683200.0,84.63999999999999,0.02,0.39,21.0,0.015118392894125227
2025-10-03 17:03:33,0,1.0,0.0,1.1756543770000765,194617344.0,37683200.0,84.63999999999999,0.02,0.39,21.0,0.015118392894125227
2025-10-03 17:03:38,0,1.0,0.0,1.1754441785005838,194617344.0,37683200.0,84.72,0.02,0.39,21.0,0.015532238022918681
2025-10-03 17:03:43,0,1.0,0.0,1.1754441785005838,194617344.0,37683200.0,84.72,0.02,0.39,21.0,0.01553223802291868
2025-10-03 17:03:48,0,1.0,0.0,1.1769345613335342,194617344.0,37683200.0,84.78999999999999,0.02,0.39,21.0,0.015118392894125227
2025-10-03 17:03:53,0,1.0,0.0,1.1769345613335342,194617344.0,37683200.0,84.78999999999999,0.02,0.39,21.0,0.015118392894125228
2025-10-03 17:03:58,0,1.0,0.0,1.1763422913330337,194617344.0,37683200.0,84.87,0.02,0.39,21.0,0.015394173684937182
2025-10-03 17:04:03,0,1.0,0.0,1.1763422913330335,194617344.0,37683200.0,84.87,0.02,0.39,21.0,0.01539417368493718
2025-10-03 17:04:09,0,1.0,0.0,1.1766739615004553,194617344.0,37683200.0,84.94,0.02,0.39,21.0,0.015808730469199436
2025-10-03 17:04:14,0,1.0,0.0,1.1766739615004553,194617344.0,37683200.0,84.94,0.02,0.39,21.0,0.015808730469199436
2025-10-03 17:04:19,0,1.0,0.0,1.1766173406667804,194617344.0,37683200.0,85.00999999999999,0.02,0.39,21.0,0.015808796611055907
2025-10-03 17:04:24,0,1.0,0.0,1.1766173406667804,194617344.0,37683200.0,85.00999999999999,0.02,0.39,21.0,0.015808796611055907
2025-10-03 17:04:29,0,1.0,0.0,1.1765805758335166,194617344.0,37683200.0,85.07,0.02,0.39,21.0,0.015670269580515397
2025-10-03 17:04:34,0,1.0,0.0,1.1765805758335166,194617344.0,37683200.0,85.07,0.02,0.39,21.0,0.015670269580515397
2025-10-03 17:07:58,0,1.0,0.0,1.4128924591997931,194617344.0,37683200.0,86.39,0.02,0.39,21.0,0.015691615657174467
2025-10-03 17:08:03,0,1.0,0.0,1.412892459199793,194617344.0,37683200.0,86.39,0.02,0.39,21.0,0.015691615657174467
2025-10-03 17:08:09,0,1.0,0.0,1.1768985984999745,194617344.0,37683200.0,86.46000000000001,0.02,0.39,21.0,0.01484228891315535
2025-10-03 17:08:14,0,1.0,0.0,1.1768985984999745,194617344.0,37683200.0,86.46000000000001,0.02,0.39,21.0,0.01484228891315535
2025-10-03 17:08:19,0,1.0,0.0,1.1761760616664105,194617344.0,37683200.0,86.52000000000001,0.02,0.39,21.0,0.015118045008974183
2025-10-03 17:08:24,0,1.0,0.0,1.1761760616664105,194617344.0,37683200.0,86.52000000000001,0.02,0.39,21.0,0.015118045008974183
2025-10-03 17:08:29,0,1.0,0.0,1.176848615333256,194617344.0,37683200.0,86.58000000000001,0.02,0.39,21.0,0.015670269580515397
2025-10-03 17:08:34,0,1.0,0.0,1.176848615333256,194617344.0,37683200.0,86.58000000000001,0.02,0.39,21.0,0.015670269580515397
2025-10-03 17:08:39,0,1.0,0.0,1.177018229666222,194617344.0,37683200.0,86.64999999999999,0.02,0.39,21.0,0.015396267153165555
2025-10-03 17:08:44,0,1.0,0.0,1.175671341666657,194617344.0,37683200.0,86.72,0.02,0.39,21.0,0.015190191237393815
2025-10-03 17:08:49,0,1.0,0.0,1.1743244536670923,194617344.0,37683200.0,86.72,0.02,0.39,21.0,0.014984086862088231
2025-10-03 17:08:54,0,1.0,0.0,1.1754722918337088,194617344.0,37683200.0,86.81,0.02,0.39,21.0,0.016064979683387246
2025-10-03 17:08:59,0,1.0,0.0,1.1766201300003256,194617344.0,37683200.0,86.81,0.02,0.39,21.0,0.017145750385491702
2025-10-03 17:09:04,0,1.0,0.0,1.1766519330002059,194617344.0,37683200.0,86.87,0.02,0.39,21.0,0.016270078703916786
2025-10-03 17:09:09,0,1.0,0.0,1.1766837360000864,194617344.0,37683200.0,86.87,0.02,0.39,21.0,0.01539452792415491
2025-10-03 17:09:14,0,1.0,0.0,1.176414944499811,194617344.0,37683200.0,86.93,0.02,0.39,21.0,0.015532595439169754
2025-10-03 17:09:19,0,1.0,0.0,1.1761461529995358,194617344.0,37683200.0,86.93,0.02,0.39,21.0,0.015670662954184594
2025-10-03 17:09:25,0,1.0,0.0,1.1764839279994703,194617344.0,37683200.0,87.01,0.02,0.39,21.0,0.015465696992013991
2025-10-03 17:09:30,0,1.0,0.0,1.1768217029994048,194617344.0,37683200.0,87.01,0.02,0.39,21.0,0.015260674415928184
2025-10-03 17:09:35,0,1.0,0.0,1.1775135604999982,194617344.0,37683200.0,87.07000000000001,0.02,0.39,21.0,0.015328668753452403
2025-10-03 17:09:40,0,1.0,0.0,1.1782054180005919,194617344.0,37683200.0,87.07000000000001,0.02,0.39,21.0,0.015396653701871073
2025-10-03 17:09:45,0,1.0,0.0,1.1777059872504954,194617344.0,37683200.0,87.14,0.02,0.39,21.0,0.015464435146443516
2025-10-03 17:09:50,0,1.0,0.0,1.177206556500399,194617344.0,37683200.0,87.14,0.02,0.39,21.0,0.015532205531347862
2025-10-03 17:09:55,0,1.0,0.0,1.1764638955002436,194617344.0,37683200.0,87.21,0.02,0.39,21.0,0.01553241672898809
2025-10-03 17:10:00,0,1.0,0.0,1.175721234500088,194617344.0,37683200.0,87.21,0.02,0.39,21.0,0.015532627932371878
2025-10-03 17:10:05,0,1.0,0.0,1.1756137233331476,194617344.0,37683200.0,87.27000000000001,0.02,0.39,21.0,0.015670679345182747
2025-10-03 17:10:10,0,1.0,0.0,1.1755062121662072,194617344.0,37683200.0,87.27000000000001,0.02,0.39,21.0,0.01580873046919944
2025-10-03 17:10:15,0,1.0,0.0,1.1755223984162815,194617344.0,37683200.0,87.34,0.02,0.39,21.0,0.01525626891867298
2025-10-03 17:10:20,0,1.0,0.0,1.1755385846663555,194617344.0,37683200.0,87.34,0.02,0.39,21.0,0.014703821236342642
2025-10-03 17:10:25,0,1.0,0.0,1.1761121530829162,194617344.0,37683200.0,87.4,0.03,0.39,21.0,0.015049170245568821
2025-10-03 17:10:30,0,1.0,0.0,1.1766857214994768,194617344.0,37683200.0,87.4,0.03,0.39,21.0,0.015394527924154912
2025-10-03 17:10:36,0,1.0,0.0,1.1765768420829468,194617344.0,37683200.0,87.47,0.02,0.39,21.0,0.015532676672429968
2025-10-03 17:10:41,0,1.0,0.0,1.1764679626664172,194617344.0,37683200.0,87.47,0.02,0.39,21.0,0.015670826865709107
2025-10-03 17:10:46,0,1.0,0.0,1.176552915833175,194617344.0,37683200.0,87.53999999999999,0.51,0.39,21.0,0.015739828418297866
2025-10-03 17:10:51,0,1.0,0.0,1.1766378689999328,194617344.0,37683200.0,87.53999999999999,0.51,0.39,21.0,0.015808829682191692
2025-10-03 17:10:56,0,1.0,0.0,1.1769063459999718,194617344.0,37683200.0,87.59,0.61,0.39,21.0,0.016544934800321737
2025-10-03 17:11:01,0,1.0,0.0,1.177174823000011,194617344.0,37683200.0,87.59,0.61,0.39,21.0,0.017281016820803324
2025-10-03 17:11:06,0,1.0,0.0,1.1757087390834993,194617344.0,37683200.0,87.66999999999999,0.49,0.39,21.0,0.016338912133891215
2025-10-03 17:11:11,0,1.0,0.0,1.1742426551669876,194617344.0,37683200.0,87.66999999999999,0.49,0.39,21.0,0.015396653701871071
2025-10-03 17:11:16,0,1.0,0.0,1.1756111291667062,194617344.0,37683200.0,87.74000000000001,0.49,0.39,21.0,0.0156025594222576
2025-10-03 17:11:21,0,1.0,0.0,1.176979603166425,194617344.0,37683200.0,87.74000000000001,0.49,0.39,21.0,0.015808432837694234
2025-10-03 17:11:26,0,1.0,0.0,1.1769618824999573,194617344.0,37683200.0,87.81,0.27,0.39,21.0,0.01567036792208118
2025-10-03 17:11:31,0,1.0,0.0,1.1769441618334897,194617344.0,37683200.0,87.81,0.27,0.39,21.0,0.015532303006468132
2025-10-03 17:11:36,0,1.0,0.0,1.1770182990837081,194617344.0,37683200.0,87.88000000000001,0.34,0.39,21.0,0.015532530453173342
2025-10-03 17:11:41,0,1.0,0.0,1.1770924363339268,194617344.0,37683200.0,87.88000000000001,0.34,0.39,21.0,0.015532757906539867
2025-10-03 17:11:46,0,1.0,0.0,1.1770361145836432,194617344.0,37683200.0,87.96000000000001,0.52,0.39,21.0,0.015602592063766026
2025-10-03 17:11:51,0,1.0,0.0,1.1769797928333599,194617344.0,37683200.0,87.96000000000001,0.52,0.39,21.0,0.015672433380128168
2025-10-03 17:11:57,0,1.0,0.0,1.176956518916692,194617344.0,37683200.0,88.03,0.63,0.39,21.0,0.015533277824964538
2025-10-03 17:12:02,0,1.0,0.0,1.1769332450000245,194617344.0,37683200.0,88.03,0.63,0.39,21.0,0.015394141482180324
2025-10-03 17:12:07,0,1.0,0.0,1.176958454749941,194617344.0,37683200.0,88.10000000000001,0.27,0.39,21.0,0.015394334700742418
2025-10-03 17:12:12,0,1.0,0.0,1.1769836644998577,194617344.0,37683200.0,88.10000000000001,0.27,0.39,21.0,0.015394527924154912
2025-10-03 17:12:17,0,1.0,0.0,1.1767526245835143,194617344.0,37683200.0,88.17,0.25,0.39,21.0,0.015808333629682935
2025-10-03 17:12:22,0,1.0,0.0,1.1765215846671708,194617344.0,37683200.0,88.17,0.25,0.39,21.0,0.015808333629682935
2025-10-03 17:12:27,0,1.0,0.0,1.1765610160000504,194617344.0,37683200.0,88.24,0.24,0.39,21.0,0.015256492324685268
2025-10-03 17:12:32,0,1.0,0.0,1.1765610160000508,194617344.0,37683200.0,88.24,0.24,0.39,21.0,0.015256492324685268
2025-10-03 17:12:37,0,1.0,0.0,1.17665756483287,194617344.0,37683200.0,88.3,0.3,0.39,21.0,0.015808730469199436
2025-10-03 17:12:42,0,1.0,0.0,1.17665756483287,194617344.0,37683200.0,88.3,0.3,0.39,21.0,0.01580873046919944
2025-10-03 17:12:47,0,1.0,0.0,1.1763048191669438,194617344.0,37683200.0,88.36999999999999,0.53,0.39,21.0,0.015396718128542408
2025-10-03 17:12:52,0,1.0,0.0,1.176304819166944,194617344.0,37683200.0,88.36999999999999,0.53,0.39,21.0,0.015396718128542406
2025-10-03 17:12:57,0,1.0,0.0,1.1782800446668868,194617344.0,37683200.0,88.44,0.61,0.39,21.0,0.017557181646647338
2025-10-03 17:13:02,0,1.0,0.0,1.1782800446668866,194617344.0,37683200.0,88.44,0.61,0.39,21.0,0.017557181646647338
2025-10-03 17:13:08,0,1.0,0.0,1.175350957166908,194617344.0,37683200.0,88.51,0.67,0.39,21.0,0.01580876354005849
2025-10-03 17:13:13,0,1.0,0.0,1.175350957166908,194617344.0,37683200.0,88.51,0.67,0.39,21.0,0.01580876354005849
2025-10-03 17:13:18,0,1.0,0.0,1.1775320725003742,194617344.0,37683200.0,88.59,0.53,0.39,21.0,0.015670695736215188
2025-10-03 17:13:23,0,1.0,0.0,1.1775320725003742,194617344.0,37683200.0,88.59,0.53,0.39,21.0,0.015670695736215184
2025-10-03 17:13:28,0,1.0,0.0,1.4129787803994986,194617344.0,37683200.0,88.65,0.02,0.39,21.0,0.016208233532152942
2025-10-03 17:13:33,0,1.0,0.0,1.4129787803994986,194617344.0,37683200.0,88.65,0.02,0.39,21.0,0.01620823353215294
2025-10-03 17:13:38,0,1.0,0.0,1.1753242523336667,194617344.0,37683200.0,88.71,0.02,0.39,21.0,0.015808730469199436
2025-10-03 17:13:43,0,1.0,0.0,1.1753242523336667,194617344.0,37683200.0,88.71,0.02,0.39,21.0,0.01580873046919944
2025-10-03 17:13:48,0,1.0,0.0,1.1758327676664826,194617344.0,37683200.0,88.75999999999999,0.02,0.39,21.0,0.015258630970438886
2025-10-03 17:13:53,0,1.0,0.0,1.1758327676664824,194617344.0,37683200.0,88.75999999999999,0.02,0.39,21.0,0.015258630970438888
2025-10-03 17:13:58,0,1.0,0.0,1.1760758056667935,194617344.0,37683200.0,88.83000000000001,0.02,0.39,21.0,0.01553223802291868
2025-10-03 17:14:16,1,1.0,0.0,1.1761205449165573,194617344.0,37683200.0,88.95,0.01,0.5,21.0,0.01662313809452586
2025-10-03 17:14:21,1,1.0,0.0,1.1758102633333085,194617344.0,37683200.0,88.95,0.01,0.5,21.0,0.018128228031604115
2025-10-03 17:14:27,1,1.0,0.0,1.1765356566669045,194617344.0,37683200.0,88.99,80.46,0.56,21.0,0.018138934068290334
2025-10-03 17:14:32,1,1.0,0.0,1.1772610500005005,194617344.0,37683200.0,88.99,80.46,0.56,21.0,0.018149640396129083
2025-10-03 17:14:37,1,1.0,0.0,1.1759253535833523,194617344.0,37683200.0,89.03,94.25,0.56,21.0,0.016703031418727393
2025-10-03 17:14:42,1,1.0,0.0,1.174589657166204,194617344.0,37683200.0,89.03,94.25,0.56,21.0,0.015256428493728401
2025-10-03 17:14:47,1,1.0,0.0,1.177739087000191,194617344.0,37683200.0,89.07,90.28,0.56,21.0,0.015668532416355012
2025-10-03 17:14:52,1,1.0,0.0,1.177739087000191,194617344.0,37683200.0,89.07,90.28,0.56,21.0,0.015668532416355012
2025-10-03 17:14:57,1,1.0,0.0,1.1756596321662678,194617344.0,37683200.0,89.1,94.59,0.56,21.0,0.015118392894125228
2025-10-03 17:15:02,1,1.0,0.0,1.175659632166268,194617344.0,37683200.0,89.1,94.59,0.56,21.0,0.015118392894125227
2025-10-03 17:15:07,1,1.0,0.0,1.1750286776662808,194617344.0,37683200.0,89.14,91.35,0.56,21.0,0.01539240273335941
2025-10-03 17:15:12,1,1.0,0.0,1.1750286776662808,194617344.0,37683200.0,89.14,91.35,0.56,21.0,0.015392402733359409
2025-10-03 17:15:18,0,1.0,0.0,1.1745201098334896,194617344.0,37683200.0,89.19,91.93,0.39,21.0,0.015143463287876443
2025-10-03 17:15:23,0,1.0,0.0,1.1745201098334899,194617344.0,37683200.0,89.19,91.93,0.39,21.0,0.015143463287876443
2025-10-03 17:15:28,0,1.0,0.0,1.1765388703336914,194617344.0,37683200.0,89.27,0.47,0.39,21.0,0.01704502665115851
2025-10-03 17:15:33,0,1.0,0.0,1.1765388703336914,194617344.0,37683200.0,89.27,0.47,0.39,21.0,0.017045026651158507
2025-10-03 17:15:38,0,1.0,0.0,1.1765524490004584,194617344.0,37683200.0,89.34,0.69,0.39,21.0,0.01580873046919944
2025-10-03 17:15:43,0,1.0,0.0,1.1765524490004584,194617344.0,37683200.0,89.34,0.69,0.39,21.0,0.01580873046919944
2025-10-03 17:15:48,0,1.0,0.0,1.1754328824996871,194617344.0,37683200.0,89.41000000000001,0.45,0.39,21.0,0.015256524240364
2025-10-03 17:15:53,0,1.0,0.0,1.1754328824996871,194617344.0,37683200.0,89.41000000000001,0.45,0.39,21.0,0.015256524240363997
2025-10-03 17:15:58,0,1.0,0.0,1.1760208429999088,194617344.0,37683200.0,89.48,0.45,0.39,21.0,0.015808333629682935
2025-10-03 17:16:03,0,1.0,0.0,1.1760208429999088,194617344.0,37683200.0,89.48,0.45,0.39,21.0,0.015808333629682935
2025-10-03 17:16:08,0,1.0,0.0,1.1759387523331193,194617344.0,37683200.0,89.55,0.46,0.39,21.0,0.01580876354005849
2025-10-03 17:16:13,0,1.0,0.0,1.1759387523331195,194617344.0,37683200.0,89.55,0.46,0.39,21.0,0.01580876354005849
2025-10-03 17:16:18,0,1.0,0.0,1.1763356349999108,194617344.0,37683200.0,89.61,0.28,0.39,21.0,0.015396653701871075
2025-10-03 17:16:23,0,1.0,0.0,1.176335634999911,194617344.0,37683200.0,89.61,0.28,0.39,21.0,0.015396653701871073
2025-10-03 17:16:29,0,1.0,0.0,1.176625937832796,194617344.0,37683200.0,89.69,0.65,0.39,21.0,0.015258567121585236
2025-10-03 17:16:34,0,1.0,0.0,1.176625937832796,194617344.0,37683200.0,89.69,0.65,0.39,21.0,0.015258567121585234
2025-10-03 17:16:39,0,1.0,0.0,1.1762822003338442,194617344.0,37683200.0,89.75,0.54,0.39,21.0,0.01553262793237188
2025-10-03 17:16:44,0,1.0,0.0,1.1762822003338442,194617344.0,37683200.0,89.75,0.54,0.39,21.0,0.01553262793237188
2025-10-03 17:16:49,0,1.0,0.0,1.1766290166669933,194617344.0,37683200.0,89.81,0.26,0.39,21.0,0.014984463114282427
2025-10-03 17:16:54,0,1.0,0.0,1.1766290166669935,194617344.0,37683200.0,89.81,0.26,0.39,21.0,0.015189523831442312
2025-10-03 17:16:59,0,1.0,0.0,1.175049013167154,194617344.0,37683200.0,89.88000000000001,0.48,0.39,21.0,0.015394527924154912
2025-10-03 17:17:04,0,1.0,0.0,1.1756092925005153,194617344.0,37683200.0,89.94,0.5,0.39,21.0,0.015463367591777136
2025-10-03 17:17:09,0,1.0,0.0,1.1761695718338765,194617344.0,37683200.0,89.94,0.5,0.39,21.0,0.015532205531347862
2025-10-03 17:17:14,0,1.0,0.0,1.2827761087274583,194617344.0,37683200.0,89.98,0.01,0.39,21.0,0.01607568085953691
2025-10-03 17:17:19,0,1.0,0.0,1.4107039529997565,194617344.0,37683200.0,89.98,0.01,0.39,21.0,0.01675355240018577
2025-10-03 17:17:24,0,1.0,0.0,1.2821261133634505,194617344.0,37683200.0,90.06,0.02,0.39,21.0,0.016422014300610063
2025-10-03 17:17:29,0,1.0,0.0,1.1749779136665286,194617344.0,37683200.0,90.06,0.02,0.39,21.0,0.016156163695706754
2025-10-03 17:17:34,0,1.0,0.0,1.1758006847499018,194617344.0,37683200.0,90.13000000000001,0.01,0.39,21.0,0.01577531912044829
2025-10-03 17:17:40,0,1.0,0.0,1.176623455833275,194617344.0,37683200.0,90.13000000000001,0.01,0.39,21.0,0.015394527924154912
2025-10-03 17:17:45,0,1.0,0.0,1.1767513447498459,194617344.0,37683200.0,90.2,0.02,0.39,21.0,0.015325301809707698
2025-10-03 17:17:50,0,1.0,0.0,1.1768792336664167,194617344.0,37683200.0,90.2,0.02,0.39,21.0,0.01525607743301279
2025-10-03 17:17:55,0,1.0,0.0,1.1769714358333656,194617344.0,37683200.0,90.26,0.02,0.39,21.0,0.015532432975198312
2025-10-03 17:18:00,0,1.0,0.0,1.1770636380003148,194617344.0,37683200.0,90.26,0.02,0.39,21.0,0.015808796611055907
2025-10-03 17:18:05,0,1.0,0.0,1.1758842515834353,194617344.0,37683200.0,90.33,0.02,0.39,21.0,0.015808780075539902
2025-10-03 17:18:10,0,1.0,0.0,1.1747048651665561,194617344.0,37683200.0,90.33,0.02,0.39,21.0,0.01580876354005849
2025-10-03 17:18:15,0,1.0,0.0,1.1759910965834024,194617344.0,37683200.0,90.4,0.01,0.39,21.0,0.015325510196610439
2025-10-03 17:18:20,0,1.0,0.0,1.1772773280002486,194617344.0,37683200.0,90.4,0.01,0.39,21.0,0.014842257864095541
2025-10-03 17:18:25,0,1.0,0.0,1.1768333800835837,194617344.0,37683200.0,90.46,0.02,0.39,21.0,0.015325510196610439
2025-10-03 17:18:30,0,1.0,0.0,1.176389432166919,194617344.0,37683200.0,90.46,0.02,0.39,21.0,0.015808763540058487
2025-10-03 17:18:35,0,1.0,0.0,1.1766953350834226,194617344.0,37683200.0,90.53,0.02,0.39,21.0,0.015670695736215184
2025-10-03 17:18:40,0,1.0,0.0,1.1770012379999268,194617344.0,37683200.0,90.53,0.02,0.39,21.0,0.01553262793237188
2025-10-03 17:18:45,0,1.0,0.0,1.1765435343334805,194617344.0,37683200.0,90.6,0.01,0.39,21.0,0.014842273388609209
2025-10-03 17:18:51,0,1.0,0.0,1.1760858306670343,194617344.0,37683200.0,90.6,0.01,0.39,21.0,0.01415192028902133
2025-10-03 17:18:56,0,1.0,0.0,1.17629009416684,194617344.0,37683200.0,90.68,0.02,0.39,21.0,0.014635202515346984
2025-10-03 17:19:01,0,1.0,0.0,1.176494357666646,194617344.0,37683200.0,90.68,0.02,0.39,21.0,0.015118487774672399
2025-10-03 17:19:06,0,1.0,0.0,1.1764940350000566,194617344.0,37683200.0,90.74,0.01,0.39,21.0,0.015394576230765932
2025-10-03 17:19:11,0,1.0,0.0,1.1764937123334676,194617344.0,37683200.0,90.74,0.01,0.39,21.0,0.015670662954184598
2025-10-03 17:19:16,0,1.0,0.0,1.176854445000269,194617344.0,37683200.0,90.82,0.01,0.39,21.0,0.015958303610465515
2025-10-03 17:19:21,0,1.0,0.0,1.17721517766707,194617344.0,37683200.0,90.82,0.01,0.39,21.0,0.016245944266746443
2025-10-03 17:19:26,0,1.0,0.0,1.1766881217504306,194617344.0,37683200.0,90.89,0.01,0.39,21.0,0.015923820043261244
2025-10-03 17:19:31,0,1.0,0.0,1.176161065833791,194617344.0,37683200.0,90.89,0.01,0.39,21.0,0.015601694472046443
2025-10-03 17:19:36,0,1.0,0.0,1.1760152594173026,194617344.0,37683200.0,90.95,0.01,0.39,21.0,0.015637258286209214
2025-10-03 17:19:41,0,1.0,0.0,1.175869453000814,194617344.0,37683200.0,90.95,0.01,0.39,21.0,0.01567282686244275
2025-10-03 17:19:46,0,1.0,0.0,1.1759980311673341,194617344.0,37683200.0,91.02000000000001,0.02,0.39,21.0,0.01567174483361716
2025-10-03 17:19:51,0,1.0,0.0,1.1761266093338538,194617344.0,37683200.0,91.02000000000001,0.02,0.39,21.0,0.015670662954184598
2025-10-03 17:19:56,0,1.0,0.0,1.1759565370002747,194617344.0,37683200.0,91.08,0.51,0.39,21.0,0.015739515618707935
2025-10-03 17:20:01,0,1.0,0.0,1.1757864646666956,194617344.0,37683200.0,91.08,0.51,0.39,21.0,0.015808366698881682
2025-10-03 17:20:06,0,1.0,0.0,1.1760588110003785,194617344.0,37683200.0,91.15,0.52,0.39,21.0,0.015601466010643638
2025-10-03 17:20:12,0,1.0,0.0,1.1763311573340616,194617344.0,37683200.0,91.15,0.52,0.39,21.0,0.015394560128528575
2025-10-03 17:20:17,0,1.0,0.0,1.1772915656668677,194617344.0,37683200.0,91.22,0.54,0.39,21.0,0.015532627932371878
2025-10-03 17:20:22,0,1.0,0.0,1.1782519739996737,194617344.0,37683200.0,91.22,0.54,0.39,21.0,0.015670695736215184
2025-10-03 17:20:27,0,1.0,0.0,1.1780482443330886,194617344.0,37683200.0,91.30000000000001,0.52,0.39,21.0,0.015533684035452362
2025-10-03 17:20:32,0,1.0,0.0,1.1778445146665035,194617344.0,37683200.0,91.30000000000001,0.52,0.39,21.0,0.015396653701871075
2025-10-03 17:20:37,0,1.0,0.0,1.17651494516637,194617344.0,37683200.0,91.36,0.3,0.39,21.0,0.01580836669888168
2025-10-03 17:20:42,0,1.0,0.0,1.17651494516637,194617344.0,37683200.0,91.36,0.3,0.39,21.0,0.01580836669888168
2025-10-03 17:20:47,0,1.0,0.0,1.175881066500248,194617344.0,37683200.0,91.43,0.54,0.39,21.0,0.015808796611055907
2025-10-03 17:20:52,0,1.0,0.0,1.175881066500248,194617344.0,37683200.0,91.43,0.54,0.39,21.0,0.015808796611055907
2025-10-03 17:20:57,0,1.0,0.0,1.1773325148333242,194617344.0,37683200.0,91.47999999999999,0.56,0.39,21.0,0.01525646040914007
2025-10-03 17:21:02,0,1.0,0.0,1.1773325148333242,194617344.0,37683200.0,91.47999999999999,0.56,0.39,21.0,0.015256460409140069
2025-10-03 17:21:07,0,1.0,0.0,1.1748581033328567,194617344.0,37683200.0,91.55,0.59,0.39,21.0,0.015672433380128168
2025-10-03 17:21:12,0,1.0,0.0,1.174858103332857,194617344.0,37683200.0,91.55,0.59,0.39,21.0,0.015672433380128168
2025-10-03 17:21:17,0,1.0,0.0,1.1768307503337683,194617344.0,37683200.0,91.63,0.25,0.39,21.0,0.01624594426674644
2025-10-03 17:21:22,0,1.0,0.0,1.1768307503337687,194617344.0,37683200.0,91.63,0.25,0.39,21.0,0.01624594426674644
2025-10-03 17:21:28,0,1.0,0.0,1.1761671964998943,194617344.0,37683200.0,91.68,0.3,0.39,21.0,0.016291966771751386
2025-10-03 17:21:33,0,1.0,0.0,1.1761671964998945,194617344.0,37683200.0,91.68,0.3,0.39,21.0,0.016291966771751386
2025-10-03 17:21:38,0,1.0,0.0,1.1756020979998234,194617344.0,37683200.0,91.75,0.58,0.39,21.0,0.015532627932371878
2025-10-03 17:21:43,0,1.0,0.0,1.1756020979998234,194617344.0,37683200.0,91.75,0.58,0.39,21.0,0.01553262793237188
2025-10-03 17:21:48,0,1.0,0.0,1.1763631655000304,194617344.0,37683200.0,91.81,0.57,0.39,21.0,0.015394560128528573
2025-10-03 17:21:53,0,1.0,0.0,1.1763631655000304,194617344.0,37683200.0,91.81,0.57,0.39,21.0,0.015394560128528575
2025-10-03 17:21:58,0,1.0,0.0,1.1765525410000919,194617344.0,37683200.0,91.88000000000001,0.61,0.39,21.0,0.015808763540058487
2025-10-03 17:22:03,0,1.0,0.0,1.1765525410000919,194617344.0,37683200.0,91.88000000000001,0.61,0.39,21.0,0.01580876354005849
2025-10-03 17:22:08,0,1.0,0.0,1.1750843273330247,194617344.0,37683200.0,91.94999999999999,0.37,0.39,21.0,0.014979980670992684
2025-10-03 17:22:13,0,1.0,0.0,1.1750843273330247,194617344.0,37683200.0,91.94999999999999,0.37,0.39,21.0,0.014979980670992684
2025-10-03 17:22:18,0,1.0,0.0,1.175998331833701,194617344.0,37683200.0,92.01,0.25,0.39,21.0,0.014979949334677715
2025-10-03 17:22:23,0,1.0,0.0,1.175998331833701,194617344.0,37683200.0,92.01,0.25,0.39,21.0,0.014979949334677714
2025-10-03 17:22:28,0,1.0,0.0,1.174733815999692,194617344.0,37683200.0,92.07000000000001,0.23,0.39,21.0,0.015532595439169754
2025-10-03 17:22:33,0,1.0,0.0,1.1747338159996918,194617344.0,37683200.0,92.07000000000001,0.23,0.39,21.0,0.015532595439169754
2025-10-03 17:22:38,0,1.0,0.0,1.1751448595002028,194617344.0,37683200.0,92.13,0.26,0.39,21.0,0.015808399768218778
2025-10-03 17:22:44,0,1.0,0.0,1.1751448595002025,194617344.0,37683200.0,92.13,0.26,0.39,21.0,0.015808399768218778
2025-10-03 17:22:49,0,1.0,0.0,1.4107271827997463,194617344.0,37683200.0,92.2,0.02,0.39,21.0,0.016208275822481286
2025-10-03 17:22:54,0,1.0,0.0,1.4107271827997467,194617344.0,37683200.0,92.2,0.02,0.39,21.0,0.016208275822481282
2025-10-03 17:22:59,0,1.0,0.0,1.176022785333468,194617344.0,37683200.0,92.25999999999999,0.02,0.39,21.0,0.015808796611055907
2025-10-03 17:23:04,0,1.0,0.0,1.176022785333468,194617344.0,37683200.0,92.25999999999999,0.02,0.39,21.0,0.015808796611055907
2025-10-03 17:23:09,0,1.0,0.0,1.1752157085005213,194617344.0,37683200.0,92.32000000000001,0.02,0.39,21.0,0.01553223802291868
2025-10-03 17:23:14,0,1.0,0.0,1.1752157085005213,194617344.0,37683200.0,92.32000000000001,0.02,0.39,21.0,0.015405662933006442
2025-10-03 17:23:19,0,1.0,0.0,1.175161941499937,194617344.0,37683200.0,92.38999999999999,0.02,0.39,21.0,0.015279088107874044
2025-10-03 17:23:24,0,1.0,0.0,1.1752554329999232,194617344.0,37683200.0,92.46,0.02,0.39,21.0,0.01599241902857298
2025-10-03 17:23:29,0,1.0,0.0,1.1753489244999096,194617344.0,37683200.0,92.46,0.02,0.39,21.0,0.016705749949271924
2025-10-03 17:23:34,0,1.0,0.0,1.1754694715835587,194617344.0,37683200.0,92.52,0.02,0.39,21.0,0.015912081383502814
2025-10-03 17:23:39,0,1.0,0.0,1.1755900186672077,194617344.0,37683200.0,92.52,0.02,0.39,21.0,0.015118392894125228
2025-10-03 17:23:44,0,1.0,0.0,1.1757946732503417,194617344.0,37683200.0,92.59,0.02,0.39,21.0,0.015049359136617807
2025-10-03 17:23:49,0,1.0,0.0,1.1759993278334757,194617344.0,37683200.0,92.59,0.02,0.39,21.0,0.014980325379110385
2025-10-03 17:23:54,0,1.0,0.0,1.1756471190833508,194617344.0,37683200.0,92.65,0.02,0.39,21.0,0.01532549416664749
2025-10-03 17:24:00,0,1.0,0.0,1.175294910333226,194617344.0,37683200.0,92.65,0.02,0.39,21.0,0.015670662954184598
2025-10-03 17:24:05,0,1.0,0.0,1.1756670449999547,194617344.0,37683200.0,92.73,0.02,0.39,21.0,0.01573971317489721
2025-10-03 17:24:10,0,1.0,0.0,1.1760391796666831,194617344.0,37683200.0,92.73,0.02,0.39,21.0,0.01580876354005849
2025-10-03 17:24:15,0,1.0,0.0,1.1755006458332293,194617344.0,37683200.0,92.8,0.02,0.39,21.0,0.015256476366895979
2025-10-03 17:24:20,0,1.0,0.0,1.1749621119997755,194617344.0,37683200.0,92.8,0.02,0.39,21.0,0.014704190349080703
2025-10-03 17:24:25,0,1.0,0.0,1.1754477720833163,194617344.0,37683200.0,92.86999999999999,0.02,0.39,21.0,0.015118408707467055
2025-10-03 17:24:30,0,1.0,0.0,1.1759334321668575,194617344.0,37683200.0,92.86999999999999,0.02,0.39,21.0,0.01553262793237188
2025-10-03 17:24:35,0,1.0,0.0,1.1758649966665566,194617344.0,37683200.0,92.92999999999999,0.02,0.39,21.0,0.015670482655467985
2025-10-03 17:24:40,0,1.0,0.0,1.175796561166256,194617344.0,37683200.0,92.92999999999999,0.02,0.39,21.0,0.015808333629682935
2025-10-03 17:24:45,0,1.0,0.0,1.1758263579166244,194617344.0,37683200.0,93.0,0.02,0.39,21.0,0.015670269580515397
2025-10-03 17:24:50,0,1.0,0.0,1.1758561546669928,194617344.0,37683200.0,93.0,0.02,0.39,21.0,0.015532205531347862
2025-10-03 17:24:55,0,1.0,0.0,1.1760853408333483,194617344.0,37683200.0,93.07000000000001,0.02,0.39,21.0,0.015670499046088963
2025-10-03 17:25:00,0,1.0,0.0,1.1763145269997042,194617344.0,37683200.0,93.07000000000001,0.02,0.39,21.0,0.015808796611055907
2025-10-03 17:25:05,0,1.0,0.0,1.1763157507498363,194617344.0,37683200.0,93.14,0.02,0.39,21.0,0.015808598187146857
2025-10-03 17:25:10,0,1.0,0.0,1.1763169744999686,194617344.0,37683200.0,93.14,0.02,0.39,21.0,0.015808399768218778
2025-10-03 17:25:16,0,1.0,0.0,1.1770853590001025,194617344.0,37683200.0,93.2,0.02,0.39,21.0,0.01582116280577993
2025-10-03 17:25:21,0,1.0,0.0,1.177853743500236,194617344.0,37683200.0,93.2,0.02,0.39,21.0,0.01583392787277623
2025-10-03 17:25:26,0,1.0,0.0,1.1774985565836382,194617344.0,37683200.0,93.28,0.02,0.39,21.0,0.016477211510198358
2025-10-03 17:25:31,0,1.0,0.0,1.1771433696670404,194617344.0,37683200.0,93.28,0.02,0.39,21.0,0.017120407676569895
2025-10-03 17:25:36,0,1.0,0.0,1.1769803530000897,194617344.0,37683200.0,93.34,0.45,0.39,21.0,0.01625858929044014
2025-10-03 17:25:41,0,1.0,0.0,1.1768173363331393,194617344.0,37683200.0,93.34,0.45,0.39,21.0,0.015396653701871073
2025-10-03 17:25:46,0,1.0,0.0,1.1763987245832748,194617344.0,37683200.0,93.41,0.24,0.39,21.0,0.015602722631165486
2025-10-03 17:25:51,0,1.0,0.0,1.1759801128334098,194617344.0,37683200.0,93.41,0.24,0.39,21.0,0.01580876354005849
2025-10-03 17:26:09,1,1.0,0.0,1.1745334941667047,194617344.0,37683200.0,93.52000000000001,0.72,0.39,21.0,0.016128256345363468
2025-10-03 17:26:14,1,1.0,0.0,1.1751406539166662,194617344.0,37683200.0,93.56,95.09,0.56,21.0,0.017965913084221623
2025-10-03 17:26:19,1,1.0,0.0,1.1757478136666273,194617344.0,37683200.0,93.56,95.09,0.56,21.0,0.019803823537410125
2025-10-03 17:26:24,1,1.0,0.0,1.174757449000026,194617344.0,37683200.0,93.61,96.98,0.56,21.0,0.017806283450846016
2025-10-03 17:26:29,1,1.0,0.0,1.1737670843334247,194617344.0,37683200.0,93.61,96.98,0.56,21.0,0.01580869739847875
2025-10-03 17:26:35,1,1.0,0.0,1.1753925644167489,194617344.0,37683200.0,93.64,96.91,0.56,21.0,0.01573966378538496
2025-10-03 17:26:40,1,1.0,0.0,1.1770180445000735,194617344.0,37683200.0,93.64,96.91,0.56,21.0,0.015670630172291162
2025-10-03 17:26:45,1,1.0,0.0,1.1762567537499913,194617344.0,37683200.0,93.68,96.72,0.56,21.0,0.015532579192619671
2025-10-03 17:26:50,1,1.0,0.0,1.1754954629999095,194617344.0,37683200.0,93.68,96.72,0.56,21.0,0.015394527924154914
2025-10-03 17:26:55,1,1.0,0.0,1.2835261212727676,194617344.0,37683200.0,93.71000000000001,99.0,0.56,21.0,0.016166142344705894
2025-10-03 17:27:00,1,1.0,0.0,1.4131629112001978,194617344.0,37683200.0,93.71000000000001,99.0,0.56,21.0,0.017128191485199645
2025-10-03 17:27:05,1,1.0,0.0,1.2844345801819474,194617344.0,37683200.0,93.75,105.12,0.56,21.0,0.015757585609519342
2025-10-03 17:27:10,0,1.0,0.0,1.1771609710000726,194617344.0,37683200.0,93.75,105.12,0.56,21.0,0.014657840710038865
2025-10-03 17:27:16,0,1.0,0.0,1.1758718510001624,194617344.0,37683200.0,93.8,0.02,0.39,21.0,0.016415566698505326
2025-10-03 17:27:21,0,1.0,0.0,1.1745827310002521,194617344.0,37683200.0,93.8,0.02,0.39,21.0,0.018172575665023803
2025-10-03 17:27:26,0,1.0,0.0,1.1757149039167416,194617344.0,37683200.0,93.87,0.02,0.39,21.0,0.016852604559993472
2025-10-03 17:27:31,0,1.0,0.0,1.176847076833231,194617344.0,37683200.0,93.87,0.02,0.39,21.0,0.015532627932371878
2025-10-03 17:27:36,0,1.0,0.0,1.1766853320834039,194617344.0,37683200.0,93.94,0.02,0.39,21.0,0.015463610204894927
2025-10-03 17:27:41,0,1.0,0.0,1.176523587333577,194617344.0,37683200.0,93.94,0.02,0.39,21.0,0.015394592333036977
2025-10-03 17:27:46,0,1.0,0.0,1.17585413383343,194617344.0,37683200.0,94.01,0.02,0.39,21.0,0.015257545612592653
2025-10-03 17:27:51,0,1.0,0.0,1.1751846803332835,194617344.0,37683200.0,94.01,0.02,0.39,21.0,0.015120480541299396
2025-10-03 17:27:56,0,1.0,0.0,1.176290728750094,194617344.0,37683200.0,94.07,0.02,0.39,21.0,0.015119436645648273
2025-10-03 17:28:01,0,1.0,0.0,1.177396777166905,194617344.0,37683200.0,94.07,0.02,0.39,21.0,0.015118392894125228
2025-10-03 17:28:06,0,1.0,0.0,1.1768427558331493,194617344.0,37683200.0,94.14999999999999,0.02,0.39,21.0,0.015050413865460514
2025-10-03 17:28:11,0,1.0,0.0,1.1762887344993942,194617344.0,37683200.0,94.14999999999999,0.02,0.39,21.0,0.014982425307557118
2025-10-03 17:28:16,0,1.0,0.0,1.1764156355828466,194617344.0,37683200.0,94.21,0.02,0.39,21.0,0.015050224947934046
2025-10-03 17:28:21,0,1.0,0.0,1.176542536666299,194617344.0,37683200.0,94.21,0.02,0.39,21.0,0.015118013383845252
2025-10-03 17:28:26,0,1.0,0.0,1.1760993094996288,194617344.0,37683200.0,94.28,0.02,0.39,21.0,0.015463367591777136
2025-10-03 17:28:32,0,1.0,0.0,1.1756560823329587,194617344.0,37683200.0,94.28,0.02,0.39,21.0,0.01580873046919944
2025-10-03 17:28:37,0,1.0,0.0,1.176442193166622,194617344.0,37683200.0,94.35,0.02,0.39,21.0,0.01573971317489721
2025-10-03 17:28:42,0,1.0,0.0,1.177228304000285,194617344.0,37683200.0,94.35,0.02,0.39,21.0,0.015670695736215184
2025-10-03 17:28:47,0,1.0,0.0,1.1767474203335646,194617344.0,37683200.0,94.41,0.02,0.39,21.0,0.01573971317489721
2025-10-03 17:28:52,0,1.0,0.0,1.1762665366668443,194617344.0,37683200.0,94.41,0.02,0.39,21.0,0.01580873046919944
2025-10-03 17:28:57,0,1.0,0.0,1.1765018796668298,194617344.0,37683200.0,94.49000000000001,0.02,0.39,21.0,0.01567282686244275
2025-10-03 17:29:02,0,1.0,0.0,1.176737222666816,194617344.0,37683200.0,94.49000000000001,0.02,0.39,21.0,0.015672826862442753
2025-10-03 17:29:07,0,1.0,0.0,1.1786527823333017,194617344.0,37683200.0,94.56,0.02,0.39,21.0,0.015808333629682935
2025-10-03 17:29:12,0,1.0,0.0,1.1786527823333017,194617344.0,37683200.0,94.56,0.02,0.39,21.0,0.015808333629682935
2025-10-03 17:29:17,0,1.0,0.0,1.1793024549997426,194617344.0,37683200.0,94.64,0.47,0.39,21.0,0.017281450629357754
2025-10-03 17:29:22,0,1.0,0.0,1.1793024549997426,194617344.0,37683200.0,94.64,0.47,0.39,21.0,0.017281450629357757
2025-10-03 17:29:27,0,1.0,0.0,1.1754167939998297,194617344.0,37683200.0,94.69999999999999,0.55,0.39,21.0,0.015256460409140069
2025-10-03 17:29:32,0,1.0,0.0,1.1754167939998297,194617344.0,37683200.0,94.69999999999999,0.55,0.39,21.0,0.015256460409140069
2025-10-03 17:29:37,0,1.0,0.0,1.1756910088333823,194617344.0,37683200.0,94.78,0.6,0.39,21.0,0.01580836669888168
2025-10-03 17:29:42,0,1.0,0.0,1.1756910088333825,194617344.0,37683200.0,94.78,0.6,0.39,21.0,0.01580836669888168
2025-10-03 17:29:48,0,1.0,0.0,1.175322068499857,194617344.0,37683200.0,94.85,0.46,0.39,21.0,0.015118424520841962
2025-10-03 17:29:53,0,1.0,0.0,1.175322068499857,194617344.0,37683200.0,94.85,0.46,0.39,21.0,0.015118424520841963
2025-10-03 17:29:58,0,1.0,0.0,1.1756281906670363,194617344.0,37683200.0,94.91,0.5,0.39,21.0,0.015394560128528573
2025-10-03 17:30:03,0,1.0,0.0,1.1756281906670363,194617344.0,37683200.0,94.91,0.5,0.39,21.0,0.015394560128528575
2025-10-03 17:30:08,0,1.0,0.0,1.176431938166691,194617344.0,37683200.0,94.99000000000001,0.53,0.39,21.0,0.01580876354005849
2025-10-03 17:30:13,0,1.0,0.0,1.1764319381666914,194617344.0,37683200.0,94.99000000000001,0.53,0.39,21.0,0.015808763540058487
2025-10-03 17:30:18,0,1.0,0.0,1.1776382096671416,194617344.0,37683200.0,95.06,0.53,0.39,21.0,0.015118045008974184
2025-10-03 17:30:23,0,1.0,0.0,1.1776382096671418,194617344.0,37683200.0,95.06,0.53,0.39,21.0,0.015118045008974183
2025-10-03 17:30:28,0,1.0,0.0,1.1760410244999853,194617344.0,37683200.0,95.14,0.48,0.39,21.0,0.01580882968219169
2025-10-03 17:30:33,0,1.0,0.0,1.176041024499985,194617344.0,37683200.0,95.14,0.48,0.39,21.0,0.01580882968219169
2025-10-03 17:30:51,1,1.0,0.0,1.1764121718333629,194617344.0,37683200.0,95.27,0.46,0.39,21.0,0.015806151368423255
2025-10-03 17:30:56,1,1.0,0.0,1.1770247094999224,194617344.0,37683200.0,95.31,98.32,0.56,21.0,0.017863642258600276
2025-10-03 17:31:01,1,1.0,0.0,1.1776372471664824,194617344.0,37683200.0,95.31,98.32,0.56,21.0,0.019921468871005196
2025-10-03 17:31:07,1,1.0,0.0,1.1777664084167252,194617344.0,37683200.0,95.35000000000001,91.71,0.56,21.0,0.017691450805654485
2025-10-03 17:31:12,1,1.0,0.0,1.177895569666968,194617344.0,37683200.0,95.35000000000001,91.71,0.56,21.0,0.015461437405340273
2025-10-03 17:31:17,1,1.0,0.0,1.2839199766364222,194617344.0,37683200.0,95.38,95.57,0.56,21.0,0.015255947218903861
2025-10-03 17:31:22,1,1.0,0.0,1.4111492649997672,194617344.0,37683200.0,95.38,95.57,0.56,21.0,0.014999700005999879
2025-10-03 17:31:27,1,1.0,0.0,1.1750276033332434,194617344.0,37683200.0,95.42,92.21,0.56,21.0,0.015118361267540814
2025-10-03 17:31:32,1,1.0,0.0,1.1750276033332436,194617344.0,37683200.0,95.42,92.21,0.56,21.0,0.015118361267540813
2025-10-03 17:31:37,1,1.0,0.0,1.174294267333001,194617344.0,37683200.0,95.46000000000001,93.34,0.56,21.0,0.01539452792415491
2025-10-03 17:31:42,1,1.0,0.0,1.174294267333001,194617344.0,37683200.0,95.46000000000001,93.34,0.56,21.0,0.015394527924154912
2025-10-03 17:31:47,1,1.0,0.0,1.1769805701672642,194617344.0,37683200.0,95.49000000000001,94.44,0.56,21.0,0.015808300560622542
2025-10-03 17:31:53,0,1.0,0.0,1.1769805701672644,194617344.0,37683200.0,95.49000000000001,94.44,0.56,21.0,0.015808300560622542
2025-10-03 17:31:58,0,1.0,0.0,1.1798098886665684,194617344.0,37683200.0,95.56,0.02,0.39,21.0,0.017552961160072714
2025-10-03 17:32:03,0,1.0,0.0,1.1798098886665684,194617344.0,37683200.0,95.56,0.02,0.39,21.0,0.01755296116007271
2025-10-03 17:32:08,0,1.0,0.0,1.1763721931668745,194617344.0,37683200.0,95.64000000000001,0.02,0.39,21.0,0.01518533471958697
2025-10-03 17:32:13,0,1.0,0.0,1.1763721931668745,194617344.0,37683200.0,95.64000000000001,0.02,0.39,21.0,0.015185334719586968
2025-10-03 17:32:18,0,1.0,0.0,1.1763528605000222,194617344.0,37683200.0,95.69999999999999,0.02,0.39,21.0,0.015394173684937182
2025-10-03 17:32:23,0,1.0,0.0,1.1763528605000222,194617344.0,37683200.0,95.69999999999999,0.02,0.39,21.0,0.01539417368493718
2025-10-03 17:32:28,0,1.0,0.0,1.1774082483328434,194617344.0,37683200.0,95.77000000000001,0.02,0.39,21.0,0.015532238022918678
2025-10-03 17:32:33,0,1.0,0.0,1.1774082483328432,194617344.0,37683200.0,95.77000000000001,0.02,0.39,21.0,0.015532238022918681
2025-10-03 17:32:38,0,1.0,0.0,1.1762363379997018,194617344.0,37683200.0,95.84,0.02,0.39,21.0,0.015532205531347858
2025-10-03 17:32:43,0,1.0,0.0,1.1762363379997018,194617344.0,37683200.0,95.84,0.02,0.39,21.0,0.015532205531347862
2025-10-03 17:32:48,0,1.0,0.0,1.1769629936667723,194617344.0,37683200.0,95.91,0.01,0.39,21.0,0.015532595439169754
2025-10-03 17:32:53,0,1.0,0.0,1.176962993666772,194617344.0,37683200.0,95.91,0.01,0.39,21.0,0.015532595439169752
2025-10-03 17:32:58,0,1.0,0.0,1.1760347351667708,194617344.0,37683200.0,95.97999999999999,0.46,0.39,21.0,0.015532595439169756
2025-10-03 17:33:03,0,1.0,0.0,1.1760347351667708,194617344.0,37683200.0,95.97999999999999,0.46,0.39,21.0,0.015532595439169754
2025-10-03 17:33:09,0,1.0,0.0,1.1787961588333928,194617344.0,37683200.0,96.04,0.64,0.39,21.0,0.01580833362968293
2025-10-03 17:33:14,0,1.0,0.0,1.178796158833393,194617344.0,37683200.0,96.04,0.64,0.39,21.0,0.01580833362968293
2025-10-03 17:33:19,0,1.0,0.0,1.1751559813331671,194617344.0,37683200.0,96.11,0.48,0.39,21.0,0.015118392894125228
2025-10-03 17:33:24,0,1.0,0.0,1.1751559813331671,194617344.0,37683200.0,96.11,0.48,0.39,21.0,0.015118392894125228
2025-10-03 17:33:29,0,1.0,0.0,1.1769819719996424,194617344.0,37683200.0,96.17,0.29,0.39,21.0,0.015532562946103577
2025-10-03 17:33:34,0,1.0,0.0,1.1769819719996424,194617344.0,37683200.0,96.17,0.29,0.39,21.0,0.015602673668134606
2025-10-03 17:33:39,0,1.0,0.0,1.1748819883335575,194617344.0,37683200.0,96.25,0.47,0.39,21.0,0.015672794071495223
2025-10-03 17:33:44,0,1.0,0.0,1.1752395960000588,194617344.0,37683200.0,96.33,0.49,0.39,21.0,0.01546459691000952
2025-10-03 17:33:49,0,1.0,0.0,1.17559720366656,194617344.0,37683200.0,96.33,0.49,0.39,21.0,0.015256428493728404
2025-10-03 17:33:54,0,1.0,0.0,1.1767984895000154,194617344.0,37683200.0,96.39999999999999,0.5,0.39,21.0,0.01620100628667664
2025-10-03 17:33:59,0,1.0,0.0,1.1779997753334706,194617344.0,37683200.0,96.39999999999999,0.5,0.39,21.0,0.017145714512869222
2025-10-03 17:34:04,0,1.0,0.0,1.176881403333482,194617344.0,37683200.0,96.46000000000001,0.29,0.39,21.0,0.016270980767520805
2025-10-03 17:34:09,0,1.0,0.0,1.1757630313334932,194617344.0,37683200.0,96.46000000000001,0.29,0.39,21.0,0.015396267153165555
2025-10-03 17:34:14,0,1.0,0.0,1.1757218097501816,194617344.0,37683200.0,96.53,0.53,0.39,21.0,0.015395188140747041
2025-10-03 17:34:20,0,1.0,0.0,1.17568058816687,194617344.0,37683200.0,96.53,0.53,0.39,21.0,0.015394109279558196
2025-10-03 17:34:25,0,1.0,0.0,1.175524760916687,194617344.0,37683200.0,96.59,0.45,0.39,21.0,0.015463351417839962
2025-10-03 17:34:30,0,1.0,0.0,1.1753689336665047,194617344.0,37683200.0,96.59,0.45,0.39,21.0,0.015532595439169754
2025-10-03 17:34:35,0,1.0,0.0,1.1756210407500778,194617344.0,37683200.0,96.64999999999999,0.49,0.39,21.0,0.015325478136718076
2025-10-03 17:34:40,0,1.0,0.0,1.175873147833651,194617344.0,37683200.0,96.64999999999999,0.49,0.39,21.0,0.015118361267540813
2025-10-03 17:34:45,0,1.0,0.0,1.1757456586668316,194617344.0,37683200.0,96.71000000000001,0.51,0.39,21.0,0.015051216817862284
2025-10-03 17:34:50,0,1.0,0.0,1.1756181695000123,194617344.0,37683200.0,96.71000000000001,0.51,0.39,21.0,0.014984055508591613
2025-10-03 17:34:55,0,1.0,0.0,1.175569088833375,194617344.0,37683200.0,96.77000000000001,0.54,0.39,21.0,0.015396234941649546
2025-10-03 17:35:00,0,1.0,0.0,1.1755200081667379,194617344.0,37683200.0,96.77000000000001,0.54,0.39,21.0,0.015808300560622542
2025-10-03 17:35:05,0,1.0,0.0,1.1753500101664636,194617344.0,37683200.0,96.83,0.44,0.39,21.0,0.015670253190374434
2025-10-03 17:35:10,0,1.0,0.0,1.1751800121661897,194617344.0,37683200.0,96.83,0.44,0.39,21.0,0.01553220553134786
2025-10-03 17:35:15,0,1.0,0.0,1.1756982992498402,194617344.0,37683200.0,96.89999999999999,0.26,0.39,21.0,0.01567044987432889
2025-10-03 17:35:20,0,1.0,0.0,1.1762165863334908,194617344.0,37683200.0,96.89999999999999,0.26,0.39,21.0,0.01580869739847875
2025-10-03 17:35:25,0,1.0,0.0,1.175797554666739,194617344.0,37683200.0,96.96,0.26,0.39,21.0,0.01580849897706021
2025-10-03 17:35:30,0,1.0,0.0,1.1753785229999874,194617344.0,37683200.0,96.96,0.26,0.39,21.0,0.015808300560622542
2025-10-03 17:35:36,0,1.0,0.0,1.175953220416886,194617344.0,37683200.0,97.02,0.26,0.39,21.0,0.01580849897706021
2025-10-03 17:35:41,0,1.0,0.0,1.1765279178337853,194617344.0,37683200.0,97.02,0.26,0.39,21.0,0.01580869739847875
2025-10-03 17:35:46,0,1.0,0.0,1.2830483725460495,194617344.0,37683200.0,97.09,0.02,0.39,21.0,0.015986466827123468
2025-10-03 17:35:51,0,1.0,0.0,1.4108729182007664,194617344.0,37683200.0,97.09,0.02,0.39,21.0,0.01620819124204528
2025-10-03 17:35:56,0,1.0,0.0,1.282744040818381,194617344.0,37683200.0,97.16,0.01,0.39,21.0,0.01695710276782179
2025-10-03 17:36:01,0,1.0,0.0,1.1759699763330596,194617344.0,37683200.0,97.16,0.01,0.39,21.0,0.01755754893018819
2025-10-03 17:36:06,0,1.0,0.0,1.176320592249643,194617344.0,37683200.0,97.23,0.01,0.39,21.0,0.016476039558393607
2025-10-03 17:36:11,0,1.0,0.0,1.176671208166226,194617344.0,37683200.0,97.23,0.01,0.39,21.0,0.01539452792415491
2025-10-03 17:36:16,0,1.0,0.0,1.1759033679997324,194617344.0,37683200.0,97.3,0.02,0.39,21.0,0.015623714812543535
2025-10-03 17:36:21,0,1.0,0.0,1.1751355278332387,194617344.0,37683200.0,97.3,0.02,0.39,21.0,0.015850807153695
2025-10-03 17:36:26,0,1.0,0.0,1.1756422428332673,194617344.0,37683200.0,97.36999999999999,0.02,0.39,21.0,0.01684325702868471
2025-10-03 17:36:31,0,1.0,0.0,1.176148957833296,194617344.0,37683200.0,97.36999999999999,0.02,0.39,21.0,0.017842790548143386
2025-10-03 17:36:36,0,1.0,0.0,1.1765713129999917,194617344.0,37683200.0,97.44,0.02,0.39,21.0,0.017840109040282704
2025-10-03 17:36:41,0,1.0,0.0,1.1769936681666877,194617344.0,37683200.0,97.44,0.02,0.39,21.0,0.017837428338282956
2025-10-03 17:36:46,0,1.0,0.0,1.1770720647502153,194617344.0,37683200.0,97.52,0.02,0.39,21.0,0.01776998575520874
2025-10-03 17:36:52,0,1.0,0.0,1.1771504613337431,194617344.0,37683200.0,97.52,0.02,0.39,21.0,0.017702532332534587
2025-10-03 17:36:57,0,1.0,0.0,1.1766550712501762,194617344.0,37683200.0,97.59,0.02,0.39,21.0,0.017568418184722052
2025-10-03 17:37:02,0,1.0,0.0,1.1761596811666095,194617344.0,37683200.0,97.59,0.02,0.39,21.0,0.01743424830596072
2025-10-03 17:37:07,0,1.0,0.0,1.1764234051664364,194617344.0,37683200.0,97.64999999999999,0.02,0.39,21.0,0.01743306519390083
2025-10-03 17:37:12,0,1.0,0.0,1.1766871291662633,194617344.0,37683200.0,97.64999999999999,0.02,0.39,21.0,0.017431882242405262
2025-10-03 17:37:17,0,1.0,0.0,1.1759669011662481,194617344.0,37683200.0,97.71,0.02,0.39,21.0,0.017842380821162854
2025-10-03 17:37:22,0,1.0,0.0,1.1759669011662481,194617344.0,37683200.0,97.71,0.02,0.39,21.0,0.017842380821162854
2025-10-03 17:37:27,0,1.0,0.0,1.1754779116660452,194617344.0,37683200.0,97.78,0.02,0.39,21.0,0.017707411181078686
2025-10-03 17:37:32,0,1.0,0.0,1.1754779116660454,194617344.0,37683200.0,97.78,0.02,0.39,21.0,0.01770741118107869
2025-10-03 17:37:37,0,1.0,0.0,1.177188101833053,194617344.0,37683200.0,97.84,0.02,0.39,21.0,0.017291661882563668
2025-10-03 17:37:42,0,1.0,0.0,1.1771881018330532,194617344.0,37683200.0,97.84,0.02,0.39,21.0,0.017291661882563668
2025-10-03 17:37:47,0,1.0,0.0,1.176173148167133,194617344.0,37683200.0,97.9,0.02,0.39,21.0,0.01770256928340183
2025-10-03 17:37:52,0,1.0,0.0,1.176173148167133,194617344.0,37683200.0,97.9,0.02,0.39,21.0,0.017702569283401835
2025-10-03 17:37:57,0,1.0,0.0,1.1761358038332521,194617344.0,37683200.0,97.97,0.02,0.39,21.0,0.019588072214706816
2025-10-03 17:38:02,0,1.0,0.0,1.1761358038332523,194617344.0,37683200.0,97.97,0.02,0.39,21.0,0.019588072214706816
2025-10-03 17:38:08,0,1.0,0.0,1.177589156167111,194617344.0,37683200.0,98.05000000000001,0.02,0.39,21.0,0.018113287877934096
2025-10-03 17:38:13,0,1.0,0.0,1.177589156167111,194617344.0,37683200.0,98.05000000000001,0.02,0.39,21.0,0.0181132878779341
2025-10-03 17:38:18,0,1.0,0.0,1.1764078059998913,194617344.0,37683200.0,98.13,0.02,0.39,21.0,0.017842269080706675
2025-10-03 17:38:23,0,1.0,0.0,1.1764078059998915,194617344.0,37683200.0,98.13,0.02,0.39,21.0,0.017842269080706675
2025-10-03 17:38:28,0,1.0,0.0,1.1767080043334013,194617344.0,37683200.0,98.19,0.02,0.39,21.0,0.017842716050929085
2025-10-03 17:38:33,0,1.0,0.0,1.1767080043334015,194617344.0,37683200.0,98.19,0.02,0.39,21.0,0.01784271605092909
2025-10-03 17:38:38,0,1.0,0.0,1.1755048980000236,194617344.0,37683200.0,98.25,0.56,0.39,21.0,0.017884091549516264
2025-10-03 17:38:43,0,1.0,0.0,1.1755048980000236,194617344.0,37683200.0,98.25,0.56,0.39,21.0,0.017884091549516264
2025-10-03 17:38:48,0,1.0,0.0,1.175747867499922,194617344.0,37683200.0,98.31,0.56,0.39,21.0,0.01688522433226613
2025-10-03 17:38:53,0,1.0,0.0,1.175747867499922,194617344.0,37683200.0,98.31,0.56,0.39,21.0,0.01688522433226613
2025-10-03 17:38:58,0,1.0,0.0,1.1749759583335617,194617344.0,37683200.0,98.38,0.49,0.39,21.0,0.017567152868675356
2025-10-03 17:39:03,0,1.0,0.0,1.1749759583335617,194617344.0,37683200.0,98.38,0.49,0.39,21.0,0.017567152868675353
2025-10-03 17:39:08,0,1.0,0.0,1.1765713783333922,194617344.0,37683200.0,98.44000000000001,0.5,0.39,21.0,0.017702495381821597
2025-10-03 17:39:13,0,1.0,0.0,1.1765713783333922,194617344.0,37683200.0,98.44000000000001,0.5,0.39,21.0,0.017702495381821597
2025-10-03 17:39:18,0,1.0,0.0,1.1749244456668746,194617344.0,37683200.0,98.5,0.37,0.39,21.0,0.017842306327369894
2025-10-03 17:39:24,0,1.0,0.0,1.1749244456668748,194617344.0,37683200.0,98.5,0.37,0.39,21.0,0.017842306327369894
2025-10-03 17:39:29,0,1.0,0.0,1.1764931068337319,194617344.0,37683200.0,98.58,0.48,0.39,21.0,0.01729162578441729
2025-10-03 17:39:34,0,1.0,0.0,1.1764931068337319,194617344.0,37683200.0,98.58,0.48,0.39,21.0,0.017291625784417286
2025-10-03 17:39:39,0,1.0,0.0,1.1759511491666976,194617344.0,37683200.0,98.64999999999999,0.48,0.39,21.0,0.017837837837837836
2025-10-03 17:39:44,0,1.0,0.0,1.1759511491666976,194617344.0,37683200.0,98.64999999999999,0.48,0.39,21.0,0.017837837837837836
2025-10-03 17:39:49,0,1.0,0.0,1.178340200499406,194617344.0,37683200.0,98.73,0.62,0.39,21.0,0.017842306327369894
2025-10-03 17:39:54,0,1.0,0.0,1.1768974010828968,194617344.0,37683200.0,98.79,0.54,0.39,21.0,0.018300517161301096
2025-10-03 17:39:59,0,1.0,0.0,1.175454601666388,194617344.0,37683200.0,98.79,0.54,0.39,21.0,0.018758675391631965
2025-10-03 17:40:04,0,1.0,0.0,1.1759774084997239,194617344.0,37683200.0,98.86000000000001,0.57,0.39,21.0,0.018435978648243905
2025-10-03 17:40:09,0,1.0,0.0,1.1765002153330593,194617344.0,37683200.0,98.86000000000001,0.57,0.39,21.0,0.018113325680893248
2025-10-03 17:40:14,0,1.0,0.0,1.176138261166367,194617344.0,37683200.0,98.92,0.28,0.39,21.0,0.01776998575520874
2025-10-03 17:40:19,0,1.0,0.0,1.1757763069996752,194617344.0,37683200.0,98.92,0.28,0.39,21.0,0.01742660641417673
2025-10-03 17:40:24,0,1.0,0.0,1.176694573916393,194617344.0,37683200.0,98.99,0.27,0.39,21.0,0.017634644729124092
2025-10-03 17:40:29,0,1.0,0.0,1.177612840833111,194617344.0,37683200.0,98.99,0.27,0.39,21.0,0.017842716050929085
2025-10-03 17:40:35,0,1.0,0.0,1.1767237721664967,194617344.0,37683200.0,99.06,0.26,0.39,21.0,0.01784273467517434
2025-10-03 17:40:40,0,1.0,0.0,1.1758347034998828,194617344.0,37683200.0,99.06,0.26,0.39,21.0,0.017842753299458475
2025-10-03 17:40:45,0,1.0,0.0,1.1762137120833056,194617344.0,37683200.0,99.13000000000001,0.31,0.39,21.0,0.017910429067499147
2025-10-03 17:40:50,0,1.0,0.0,1.1765927206667282,194617344.0,37683200.0,99.13000000000001,0.31,0.39,21.0,0.01797809565357151
2025-10-03 17:40:55,0,1.0,0.0,1.1762463806664223,194617344.0,37683200.0,99.19999999999999,0.3,0.39,21.0,0.01763587798928445
2025-10-03 17:41:00,0,1.0,0.0,1.1759000406661166,194617344.0,37683200.0,99.19999999999999,0.3,0.39,21.0,0.01729357530002255
2025-10-03 17:41:05,0,1.0,0.0,1.1760473932496702,194617344.0,37683200.0,99.25,0.29,0.39,21.0,0.017567959715822853
2025-10-03 17:41:10,0,1.0,0.0,1.176194745833224,194617344.0,37683200.0,99.25,0.29,0.39,21.0,0.017842306327369894
2025-10-03 17:41:15,0,1.0,0.0,1.1753378325000388,194617344.0,37683200.0,99.32,0.46,0.39,21.0,0.017704731177632875
2025-10-03 17:41:20,0,1.0,0.0,1.1744809191668537,194617344.0,37683200.0,99.32,0.46,0.39,21.0,0.017567152868675356
2025-10-03 17:41:25,0,1.0,0.0,1.2840799341817977,194617344.0,37683200.0,99.38000000000001,0.02,0.39,21.0,0.017710874919769862
2025-10-03 17:41:30,0,1.0,0.0,1.4155987521997304,194617344.0,37683200.0,99.38000000000001,0.02,0.39,21.0,0.017890102909745055
2025-10-03 17:41:35,0,1.0,0.0,1.285019511636082,194617344.0,37683200.0,99.44,0.02,0.39,21.0,0.017559064149964023
2025-10-03 17:41:40,0,1.0,0.0,1.1762034778330417,194617344.0,37683200.0,99.44,0.02,0.39,21.0,0.017293575300022547
2025-10-03 17:41:45,0,1.0,0.0,1.175779772499633,194617344.0,37683200.0,99.5,0.02,0.39,21.0,0.01743037193770662
2025-10-03 17:41:51,0,1.0,0.0,1.1753560671662249,194617344.0,37683200.0,99.5,0.02,0.39,21.0,0.017567152868675356
2025-10-03 17:41:56,0,1.0,0.0,1.1753865089996602,194617344.0,37683200.0,99.57,0.02,0.39,21.0,0.01857757059487264
2025-10-03 17:42:01,0,1.0,0.0,1.175416950833096,194617344.0,37683200.0,99.57,0.02,0.39,21.0,0.019587990430422243
2025-10-03 17:42:06,0,1.0,0.0,1.1757619915000153,194617344.0,37683200.0,99.64,0.02,0.39,21.0,0.018715371864940357
2025-10-03 17:42:11,0,1.0,0.0,1.1761070321669347,194617344.0,37683200.0,99.64,0.02,0.39,21.0,0.017842753299458475
2025-10-03 17:42:16,0,1.0,0.0,1.1759112240833929,194617344.0,37683200.0,99.71000000000001,0.02,0.39,21.0,0.017704971420698178
2025-10-03 17:42:21,0,1.0,0.0,1.175715415999851,194617344.0,37683200.0,99.71000000000001,0.02,0.39,21.0,0.01756718954193788
2025-10-03 17:42:26,0,1.0,0.0,1.176209942333268,194617344.0,37683200.0,99.78,0.03,0.39,21.0,0.017429189351681754
2025-10-03 17:42:31,0,1.0,0.0,1.176704468666685,194617344.0,37683200.0,99.78,0.03,0.39,21.0,0.01729119261841638
2025-10-03 17:42:36,0,1.0,0.0,1.1757651952498234,194617344.0,37683200.0,99.84,0.02,0.39,21.0,0.017430390132591216
2025-10-03 17:42:41,0,1.0,0.0,1.1748259218329622,194617344.0,37683200.0,99.84,0.02,0.39,21.0,0.01756961031585629
2025-10-03 17:42:46,0,1.0,0.0,1.175303431582961,194617344.0,37683200.0,99.91,0.02,0.39,21.0,0.017428207017624427
2025-10-03 17:42:51,0,1.0,0.0,1.1757809413329594,194617344.0,37683200.0,99.91,0.02,0.39,21.0,0.01728686215172702
2025-10-03 17:42:56,0,1.0,0.0,1.1759380419166516,194617344.0,37683200.0,99.98,0.02,0.39,21.0,0.017150299404947018
2025-10-03 17:43:01,0,1.0,0.0,1.176095142500344,194617344.0,37683200.0,99.98,0.02,0.39,21.0,0.017013717844887324
2025-10-03 17:43:06,0,1.0,0.0,1.1763592574170616,194617344.0,37683200.0,100.05,0.02,0.39,21.0,0.017222716867928898
2025-10-03 17:43:11,0,1.0,0.0,1.1766233723337791,194617344.0,37683200.0,100.05,0.02,0.39,21.0,0.017431773054976167
2025-10-03 17:43:17,0,1.0,0.0,1.1762510192502302,194617344.0,37683200.0,100.12,0.02,0.39,21.0,0.01763725870902281
2025-10-03 17:43:22,0,1.0,0.0,1.1758786661666818,194617344.0,37683200.0,100.12,0.02,0.39,21.0,0.01784271605092909
2025-10-03 17:43:27,0,1.0,0.0,1.176581822500187,194617344.0,37683200.0,100.19999999999999,0.02,0.39,21.0,0.01756957363248586
2025-10-03 17:43:32,0,1.0,0.0,1.1772849788336923,194617344.0,37683200.0,100.19999999999999,0.02,0.39,21.0,0.017296355925301793
2025-10-03 17:43:37,0,1.0,0.0,1.1765672312502222,194617344.0,37683200.0,100.25,0.02,0.39,21.0,0.017427934166704066
2025-10-03 17:43:42,0,1.0,0.0,1.1758494836667523,194617344.0,37683200.0,100.25,0.02,0.39,21.0,0.017559418233416106
2025-10-03 17:43:47,0,1.0,0.0,1.176752362666169,194617344.0,37683200.0,100.3,0.02,0.39,21.0,0.017569536949268615
2025-10-03 17:43:52,0,1.0,0.0,1.176752362666169,194617344.0,37683200.0,100.3,0.02,0.39,21.0,0.017569536949268615
2025-10-03 17:43:57,0,1.0,0.0,1.1741025068331508,194617344.0,37683200.0,100.35,0.02,0.39,21.0,0.01958799043042224
2025-10-03 17:44:02,0,1.0,0.0,1.174102506833151,194617344.0,37683200.0,100.35,0.02,0.39,21.0,0.01958799043042224
2025-10-03 17:44:07,0,1.0,0.0,1.176084737833359,194617344.0,37683200.0,100.41,0.07,0.39,21.0,0.017842716050929085
2025-10-03 17:44:12,0,1.0,0.0,1.176084737833359,194617344.0,37683200.0,100.41,0.07,0.39,21.0,0.01784271605092909
2025-10-03 17:44:17,0,1.0,0.0,1.175179075666468,194617344.0,37683200.0,100.48,0.49,0.39,21.0,0.017013682331945272
2025-10-03 17:44:22,0,1.0,0.0,1.175179075666468,194617344.0,37683200.0,100.48,0.49,0.39,21.0,0.017013682331945272
2025-10-03 17:44:27,0,1.0,0.0,1.1753378531666385,194617344.0,37683200.0,100.54,0.47,0.39,21.0,0.017842678802555217
2025-10-03 17:44:33,0,1.0,0.0,1.1753378531666383,194617344.0,37683200.0,100.54,0.47,0.39,21.0,0.017842678802555217
2025-10-03 17:44:38,0,1.0,0.0,1.1761513353339978,194617344.0,37683200.0,100.6,0.48,0.39,21.0,0.017837763381974823
2025-10-03 17:44:43,0,1.0,0.0,1.1761513353339978,194617344.0,37683200.0,100.6,0.48,0.39,21.0,0.017837763381974823
2025-10-03 17:44:48,0,1.0,0.0,1.1747633651672609,194617344.0,37683200.0,100.66999999999999,0.54,0.39,21.0,0.01797802060177213
2025-10-03 17:44:53,0,1.0,0.0,1.174763365167261,194617344.0,37683200.0,100.66999999999999,0.54,0.39,21.0,0.01797802060177213
2025-10-03 17:44:58,0,1.0,0.0,1.1760805885005539,194617344.0,37683200.0,100.75999999999999,0.53,0.39,21.0,0.017977532780349737
2025-10-03 17:45:03,0,1.0,0.0,1.1760805885005539,194617344.0,37683200.0,100.75999999999999,0.53,0.39,21.0,0.01797753278034974
2025-10-03 17:45:21,1,1.0,0.0,1.1760384493330396,194617344.0,37683200.0,100.88,0.48,0.39,21.0,0.018003010243595928
2025-10-03 17:45:26,1,1.0,0.0,1.175255961249756,194617344.0,37683200.0,100.91,98.07,0.56,21.0,0.02013187473778468
2025-10-03 17:45:31,1,1.0,0.0,1.174473473166472,194617344.0,37683200.0,100.91,98.07,0.56,21.0,0.022260206072824643
2025-10-03 17:45:36,1,1.0,0.0,1.1737410408331925,194617344.0,37683200.0,100.95,95.12,0.56,21.0,0.020086503998513736
2025-10-03 17:45:41,1,1.0,0.0,1.173008608499913,194617344.0,37683200.0,100.95,95.12,0.56,21.0,0.017911912392604732
2025-10-03 17:45:46,1,1.0,0.0,1.1731570590000047,194617344.0,37683200.0,100.99000000000001,96.62,0.56,21.0,0.01753038279609397
2025-10-03 17:45:52,1,1.0,0.0,1.1733055095000964,194617344.0,37683200.0,100.99000000000001,96.62,0.56,21.0,0.017149010858744495
2025-10-03 17:45:57,1,1.0,0.0,1.1751148949168357,194617344.0,37683200.0,101.02000000000001,97.04,0.56,21.0,0.017151158543330835
2025-10-03 17:46:02,1,1.0,0.0,1.1769242803335753,194617344.0,37683200.0,101.02000000000001,97.04,0.56,21.0,0.01715330676592218
2025-10-03 17:46:07,1,1.0,0.0,1.4107542860001558,194617344.0,37683200.0,101.05999999999999,104.12,0.56,21.0,0.018236259015283675
2025-10-03 17:46:12,1,1.0,0.0,1.4107542860001556,194617344.0,37683200.0,101.05999999999999,104.12,0.56,21.0,0.018236259015283675
2025-10-03 17:46:17,1,1.0,0.0,1.1776828593337993,194617344.0,37683200.0,101.1,101.08,0.56,21.0,0.017426460919350698
2025-10-03 17:46:22,0,1.0,0.0,1.1776828593337996,194617344.0,37683200.0,101.1,101.08,0.56,21.0,0.017426460919350698
2025-10-03 17:46:27,0,1.0,0.0,1.177034434333412,194617344.0,37683200.0,101.16,0.02,0.39,21.0,0.020272597652294992
2025-10-03 17:46:32,0,1.0,0.0,1.177034434333412,194617344.0,37683200.0,101.16,0.02,0.39,21.0,0.020272597652294992
2025-10-03 17:46:37,0,1.0,0.0,1.1757287108336336,194617344.0,37683200.0,101.22,0.02,0.39,21.0,0.01804477692940307
2025-10-03 17:46:42,0,1.0,0.0,1.1757287108336338,194617344.0,37683200.0,101.22,0.02,0.39,21.0,0.01804477692940307
2025-10-03 17:46:47,0,1.0,0.0,1.1757710421670706,194617344.0,37683200.0,101.31,0.02,0.39,21.0,0.017567116195565946
2025-10-03 17:46:53,0,1.0,0.0,1.1757710421670708,194617344.0,37683200.0,101.31,0.02,0.39,21.0,0.01756711619556595
2025-10-03 17:46:58,0,1.0,0.0,1.1777333818336047,194617344.0,37683200.0,101.37,0.02,0.39,21.0,0.017700020035395864
2025-10-03 17:47:03,0,1.0,0.0,1.1777333818336047,194617344.0,37683200.0,101.37,0.02,0.39,21.0,0.017700020035395864
2025-10-03 17:47:08,0,1.0,0.0,1.1750070458332023,194617344.0,37683200.0,101.42,0.02,0.39,21.0,0.01714908243956498
2025-10-03 17:47:13,0,1.0,0.0,1.1750070458332023,194617344.0,37683200.0,101.42,0.02,0.39,21.0,0.017149082439564978
2025-10-03 17:47:18,0,1.0,0.0,1.172922438333141,194617344.0,37683200.0,101.47999999999999,0.02,0.39,21.0,0.017567116195565946
2025-10-03 17:47:23,0,1.0,0.0,1.172922438333141,194617344.0,37683200.0,101.47999999999999,0.02,0.39,21.0,0.017567116195565946
2025-10-03 17:47:28,0,1.0,0.0,1.1753325393331884,194617344.0,37683200.0,101.53999999999999,0.02,0.39,21.0,0.01660223116618514
2025-10-03 17:47:33,0,1.0,0.0,1.1753325393331884,194617344.0,37683200.0,101.53999999999999,0.02,0.39,21.0,0.016602231166185137
2025-10-03 17:47:38,0,1.0,0.0,1.1756170933337369,194617344.0,37683200.0,101.60000000000001,0.02,0.39,21.0,0.01756425616470952
2025-10-03 17:47:43,0,1.0,0.0,1.1756170933337367,194617344.0,37683200.0,101.60000000000001,0.02,0.39,21.0,0.017564256164709514
2025-10-03 17:47:48,0,1.0,0.0,1.1763671596666732,194617344.0,37683200.0,101.66999999999999,0.03,0.39,21.0,0.01756909676260945
2025-10-03 17:47:53,0,1.0,0.0,1.176367159666673,194617344.0,37683200.0,101.66999999999999,0.03,0.39,21.0,0.017569096762609454
2025-10-03 17:47:59,0,1.0,0.0,1.1754859066665329,194617344.0,37683200.0,101.74,0.02,0.39,21.0,0.017148617174912974
2025-10-03 17:48:04,0,1.0,0.0,1.1754859066665326,194617344.0,37683200.0,101.74,0.02,0.39,21.0,0.017148617174912974
2025-10-03 17:48:09,0,1.0,0.0,1.1762299160003145,194617344.0,37683200.0,101.8,0.02,0.39,21.0,0.017842678802555217
2025-10-03 17:48:14,0,1.0,0.0,1.1762299160003145,194617344.0,37683200.0,101.8,0.02,0.39,21.0,0.017842678802555214
2025-10-03 17:48:19,0,1.0,0.0,1.176504408666915,194617344.0,37683200.0,101.85000000000001,0.02,0.39,21.0,0.01756718954193788
2025-10-03 17:48:24,0,1.0,0.0,1.176504408666915,194617344.0,37683200.0,101.85000000000001,0.02,0.39,21.0,0.01756718954193788
2025-10-03 17:48:29,0,1.0,0.0,1.1759783498331065,194617344.0,37683200.0,101.93,0.02,0.39,21.0,0.019176726531737114
2025-10-03 17:48:34,0,1.0,0.0,1.1759783498331065,194617344.0,37683200.0,102.0,0.46,0.39,21.0,0.01837189517581173
2025-10-03 17:48:39,0,1.0,0.0,1.1771290686662421,194617344.0,37683200.0,102.0,0.46,0.39,21.0,0.017567152868675353
2025-10-03 17:48:44,0,1.0,0.0,1.1768327783333916,194617344.0,37683200.0,102.07000000000001,0.48,0.39,21.0,0.017567171205287477
2025-10-03 17:48:49,0,1.0,0.0,1.1765364880005411,194617344.0,37683200.0,102.07000000000001,0.48,0.39,21.0,0.017567189541937877
2025-10-03 17:48:54,0,1.0,0.0,1.1763093709170487,194617344.0,37683200.0,102.14,0.39,0.39,21.0,0.017704731177632875
2025-10-03 17:48:59,0,1.0,0.0,1.176082253833556,194617344.0,37683200.0,102.14,0.39,0.39,21.0,0.017842269080706675
2025-10-03 17:49:04,0,1.0,0.0,1.1763322148332613,194617344.0,37683200.0,102.21,0.49,0.39,21.0,0.017635841173050646
2025-10-03 17:49:09,0,1.0,0.0,1.1765821758329669,194617344.0,37683200.0,102.21,0.49,0.39,21.0,0.017429407663177583
2025-10-03 17:49:15,0,1.0,0.0,1.1760397623329482,194617344.0,37683200.0,102.28,0.45,0.39,21.0,0.017768947334918777
2025-10-03 17:49:20,0,1.0,0.0,1.1754973488329294,194617344.0,37683200.0,102.28,0.45,0.39,21.0,0.018108299272037606
2025-10-03 17:49:25,0,1.0,0.0,1.1764563290832182,194617344.0,37683200.0,102.37,0.75,0.39,21.0,0.01763239953414399
2025-10-03 17:49:30,0,1.0,0.0,1.177415309333507,194617344.0,37683200.0,102.37,0.75,0.39,21.0,0.017156171899956784
2025-10-03 17:49:35,0,1.0,0.0,1.1774805214169344,194617344.0,37683200.0,102.43,0.67,0.39,21.0,0.017499449358176065
2025-10-03 17:49:40,0,1.0,0.0,1.1775457335003618,194617344.0,37683200.0,102.43,0.67,0.39,21.0,0.017842678802555217
2025-10-03 17:49:45,0,1.0,0.0,1.1771077972501491,194617344.0,37683200.0,102.5,0.51,0.39,21.0,0.01736046236113561
2025-10-03 17:49:50,0,1.0,0.0,1.1766698609999366,194617344.0,37683200.0,102.5,0.51,0.39,21.0,0.01687824491304103
2025-10-03 17:49:55,0,1.0,0.0,1.1767958918330805,194617344.0,37683200.0,102.58,0.64,0.39,21.0,0.01736049860287233
2025-10-03 17:50:00,0,1.0,0.0,1.1769219226662242,194617344.0,37683200.0,102.58,0.64,0.39,21.0,0.01784275329945847
2025-10-03 17:50:05,0,1.0,0.0,1.1768487207497553,194617344.0,37683200.0,102.67,0.37,0.39,21.0,0.017567171205287477
2025-10-03 17:50:10,0,1.0,0.0,1.1767755188332862,194617344.0,37683200.0,102.67,0.37,0.39,21.0,0.017291589686421627
2025-10-03 17:50:15,0,1.0,0.0,1.1771584860831958,194617344.0,37683200.0,102.75999999999999,0.65,0.39,21.0,0.01736046236113561
2025-10-03 17:50:20,0,1.0,0.0,1.1775414533331057,194617344.0,37683200.0,102.75999999999999,0.65,0.39,21.0,0.017429334892071314
2025-10-03 17:50:26,0,1.0,0.0,1.1780925769166968,194617344.0,37683200.0,102.86,0.72,0.39,21.0,0.018508389941255796
2025-10-03 17:50:31,0,1.0,0.0,1.178643700500288,194617344.0,37683200.0,102.86,0.72,0.39,21.0,0.01958741795955176
2025-10-03 17:50:36,0,1.0,0.0,1.1784959082503217,194617344.0,37683200.0,102.95,0.64,0.39,21.0,0.01857855960316748
2025-10-03 17:50:41,0,1.0,0.0,1.1783481160003553,194617344.0,37683200.0,102.95,0.64,0.39,21.0,0.017569536949268612
2025-10-03 17:50:46,0,1.0,0.0,1.1789639601667354,194617344.0,37683200.0,103.03,0.66,0.39,21.0,0.017501213332567937
2025-10-03 17:50:51,0,1.0,0.0,1.1795798043331158,194617344.0,37683200.0,103.03,0.66,0.39,21.0,0.017432917806703942
2025-10-03 17:50:56,0,1.0,0.0,1.2855094906363693,194617344.0,37683200.0,103.08,0.03,0.39,21.0,0.017639023892912296
2025-10-03 17:51:01,0,1.0,0.0,1.412625114200273,194617344.0,37683200.0,103.08,0.03,0.39,21.0,0.017896206170961895
2025-10-03 17:51:06,0,1.0,0.0,1.2831630609092495,194617344.0,37683200.0,103.14999999999999,0.02,0.39,21.0,0.017866516185772834
2025-10-03 17:51:11,0,1.0,0.0,1.1752780165000634,194617344.0,37683200.0,103.14999999999999,0.02,0.39,21.0,0.017842716050929085
2025-10-03 17:51:16,0,1.0,0.0,1.1755693965833416,194617344.0,37683200.0,103.22,0.02,0.39,21.0,0.017842492563018633
2025-10-03 17:51:21,0,1.0,0.0,1.1758607766666196,194617344.0,37683200.0,103.22,0.02,0.39,21.0,0.017842269080706675
2025-10-03 17:51:26,0,1.0,0.0,1.1760333579165185,194617344.0,37683200.0,103.29,0.02,0.39,21.0,0.01756693283231564
2025-10-03 17:51:31,0,1.0,0.0,1.1762059391664177,194617344.0,37683200.0,103.29,0.02,0.39,21.0,0.017291589686421624
2025-10-03 17:51:36,0,1.0,0.0,1.1755719243331744,194617344.0,37683200.0,103.35,0.02,0.39,21.0,0.01708254580862915
2025-10-03 17:51:42,0,1.0,0.0,1.1749379094999313,194617344.0,37683200.0,103.35,0.02,0.39,21.0,0.01687355995592213
2025-10-03 17:51:47,0,1.0,0.0,1.1756308423332482,194617344.0,37683200.0,103.41,0.02,0.39,21.0,0.017358052625207163
2025-10-03 17:51:52,0,1.0,0.0,1.1763237751665658,194617344.0,37683200.0,103.41,0.02,0.39,21.0,0.017842678802555217
2025-10-03 17:51:57,0,1.0,0.0,1.176832145083305,194617344.0,37683200.0,103.47999999999999,0.02,0.39,21.0,0.017704897499060582
2025-10-03 17:52:02,0,1.0,0.0,1.1773405150000447,194617344.0,37683200.0,103.47999999999999,0.02,0.39,21.0,0.017567116195565946
2025-10-03 17:52:07,0,1.0,0.0,1.1765332835005513,194617344.0,37683200.0,103.53999999999999,0.02,0.39,21.0,0.018112796453823743
2025-10-03 17:52:12,0,1.0,0.0,1.1765332835005513,194617344.0,37683200.0,103.53999999999999,0.02,0.39,21.0,0.018112796453823743
2025-10-03 17:52:17,0,1.0,0.0,1.1756129940000999,194617344.0,37683200.0,103.62,0.03,0.39,21.0,0.01729112042619282
2025-10-03 17:52:22,0,1.0,0.0,1.1756129940000999,194617344.0,37683200.0,103.62,0.03,0.39,21.0,0.01729112042619282
2025-10-03 17:52:27,0,1.0,0.0,1.1750280363330603,194617344.0,37683200.0,103.67999999999999,0.02,0.39,21.0,0.019312346039831323
2025-10-03 17:52:32,0,1.0,0.0,1.1750280363330603,194617344.0,37683200.0,103.67999999999999,0.02,0.39,21.0,0.019312346039831323
2025-10-03 17:52:37,0,1.0,0.0,1.1764705103332744,194617344.0,37683200.0,103.75,0.02,0.39,21.0,0.017153378382609896
2025-10-03 17:52:42,0,1.0,0.0,1.1764705103332744,194617344.0,37683200.0,103.75,0.02,0.39,21.0,0.017153378382609896
2025-10-03 17:52:47,0,1.0,0.0,1.1762214189993756,194617344.0,37683200.0,103.82000000000001,0.02,0.39,21.0,0.017567152868675356
2025-10-03 17:52:52,0,1.0,0.0,1.1762214189993756,194617344.0,37683200.0,103.82000000000001,0.02,0.39,21.0,0.017567152868675353
2025-10-03 17:52:58,0,1.0,0.0,1.176843546333354,194617344.0,37683200.0,103.9,0.02,0.39,21.0,0.017834860088057927
2025-10-03 17:53:03,0,1.0,0.0,1.176843546333354,194617344.0,37683200.0,103.9,0.02,0.39,21.0,0.017834860088057927
2025-10-03 17:53:08,0,1.0,0.0,1.176454676500119,194617344.0,37683200.0,103.97,0.02,0.39,21.0,0.017842716050929085
2025-10-03 17:53:13,0,1.0,0.0,1.176454676500119,194617344.0,37683200.0,103.97,0.02,0.39,21.0,0.017842716050929085
2025-10-03 17:53:18,0,1.0,0.0,1.1773359241663761,194617344.0,37683200.0,104.03,0.02,0.39,21.0,0.017842678802555217
2025-10-03 17:53:23,0,1.0,0.0,1.1773359241663761,194617344.0,37683200.0,104.03,0.02,0.39,21.0,0.017842678802555217
2025-10-03 17:53:28,0,1.0,0.0,1.1763599229998363,194617344.0,37683200.0,104.09,0.01,0.39,21.0,0.017842678802555214
2025-10-03 17:53:33,0,1.0,0.0,1.1763599229998363,194617344.0,37683200.0,104.09,0.01,0.39,21.0,0.017842678802555214
2025-10-03 17:53:38,0,1.0,0.0,1.1746224108334598,194617344.0,37683200.0,104.15,0.47,0.39,21.0,0.017564696108840584
2025-10-03 17:53:43,0,1.0,0.0,1.1746224108334595,194617344.0,37683200.0,104.15,0.47,0.39,21.0,0.017564696108840584
2025-10-03 17:53:48,0,1.0,0.0,1.1757322961666432,194617344.0,37683200.0,104.22,0.55,0.39,21.0,0.017707374209995554
2025-10-03 17:53:53,0,1.0,0.0,1.1757322961666432,194617344.0,37683200.0,104.22,0.55,0.39,21.0,0.017707374209995554
2025-10-03 17:53:58,0,1.0,0.0,1.1759650880003394,194617344.0,37683200.0,104.29,0.51,0.39,21.0,0.017842678802555217
2025-10-03 17:54:03,0,1.0,0.0,1.1759650880003394,194617344.0,37683200.0,104.29,0.51,0.39,21.0,0.017842678802555217
2025-10-03 17:54:09,0,1.0,0.0,1.1761453005001383,194617344.0,37683200.0,104.36,0.61,0.39,21.0,0.017707337239066798
2025-10-03 17:54:14,0,1.0,0.0,1.1761453005001388,194617344.0,37683200.0,104.36,0.61,0.39,21.0,0.0177073372390668
2025-10-03 17:54:19,0,1.0,0.0,1.1750702589997672,194617344.0,37683200.0,104.42,0.52,0.39,21.0,0.017567152868675353
2025-10-03 17:54:24,0,1.0,0.0,1.1750702589997672,194617344.0,37683200.0,104.42,0.52,0.39,21.0,0.017567152868675356
2025-10-03 17:54:29,0,1.0,0.0,1.1753516895005303,194617344.0,37683200.0,104.5,0.28,0.39,21.0,0.019174564736336688
2025-10-03 17:54:34,0,1.0,0.0,1.1753516895005305,194617344.0,37683200.0,104.5,0.28,0.39,21.0,0.019174564736336684
2025-10-03 17:54:39,0,1.0,0.0,1.1775704641668199,194617344.0,37683200.0,104.56,0.57,0.39,21.0,0.017424642438990796
2025-10-03 17:54:44,0,1.0,0.0,1.176926247416759,194617344.0,37683200.0,104.62,0.5,0.39,21.0,0.017701313040447322
2025-10-03 17:54:49,0,1.0,0.0,1.1762820306666981,194617344.0,37683200.0,104.62,0.5,0.39,21.0,0.01797802060177213
2025-10-03 17:54:54,0,1.0,0.0,1.1757933798332183,194617344.0,37683200.0,104.69,0.47,0.39,21.0,0.017910410373843284
2025-10-03 17:54:59,0,1.0,0.0,1.175304728999739,194617344.0,37683200.0,104.69,0.47,0.39,21.0,0.017842790548143386
2025-10-03 17:55:04,0,1.0,0.0,1.1756426925001808,194617344.0,37683200.0,104.75,0.55,0.39,21.0,0.01784273467517434
2025-10-03 17:55:09,0,1.0,0.0,1.1759806560006232,194617344.0,37683200.0,104.75,0.55,0.39,21.0,0.017842678802555217
2025-10-03 17:55:14,0,1.0,0.0,1.1771337632506704,194617344.0,37683200.0,104.82,0.5,0.39,21.0,0.017704897499060582
2025-10-03 17:55:19,0,1.0,0.0,1.1782868705007181,194617344.0,37683200.0,104.82,0.5,0.39,21.0,0.01756711619556595
2025-10-03 17:55:24,0,1.0,0.0,1.1774239412504053,194617344.0,37683200.0,104.9,0.56,0.39,21.0,0.017429353084790912
2025-10-03 17:55:30,0,1.0,0.0,1.1765610120000929,194617344.0,37683200.0,104.9,0.56,0.39,21.0,0.01729158968642162
2025-10-03 17:55:35,0,1.0,0.0,1.1765238664165736,194617344.0,37683200.0,104.97,0.25,0.39,21.0,0.017567152868675353
2025-10-03 17:55:40,0,1.0,0.0,1.1764867208330543,194617344.0,37683200.0,104.97,0.25,0.39,21.0,0.017842716050929082
2025-10-03 17:55:45,0,1.0,0.0,1.1758484975831984,194617344.0,37683200.0,105.03,0.29,0.39,21.0,0.017772582337008992
2025-10-03 17:55:50,0,1.0,0.0,1.175210274333343,194617344.0,37683200.0,105.03,0.29,0.39,21.0,0.01770245843126286
2025-10-03 17:55:55,0,1.0,0.0,1.1759573314166119,194617344.0,37683200.0,105.09,0.47,0.39,21.0,0.01742813425654364
2025-10-03 17:56:00,0,1.0,0.0,1.176704388499881,194617344.0,37683200.0,105.09,0.47,0.39,21.0,0.017153772285082042
2025-10-03 17:56:05,0,1.0,0.0,1.1763354878333605,194617344.0,37683200.0,105.16999999999999,0.69,0.39,21.0,0.01742813425654364
2025-10-03 17:56:10,0,1.0,0.0,1.1759665871668403,194617344.0,37683200.0,105.16999999999999,0.69,0.39,21.0,0.017702458431262863
2025-10-03 17:56:28,1,1.0,0.0,1.4117340014003275,194617344.0,37683200.0,105.29,0.02,0.39,21.0,0.0223052102783659
2025-10-03 17:56:33,1,1.0,0.0,1.4117340014003277,194617344.0,37683200.0,105.29,0.02,0.39,21.0,0.0223052102783659
2025-10-03 17:56:38,1,1.0,0.0,1.1757530880001164,194617344.0,37683200.0,105.33,97.57,0.56,21.0,0.020957371299736963
2025-10-03 17:56:44,1,1.0,0.0,1.1757530880001164,194617344.0,37683200.0,105.33,97.57,0.56,21.0,0.020957371299736963
2025-10-03 17:56:49,1,1.0,0.0,1.175625414333505,194617344.0,37683200.0,105.36,95.72,0.56,21.0,0.017842641554336867
2025-10-03 17:56:54,1,1.0,0.0,1.175625414333505,194617344.0,37683200.0,105.36,95.72,0.56,21.0,0.017842641554336867
2025-10-03 17:56:59,1,1.0,0.0,1.1762304254995495,194617344.0,37683200.0,105.39999999999999,95.7,0.56,21.0,0.016740428374598135
2025-10-03 17:57:04,1,1.0,0.0,1.1762304254995493,194617344.0,37683200.0,105.39999999999999,95.7,0.56,21.0,0.01674042837459814
2025-10-03 17:57:09,1,1.0,0.0,1.1729433981669597,194617344.0,37683200.0,105.44,98.59,0.56,21.0,0.017566712801467963
2025-10-03 17:57:14,1,1.0,0.0,1.1754368082501967,194617344.0,37683200.0,105.47,95.94,0.56,21.0,0.01763457110710789
2025-10-03 17:57:19,1,1.0,0.0,1.1779302183334341,194617344.0,37683200.0,105.47,95.94,0.56,21.0,0.017702421480858384
2025-10-03 17:57:24,1,1.0,0.0,1.1771308901667605,194617344.0,37683200.0,105.51,98.77,0.56,21.0,0.017772526688014295
2025-10-03 17:57:29,0,1.0,0.0,1.1763315620000865,194617344.0,37683200.0,105.51,98.77,0.56,21.0,0.017842641554336867
2025-10-03 17:57:34,0,1.0,0.0,1.18307140500004,194617344.0,37683200.0,105.57000000000001,0.02,0.39,21.0,0.019091040988851206
2025-10-03 17:57:39,0,1.0,0.0,1.1898112479999932,194617344.0,37683200.0,105.57000000000001,0.02,0.39,21.0,0.020339443029518598
2025-10-03 17:57:44,0,1.0,0.0,1.1831777793333154,194617344.0,37683200.0,105.64,0.02,0.39,21.0,0.019090821792554055
2025-10-03 17:57:50,0,1.0,0.0,1.1765443106666378,194617344.0,37683200.0,105.64,0.02,0.39,21.0,0.017842231834198967
2025-10-03 17:57:55,0,1.0,0.0,1.1761145692500272,194617344.0,37683200.0,105.7,0.49,0.39,21.0,0.017842473939278805
2025-10-03 17:58:00,0,1.0,0.0,1.1756848278334169,194617344.0,37683200.0,105.7,0.49,0.39,21.0,0.017842716050929085
2025-10-03 17:58:05,0,1.0,0.0,1.1761242963336067,194617344.0,37683200.0,105.77000000000001,0.5,0.39,21.0,0.01784273467517434
2025-10-03 17:58:10,0,1.0,0.0,1.1765637648337968,194617344.0,37683200.0,105.77000000000001,0.5,0.39,21.0,0.017842753299458475
2025-10-03 17:58:15,0,1.0,0.0,1.1758557490838937,194617344.0,37683200.0,105.83,0.62,0.39,21.0,0.01763705618993239
2025-10-03 17:58:20,0,1.0,0.0,1.1751477333339913,194617344.0,37683200.0,105.83,0.62,0.39,21.0,0.017431336318937708
2025-10-03 17:58:25,0,1.0,0.0,1.1753517133335358,194617344.0,37683200.0,105.91,0.52,0.39,21.0,0.017568124761869967
2025-10-03 17:58:30,0,1.0,0.0,1.1755556933330809,194617344.0,37683200.0,105.91,0.52,0.39,21.0,0.017704897499060582
2025-10-03 17:58:35,0,1.0,0.0,1.176702573583043,194617344.0,37683200.0,105.97,0.79,0.39,21.0,0.01722266293682936
2025-10-03 17:58:40,0,1.0,0.0,1.177849453833005,194617344.0,37683200.0,105.97,0.79,0.39,21.0,0.01674042837459814
2025-10-03 17:58:45,0,1.0,0.0,1.1766667245833557,194617344.0,37683200.0,106.03999999999999,0.67,0.39,21.0,0.017291553588576678
2025-10-03 17:58:50,0,1.0,0.0,1.1754839953337068,194617344.0,37683200.0,106.03999999999999,0.67,0.39,21.0,0.017842678802555217
2025-10-03 17:58:56,0,1.0,0.0,1.1753876650835384,194617344.0,37683200.0,106.12,0.52,0.39,21.0,0.01763580435697056
2025-10-03 17:59:01,0,1.0,0.0,1.1752913348333702,194617344.0,37683200.0,106.12,0.52,0.39,21.0,0.017428934661848607
2025-10-03 17:59:06,0,1.0,0.0,1.1752372490835417,194617344.0,37683200.0,106.2,0.63,0.39,21.0,0.017291355053123476
2025-10-03 17:59:11,0,1.0,0.0,1.1751831633337133,194617344.0,37683200.0,106.2,0.63,0.39,21.0,0.017153772285082046
2025-10-03 17:59:16,0,1.0,0.0,1.1781811525837231,194617344.0,37683200.0,106.28,0.66,0.39,21.0,0.01749824380844621
2025-10-03 17:59:21,0,1.0,0.0,1.1811791418337332,194617344.0,37683200.0,106.28,0.66,0.39,21.0,0.017842716050929085
2025-10-03 17:59:26,0,1.0,0.0,1.1788112985835444,194617344.0,37683200.0,106.34,0.51,0.39,21.0,0.01784269742672271
2025-10-03 17:59:31,0,1.0,0.0,1.1764434553333558,194617344.0,37683200.0,106.34,0.51,0.39,21.0,0.017842678802555217
2025-10-03 17:59:36,0,1.0,0.0,1.1760074421666407,194617344.0,37683200.0,106.41,0.26,0.39,21.0,0.01857883111406179
2025-10-03 17:59:41,0,1.0,0.0,1.1755714289999257,194617344.0,37683200.0,106.41,0.26,0.39,21.0,0.019315087942006714
2025-10-03 17:59:46,0,1.0,0.0,1.1758227143332076,194617344.0,37683200.0,106.48,0.51,0.39,21.0,0.018645157519434217
2025-10-03 17:59:51,0,1.0,0.0,1.17607399966649,194617344.0,37683200.0,106.48,0.51,0.39,21.0,0.01797550672855378
2025-10-03 17:59:56,0,1.0,0.0,1.1766324682498635,194617344.0,37683200.0,106.55,0.33,0.39,21.0,0.017840220753685142
2025-10-03 18:00:01,0,1.0,0.0,1.177190936833237,194617344.0,37683200.0,106.55,0.33,0.39,21.0,0.017704897499060582
2025-10-03 18:00:07,0,1.0,0.0,1.1765164361663665,194617344.0,37683200.0,106.62,0.55,0.39,21.0,0.01722503622477315
2025-10-03 18:00:12,0,1.0,0.0,1.175841935499496,194617344.0,37683200.0,106.62,0.55,0.39,21.0,0.016745042682213794
2025-10-03 18:00:17,0,1.0,0.0,1.1766515232496506,194617344.0,37683200.0,106.69,0.51,0.39,21.0,0.01660607908193627
2025-10-03 18:00:22,0,1.0,0.0,1.1774611109998054,194617344.0,37683200.0,106.69,0.51,0.39,21.0,0.016467134630883132
2025-10-03 18:00:27,0,1.0,0.0,1.4109897278001882,194617344.0,37683200.0,106.75,0.03,0.39,21.0,0.01823682881231481
2025-10-03 18:00:32,0,1.0,0.0,1.410989727800188,194617344.0,37683200.0,106.75,0.03,0.39,21.0,0.018236828812314806
2025-10-03 18:00:37,0,1.0,0.0,1.1767877954995734,194617344.0,37683200.0,106.82000000000001,0.02,0.39,21.0,0.017426933786418304
2025-10-03 18:00:42,0,1.0,0.0,1.1767877954995736,194617344.0,37683200.0,106.82000000000001,0.02,0.39,21.0,0.017426933786418304
2025-10-03 18:00:47,0,1.0,0.0,1.1765360276664674,194617344.0,37683200.0,106.89,0.02,0.39,21.0,0.016604518901132858
2025-10-03 18:00:52,0,1.0,0.0,1.1765360276664674,194617344.0,37683200.0,106.89,0.02,0.39,21.0,0.016604518901132855
2025-10-03 18:00:57,0,1.0,0.0,1.1779195979997894,194617344.0,37683200.0,106.96000000000001,0.02,0.39,21.0,0.017842716050929085
2025-10-03 18:01:02,0,1.0,0.0,1.1779195979997894,194617344.0,37683200.0,106.96000000000001,0.02,0.39,21.0,0.017842716050929085
2025-10-03 18:01:07,0,1.0,0.0,1.1763346606664222,194617344.0,37683200.0,107.03999999999999,0.02,0.39,21.0,0.017288738420949367
2025-10-03 18:01:13,0,1.0,0.0,1.1763346606664222,194617344.0,37683200.0,107.03999999999999,0.02,0.39,21.0,0.017288738420949367
2025-10-03 18:01:18,0,1.0,0.0,1.176265466167024,194617344.0,37683200.0,107.12,0.02,0.39,21.0,0.01770445398219743
2025-10-03 18:01:23,0,1.0,0.0,1.176265466167024,194617344.0,37683200.0,107.12,0.02,0.39,21.0,0.017704453982197433
2025-10-03 18:01:28,0,1.0,0.0,1.1764634518337211,194617344.0,37683200.0,107.19999999999999,0.02,0.39,21.0,0.017702495381821597
2025-10-03 18:01:33,0,1.0,0.0,1.1764634518337214,194617344.0,37683200.0,107.19999999999999,0.02,0.39,21.0,0.017702495381821597
2025-10-03 18:01:38,0,1.0,0.0,1.1773333891666575,194617344.0,37683200.0,107.25999999999999,0.02,0.39,21.0,0.019036306551545618
2025-10-03 18:01:43,0,1.0,0.0,1.1773333891666575,194617344.0,37683200.0,107.25999999999999,0.02,0.39,21.0,0.019036306551545618
2025-10-03 18:01:48,0,1.0,0.0,1.174895875500018,194617344.0,37683200.0,107.33,0.02,0.39,21.0,0.017288738420949367
2025-10-03 18:01:53,0,1.0,0.0,1.174895875500018,194617344.0,37683200.0,107.33,0.02,0.39,21.0,0.017288738420949367
2025-10-03 18:01:58,0,1.0,0.0,1.1754676516666223,194617344.0,37683200.0,107.4,0.02,0.39,21.0,0.017293936369672244
2025-10-03 18:02:03,0,1.0,0.0,1.1754676516666223,194617344.0,37683200.0,107.4,0.02,0.39,21.0,0.017293936369672247
2025-10-03 18:02:08,0,1.0,0.0,1.1759856676671916,194617344.0,37683200.0,107.47,0.03,0.39,21.0,0.017842716050929085
2025-10-03 18:02:13,0,1.0,0.0,1.1759856676671914,194617344.0,37683200.0,107.47,0.03,0.39,21.0,0.017842716050929085
2025-10-03 18:02:19,0,1.0,0.0,1.1765624438330633,194617344.0,37683200.0,107.53,0.02,0.39,21.0,0.017977983076107422
2025-10-03 18:02:24,0,1.0,0.0,1.1765624438330633,194617344.0,37683200.0,107.53,0.02,0.39,21.0,0.017977983076107422
2025-10-03 18:02:29,0,1.0,0.0,1.1785875333331812,194617344.0,37683200.0,107.61,0.02,0.39,21.0,0.017702458431262866
2025-10-03 18:02:34,0,1.0,0.0,1.1785875333331812,194617344.0,37683200.0,107.61,0.02,0.39,21.0,0.017702458431262863
2025-10-03 18:02:39,0,1.0,0.0,1.1762369398335675,194617344.0,37683200.0,107.67999999999999,0.02,0.39,21.0,0.017146684807331947
2025-10-03 18:02:57,1,1.0,0.0,1.1787403871664233,194617344.0,37683200.0,107.79,0.01,0.41,21.0,0.019947741009116105
2025-10-03 18:03:02,1,1.0,0.0,1.1787403871664235,194617344.0,37683200.0,107.79,0.01,0.41,21.0,0.019947741009116105
2025-10-03 18:03:07,1,1.0,0.0,1.1767511648328461,194617344.0,37683200.0,107.82000000000001,73.9,0.56,21.0,0.01935205075372793
2025-10-03 18:03:12,1,1.0,0.0,1.1767511648328461,194617344.0,37683200.0,107.82000000000001,73.9,0.56,21.0,0.01935205075372793
2025-10-03 18:03:17,1,1.0,0.0,1.1743310325003524,194617344.0,37683200.0,107.86,91.45,0.56,21.0,0.017706893599963254
2025-10-03 18:03:22,1,1.0,0.0,1.1743310325003524,194617344.0,37683200.0,107.86,91.45,0.56,21.0,0.01770689359996325
2025-10-03 18:03:28,1,1.0,0.0,1.1789881920000576,194617344.0,37683200.0,107.9,90.37,0.56,21.0,0.017704897499060582
2025-10-03 18:03:33,1,1.0,0.0,1.1789881920000578,194617344.0,37683200.0,107.9,90.37,0.56,21.0,0.01770489749906058
2025-10-03 18:03:38,1,1.0,0.0,1.175784412333087,194617344.0,37683200.0,107.92999999999999,93.27,0.56,21.0,0.017013682331945272
2025-10-03 18:03:43,1,1.0,0.0,1.175784412333087,194617344.0,37683200.0,107.92999999999999,93.27,0.56,21.0,0.01701368233194527
2025-10-03 18:03:48,1,1.0,0.0,1.1760598260001036,194617344.0,37683200.0,107.97,94.33,0.56,21.0,0.01784234357418862
2025-10-03 18:03:53,1,1.0,0.0,1.1760598260001036,194617344.0,37683200.0,107.97,94.33,0.56,21.0,0.01784234357418862
2025-10-03 18:03:58,0,1.0,0.0,1.1751155675004459,194617344.0,37683200.0,108.03,91.98,0.39,21.0,0.017151409141573745
2025-10-03 18:04:03,0,1.0,0.0,1.1751155675004459,194617344.0,37683200.0,108.03,91.98,0.39,21.0,0.017151409141573745
2025-10-03 18:04:08,0,1.0,0.0,1.411789477199636,194617344.0,37683200.0,108.09,0.02,0.39,21.0,0.021694583384323764
2025-10-03 18:04:13,0,1.0,0.0,1.4117894771996362,194617344.0,37683200.0,108.09,0.02,0.39,21.0,0.021694583384323764
2025-10-03 18:04:18,0,1.0,0.0,1.1758827486664813,194617344.0,37683200.0,108.16,0.02,0.39,21.0,0.01756473277184633
2025-10-03 18:04:24,0,1.0,0.0,1.1758827486664813,194617344.0,37683200.0,108.16,0.02,0.39,21.0,0.017564732771846333
2025-10-03 18:04:29,0,1.0,0.0,1.175967902499906,194617344.0,37683200.0,108.22999999999999,0.02,0.39,21.0,0.01797802060177213
2025-10-03 18:04:34,0,1.0,0.0,1.175967902499906,194617344.0,37683200.0,108.22999999999999,0.02,0.39,21.0,0.01797802060177213
2025-10-03 18:04:39,0,1.0,0.0,1.1752389811663306,194617344.0,37683200.0,108.3,0.02,0.39,21.0,0.017015600242990536
2025-10-03 18:04:44,0,1.0,0.0,1.1752389811663306,194617344.0,37683200.0,108.3,0.02,0.39,21.0,0.017015600242990536
2025-10-03 18:04:49,0,1.0,0.0,1.177343046834115,194617344.0,37683200.0,108.38000000000001,0.02,0.39,21.0,0.017842716050929085
2025-10-03 18:04:54,0,1.0,0.0,1.176160287583419,194617344.0,37683200.0,108.45,0.02,0.39,21.0,0.017566914496201142
2025-10-03 18:04:59,0,1.0,0.0,1.174977528332723,194617344.0,37683200.0,108.45,0.02,0.39,21.0,0.017291120426192824
2025-10-03 18:05:04,0,1.0,0.0,1.1756284547494338,194617344.0,37683200.0,108.52,0.02,0.39,21.0,0.01756689616012492
2025-10-03 18:05:09,0,1.0,0.0,1.1762793811661443,194617344.0,37683200.0,108.52,0.02,0.39,21.0,0.017842678802555217
2025-10-03 18:05:14,0,1.0,0.0,1.1765840388334254,194617344.0,37683200.0,108.58,0.02,0.39,21.0,0.017842678802555217
2025-10-03 18:05:19,0,1.0,0.0,1.1768886965007064,194617344.0,37683200.0,108.58,0.02,0.39,21.0,0.017842678802555214
2025-10-03 18:05:24,0,1.0,0.0,1.1760270912500346,194617344.0,37683200.0,108.67,0.03,0.39,21.0,0.01756713453210151
2025-10-03 18:05:29,0,1.0,0.0,1.1751654859993628,194617344.0,37683200.0,108.67,0.03,0.39,21.0,0.017291589686421624
2025-10-03 18:05:35,0,1.0,0.0,1.1760848624999196,194617344.0,37683200.0,108.74,0.02,0.39,21.0,0.01722386747851975
2025-10-03 18:05:40,0,1.0,0.0,1.177004239000477,194617344.0,37683200.0,108.74,0.02,0.39,21.0,0.017156136079874058
2025-10-03 18:05:45,0,1.0,0.0,1.1768498107503547,194617344.0,37683200.0,108.81,0.02,0.39,21.0,0.017429334892071314
2025-10-03 18:05:50,0,1.0,0.0,1.1766953825002322,194617344.0,37683200.0,108.81,0.02,0.39,21.0,0.017702458431262863
2025-10-03 18:05:55,0,1.0,0.0,1.1768235670836777,194617344.0,37683200.0,108.88,0.02,0.39,21.0,0.01770493445980222
2025-10-03 18:06:00,0,1.0,0.0,1.1769517516671233,194617344.0,37683200.0,108.88,0.02,0.39,21.0,0.017707411181078686
2025-10-03 18:06:05,0,1.0,0.0,1.1759927125000709,194617344.0,37683200.0,108.96,0.02,0.39,21.0,0.018027666779404823
2025-10-03 18:06:10,0,1.0,0.0,1.1750336733330187,194617344.0,37683200.0,108.96,0.02,0.39,21.0,0.01834787691536888
2025-10-03 18:06:15,0,1.0,0.0,1.1760125300003588,194617344.0,37683200.0,109.03,0.02,0.39,21.0,0.01809282277675152
2025-10-03 18:06:20,0,1.0,0.0,1.176991386667699,194617344.0,37683200.0,109.03,0.02,0.39,21.0,0.017837837837837836
2025-10-03 18:06:25,0,1.0,0.0,1.1766640403335866,194617344.0,37683200.0,109.09,0.02,0.39,21.0,0.017703714836802685
2025-10-03 18:06:30,0,1.0,0.0,1.1763366939994742,194617344.0,37683200.0,109.09,0.02,0.39,21.0,0.017569536949268615
2025-10-03 18:06:35,0,1.0,0.0,1.177104425333103,194617344.0,37683200.0,109.16,0.49,0.39,21.0,0.01722503622477315
2025-10-03 18:06:41,0,1.0,0.0,1.1778721566667323,194617344.0,37683200.0,109.16,0.49,0.39,21.0,0.01688053550027769
2025-10-03 18:06:46,0,1.0,0.0,1.1773024332502853,194617344.0,37683200.0,109.24000000000001,0.5,0.39,21.0,0.01722266293682936
2025-10-03 18:06:51,0,1.0,0.0,1.176732709833838,194617344.0,37683200.0,109.24000000000001,0.5,0.39,21.0,0.017564696108840584
2025-10-03 18:06:56,0,1.0,0.0,1.176914288666315,194617344.0,37683200.0,109.31,0.56,0.39,21.0,0.01735785335369131
2025-10-03 18:07:01,0,1.0,0.0,1.1770958674987924,194617344.0,37683200.0,109.31,0.56,0.39,21.0,0.017151015347622714
2025-10-03 18:07:06,0,1.0,0.0,1.1766184424165356,194617344.0,37683200.0,109.37,0.52,0.39,21.0,0.0173602630342884
2025-10-03 18:07:11,0,1.0,0.0,1.1761410173342786,194617344.0,37683200.0,109.37,0.52,0.39,21.0,0.01756957363248586
2025-10-03 18:07:16,0,1.0,0.0,1.1751562795834616,194617344.0,37683200.0,109.41,0.29,0.39,21.0,0.017568344828090145
2025-10-03 18:07:21,0,1.0,0.0,1.1741715418326446,194617344.0,37683200.0,109.41,0.29,0.39,21.0,0.017567116195565946
2025-10-03 18:07:26,0,1.0,0.0,1.1736641115833966,194617344.0,37683200.0,109.48,0.33,0.39,21.0,0.017495814947629442
2025-10-03 18:07:31,0,1.0,0.0,1.1731566813341487,194617344.0,37683200.0,109.48,0.33,0.39,21.0,0.017424533342237952
2025-10-03 18:07:36,0,1.0,0.0,1.17460584441748,194617344.0,37683200.0,109.54,0.48,0.39,21.0,0.017565906068848332
2025-10-03 18:07:41,0,1.0,0.0,1.1760550075008116,194617344.0,37683200.0,109.54,0.48,0.39,21.0,0.017707337239066798
2025-10-03 18:07:46,0,1.0,0.0,1.1759079370834418,194617344.0,37683200.0,109.61999999999999,0.58,0.39,21.0,0.017568326489027883
2025-10-03 18:07:51,0,1.0,0.0,1.1757608666660722,194617344.0,37683200.0,109.61999999999999,0.58,0.39,21.0,0.01742933489207131
2025-10-03 18:07:57,0,1.0,0.0,1.1760707044165126,194617344.0,37683200.0,109.69999999999999,0.53,0.39,21.0,0.017222447215808744
